Tag,ti|18|gi|36,ti|18|gi|30,ti|18|gi|154,ti|18|gi|187,ti|18|gi|68,ti|18|gi|1,ti|18|gi|176,ti|18|gi|55,ti|18|gi|198,ti|18|gi|26,ti|18|gi|135,ti|18|gi|145,ti|18|gi|69,ti|18|gi|157,ti|18|gi|56,ti|18|gi|11,ti|18|gi|22,ti|18|gi|25,ti|18|gi|29,ti|18|gi|98,ti|18|gi|164,ti|18|gi|77,ti|18|gi|200,ti|18|gi|44,ti|18|gi|155,ti|18|gi|130,ti|18|gi|53,ti|18|gi|171,ti|18|gi|38,ti|18|gi|180,ti|18|gi|94,ti|18|gi|85,ti|18|gi|67,ti|18|gi|118,ti|18|gi|179,ti|18|gi|182,ti|18|gi|33,ti|18|gi|70,ti|18|gi|3,ti|18|gi|106,ti|18|gi|195,ti|18|gi|18,ti|18|gi|199,ti|18|gi|128,ti|18|gi|14,ti|18|gi|97,ti|18|gi|43,ti|18|gi|28,total,skipped
SRS147919,0,0,0,0,0,0,0,0,0,0,0,0,0,0,0,0,0,0,0,0,0,0,0,0,0,0,0,0,0,0,0,0,0,0,0,0,0,0,0,0,0,0,0,0,0,0,0,0,0,5
SRS023829,544,495,677,465,296,794,380,294,1545,402,926,489,406,295,1025,328,375,637,483,690,343,459,741,361,619,182,406,105,1127,598,725,594,234,1602,804,624,244,1433,476,1161,332,128,1045,153,699,589,384,874,28588,2414
SRS143070,0,0,0,0,0,0,0,0,0,0,0,0,0,0,0,0,0,0,0,0,0,0,0,0,0,0,0,0,0,0,0,0,0,0,0,0,0,0,0,0,0,0,0,0,0,0,0,0,0,0
SRS1041157,0,0,0,0,0,0,0,0,0,0,0,0,0,0,0,0,0,0,0,0,0,0,0,0,0,0,0,0,0,0,0,0,0,0,0,0,0,1,0,0,0,0,0,0,0,0,0,0,1,4
SRS054659,0,0,0,0,0,0,0,0,0,0,0,0,0,0,0,0,0,0,0,0,0,0,0,0,0,0,0,0,0,0,0,0,0,0,0,0,0,0,0,0,0,0,0,0,0,0,0,0,0,0
SRS893358,0,4,0,0,1,5,4,0,5,2,2,1,1,1,3,0,1,1,2,3,1,0,1,0,1,0,2,0,4,2,0,0,0,3,0,1,1,3,0,6,1,2,4,0,2,2,0,6,78,8
SRS097889,0,0,0,0,0,0,0,0,0,0,0,0,0,0,0,0,0,0,0,0,0,0,0,0,0,0,0,0,0,0,0,0,0,0,0,0,0,0,0,0,0,0,0,0,0,0,0,0,0,2
SRS018888,45,37,55,52,31,72,23,25,162,43,81,46,46,35,90,33,52,70,34,70,20,32,67,34,50,21,40,6,105,47,73,51,21,115,68,44,23,149,54,100,38,20,80,19,68,52,37,69,2605,133
SRS015388,0,0,0,0,0,0,0,0,0,0,0,0,0,0,0,0,0,0,0,0,0,0,0,0,0,0,0,0,0,0,0,0,0,0,0,0,0,0,0,0,0,0,0,0,0,0,0,0,0,0
SRS063127,42,48,66,39,39,56,27,25,113,28,68,47,36,25,63,16,29,53,41,67,26,29,51,29,39,13,22,7,107,39,54,43,25,136,47,43,18,91,43,82,20,13,74,9,65,41,25,55,2174,76
SRS1041118,0,0,0,0,0,0,0,0,0,0,0,0,0,0,0,0,0,0,0,0,0,0,0,0,0,0,0,0,0,0,0,0,0,0,0,0,0,0,0,0,0,0,0,0,0,0,0,0,0,14
SRS104327,0,0,0,0,0,0,0,0,0,0,0,0,0,0,0,0,0,0,0,0,0,0,0,0,0,0,0,0,0,0,0,0,0,0,0,0,0,0,0,0,0,0,0,0,0,0,0,0,0,2
SRS014412,6,3,7,3,2,4,4,3,15,2,7,1,3,1,6,5,1,1,7,7,4,2,5,5,8,3,2,3,9,1,12,5,1,14,4,7,3,7,5,9,0,0,9,1,2,2,3,3,217,8
SRS148253,0,0,0,0,0,0,0,0,0,0,0,0,0,0,0,0,0,0,0,0,0,0,0,0,0,0,0,0,0,0,0,0,0,0,0,0,0,0,0,0,0,0,0,0,0,0,0,0,0,2
SRS056481,0,0,0,0,0,0,0,0,0,0,0,0,0,0,0,0,0,0,0,0,0,0,0,0,0,0,0,0,0,0,0,0,0,0,0,0,0,0,0,0,0,0,0,0,0,0,0,0,0,0
SRS046369,15,10,13,0,1,0,3,0,22,17,9,2,0,0,0,1,0,0,0,16,0,0,2,0,2,0,0,3,0,0,0,0,0,4,1,1,0,0,0,0,3,0,0,0,0,0,0,0,125,227
SRS024132,175,125,179,142,83,265,109,116,496,143,306,150,116,116,313,109,111,222,148,229,107,147,252,136,197,64,136,45,326,193,209,176,81,517,226,218,62,499,243,346,116,41,364,52,207,145,101,272,9131,558
SRS024663,0,0,0,0,0,0,0,0,0,0,0,0,0,0,0,0,0,0,0,0,0,0,1,0,0,0,0,0,0,0,0,0,0,0,0,1,0,0,0,0,0,0,0,0,0,0,0,2,4,5
SRS053398,0,0,0,0,0,0,0,0,0,0,0,0,0,0,0,0,0,0,0,0,0,0,0,0,0,0,0,0,0,0,0,0,0,0,0,0,0,0,0,0,0,0,0,0,0,0,0,0,0,2
SRS019910,0,0,0,0,0,0,0,0,0,0,0,0,0,0,0,0,0,0,0,0,0,0,0,0,0,0,0,0,0,0,0,0,0,0,0,0,0,0,0,0,0,0,0,0,0,0,0,0,0,7
SRS078665,3,0,4,3,0,1,0,1,3,2,2,0,2,3,2,3,1,3,0,2,6,4,3,0,3,0,2,0,4,3,3,1,0,3,0,1,0,4,1,3,2,0,1,0,1,1,1,1,83,13
SRS015854,43,28,55,43,17,53,24,24,91,25,64,36,29,31,64,21,24,39,31,54,21,29,63,21,56,13,38,9,76,48,66,42,20,111,45,49,26,116,62,73,19,17,76,11,54,40,35,63,2095,183
SRS050520,4,4,4,5,0,5,3,6,12,1,14,5,1,0,7,3,1,5,4,6,3,3,9,4,7,0,2,1,9,6,6,3,1,12,4,2,3,14,2,15,3,1,8,0,9,2,3,7,229,21
SRS147272,96,72,124,77,41,131,42,56,260,68,116,79,62,36,147,40,60,90,67,117,41,64,123,51,88,29,66,19,185,79,118,87,37,273,79,94,35,266,110,178,62,33,153,31,114,74,66,137,4473,243
SRS045645,1,1,2,0,1,1,0,1,3,0,0,0,2,0,7,1,2,1,2,0,0,0,1,1,0,1,0,0,2,0,0,0,0,6,1,1,1,8,1,1,0,0,1,0,3,1,1,1,56,9
SRS1041116,0,0,0,0,0,0,0,0,0,0,0,0,0,0,1,0,0,0,0,0,0,0,0,0,0,0,0,0,0,0,0,0,0,0,0,0,0,0,0,0,0,0,0,0,0,0,0,0,1,0
SRS020394,0,0,0,0,0,0,0,0,0,0,0,0,0,0,0,0,0,0,0,0,0,0,0,0,0,0,0,0,0,0,0,0,0,0,0,0,0,0,0,0,0,0,0,0,0,0,0,0,0,2
SRS016629,0,0,3,1,0,1,0,0,3,0,0,0,0,0,2,0,0,0,1,1,0,0,0,0,1,0,0,0,1,1,3,0,0,1,0,0,0,2,2,0,1,0,1,0,0,0,0,1,26,1
SRS893341,0,0,0,0,0,0,0,0,0,0,0,0,0,0,0,0,0,0,0,0,0,0,0,0,0,0,0,0,0,0,0,0,0,0,0,0,0,0,0,0,0,0,0,0,0,0,0,0,0,2
SRS062654,5,6,7,17,4,6,7,2,13,5,9,4,4,8,12,4,3,2,5,9,1,7,7,2,4,3,2,1,8,9,14,5,0,15,13,7,3,16,6,15,3,3,9,1,9,8,6,15,324,16
SRS097958,0,2,2,3,0,0,0,1,1,0,0,1,0,0,0,0,7,0,0,3,0,5,0,0,0,0,0,0,0,0,0,0,0,0,0,0,0,0,0,0,1,0,0,0,0,0,0,0,26,62
SRS077589,32,34,47,24,14,51,30,24,112,33,55,28,30,20,74,27,21,42,37,45,19,35,43,23,38,17,36,7,95,44,60,38,21,123,61,7,25,87,48,67,18,8,57,12,42,48,33,59,1951,224
SRS015816,0,0,0,0,0,0,0,0,0,1,0,0,0,0,0,0,0,0,0,0,0,0,0,0,0,0,0,0,0,1,0,0,0,0,0,0,0,2,0,0,0,0,0,0,0,0,0,0,4,1
SRS1041090,1,1,1,3,0,2,0,0,5,0,3,2,1,1,4,0,1,0,1,1,1,0,2,2,3,1,1,1,3,1,2,1,0,3,3,0,0,2,1,1,0,0,5,0,1,1,0,1,63,5
SRS077502,0,0,0,0,0,0,0,0,0,0,0,0,0,0,0,0,0,0,0,0,0,0,0,0,0,0,0,0,0,0,0,0,0,0,0,0,0,0,0,0,0,0,0,0,0,0,0,0,0,4
SRS1054691,0,0,0,0,0,0,0,0,0,0,0,0,0,0,0,0,0,0,0,0,0,0,0,0,0,0,0,0,0,0,0,0,0,0,0,0,0,0,0,0,0,0,0,0,0,0,0,0,0,1
SRS048654,0,0,0,0,0,0,0,0,0,0,0,0,0,0,1,0,0,0,0,0,0,0,0,0,0,0,0,0,0,0,0,0,0,0,0,0,0,0,0,0,0,0,0,0,0,0,0,0,1,3
SRS055982,12,12,18,20,6,17,11,8,39,10,25,13,9,8,19,5,15,10,8,12,3,6,17,10,24,2,2,4,28,13,16,15,6,34,15,11,7,47,18,26,8,6,36,4,0,13,10,23,681,34
SRS019582,0,0,0,0,0,0,0,0,0,0,0,0,0,0,0,0,0,0,0,0,0,0,0,0,0,0,0,0,0,0,0,0,0,0,0,0,0,0,0,0,0,0,0,0,0,0,0,0,0,3
SRS043001,0,0,0,0,0,0,0,0,0,0,0,0,0,0,0,0,0,0,0,0,0,0,0,0,0,0,0,0,0,0,0,0,0,0,0,0,0,0,0,0,0,0,0,0,0,0,0,0,0,11
SRS021484,0,113,0,112,63,181,106,80,343,95,206,118,87,55,274,90,82,161,148,0,81,95,165,102,149,38,92,31,273,150,137,135,53,359,147,0,48,379,247,280,0,45,216,43,0,162,94,180,6015,264
SRS098748,16,127,8,8,7,12,38,5,246,7,22,43,11,55,15,20,7,44,10,9,4,4,38,2,36,5,10,3,26,12,14,8,4,68,22,17,6,29,17,16,14,4,20,2,24,19,7,10,1151,1874
SRS076804,38,34,38,33,12,49,24,23,108,22,46,37,30,15,68,18,22,40,42,56,19,41,60,13,53,14,10,7,67,33,61,38,15,121,50,31,21,94,27,70,16,12,67,11,40,29,20,50,1845,77
SRS104485,117,126,175,132,68,180,72,78,391,91,202,93,91,65,211,72,85,161,112,149,61,98,149,80,154,47,107,31,242,118,173,119,52,369,161,132,50,363,114,249,77,40,245,52,186,115,114,193,6562,344
SRS076929,48,60,73,57,19,53,36,29,153,41,72,39,44,35,103,33,34,51,52,68,29,57,81,36,45,23,47,12,122,62,84,56,25,160,69,59,27,145,77,116,38,19,103,17,71,46,35,84,2845,172
SRS054352,0,0,0,0,0,0,0,0,0,0,0,0,0,0,0,0,0,0,0,0,0,0,0,0,0,0,0,0,0,1,0,0,0,0,0,0,0,1,0,0,0,0,0,0,0,0,0,0,2,0
SRS893256,0,0,0,0,0,0,0,0,0,0,0,0,0,0,0,0,0,0,0,0,0,0,0,0,0,0,0,0,0,0,0,0,0,0,0,0,0,0,0,0,0,0,0,0,0,0,0,0,0,0
SRS018817,489,378,593,389,214,666,280,295,1205,314,828,415,356,249,805,239,311,503,383,637,277,299,601,315,596,160,357,80,968,486,625,391,220,1341,606,506,202,1298,653,994,268,125,879,139,639,457,366,673,24070,754
SRS077730,188,204,201,181,111,260,129,102,470,146,271,201,144,147,377,114,145,230,170,285,123,154,259,155,236,71,163,47,389,217,307,206,84,586,289,199,90,549,335,400,127,67,393,54,251,182,145,284,10438,407
SRS075398,183,128,219,140,100,236,99,92,445,121,258,77,113,106,306,102,95,214,139,260,86,127,212,143,188,47,139,40,326,177,229,159,67,511,224,189,62,454,210,354,112,39,302,67,225,166,103,278,8669,601
SRS147271,0,0,0,0,0,0,0,0,0,0,0,0,0,0,0,0,0,0,0,0,0,0,0,0,0,0,0,0,0,0,0,0,0,0,0,0,0,0,0,0,0,0,0,0,0,0,0,0,0,0
SRS015133,55,48,62,41,27,66,31,23,137,33,77,43,32,32,84,30,33,64,31,55,29,42,71,32,62,11,44,11,100,50,64,53,20,147,58,54,21,141,29,110,27,15,100,9,71,52,30,75,2532,140
SRS050299,67,71,74,42,29,63,31,33,177,47,91,49,36,35,86,35,28,38,42,90,40,40,79,29,67,31,32,4,118,68,82,58,19,151,73,49,20,129,70,88,26,21,89,13,62,42,29,77,2770,87
SRS023346,85,92,142,94,42,162,53,50,317,64,158,105,78,58,184,59,61,103,85,133,48,100,128,74,136,42,77,20,209,128,160,94,53,286,121,105,30,288,95,225,52,44,223,30,158,94,65,161,5371,440
SRS144603,0,0,0,0,0,0,0,0,0,0,0,0,0,0,0,0,0,0,0,0,0,0,0,0,0,0,0,0,0,0,0,0,0,0,0,0,0,0,0,0,0,0,0,0,0,0,0,0,0,0
SRS077086,18,18,22,18,9,38,16,12,61,11,37,12,17,11,24,7,15,17,12,28,3,17,29,19,26,9,18,3,38,22,29,12,10,50,32,18,10,52,29,43,15,3,37,4,24,17,17,32,1021,68
SRS1041142,0,0,0,0,0,0,0,0,0,0,0,0,0,0,0,0,0,0,0,0,0,0,0,0,0,0,0,0,0,0,0,0,0,0,0,0,0,0,0,0,0,0,0,0,0,0,0,0,0,0
SRS049959,0,0,0,0,0,0,0,0,0,0,0,0,0,0,0,0,0,0,0,0,0,0,0,0,0,0,0,0,0,0,0,0,0,0,0,0,0,0,0,0,0,0,0,0,0,0,0,0,0,0
SRS024009,0,0,0,0,0,0,0,0,0,0,0,0,0,0,0,0,0,0,0,0,0,0,0,0,0,0,0,0,0,0,0,0,0,0,0,0,0,0,0,0,0,0,0,0,0,0,0,0,0,3
SRS144506,132,117,158,85,54,179,92,94,335,93,190,132,97,80,254,88,85,166,118,176,57,87,173,84,132,49,100,24,244,144,150,140,57,390,181,149,44,323,116,212,91,38,250,28,151,131,90,195,6555,173
SRS011405,0,0,0,0,0,0,0,0,0,0,0,0,0,0,0,0,0,0,0,0,0,0,0,0,0,0,0,0,0,0,0,0,0,0,0,0,0,0,0,0,0,0,0,0,0,0,0,0,0,1
SRS015486,0,0,0,0,0,0,0,0,0,0,0,0,0,0,0,0,0,1,0,0,0,0,0,0,0,0,0,0,1,0,0,0,0,0,0,0,0,0,0,0,0,0,0,0,0,0,0,0,2,0
SRS098073,0,0,0,1,0,0,1,0,1,0,0,0,1,0,0,0,2,1,2,1,0,2,1,0,1,0,0,0,1,1,1,1,1,1,0,2,0,2,0,0,0,0,0,0,1,0,1,2,28,6
SRS075984,0,0,0,0,0,0,0,0,0,0,0,0,0,0,0,0,0,0,0,0,0,0,0,0,0,0,0,0,0,0,0,0,0,0,0,0,0,0,0,0,0,0,0,0,0,0,0,0,0,5
SRS024331,0,0,0,0,0,0,0,0,0,0,0,0,0,0,0,0,0,0,0,0,0,0,0,0,0,0,0,0,0,0,0,0,0,0,0,0,0,0,0,0,0,0,0,0,0,0,0,0,0,13
SRS1055038,0,0,0,0,0,0,0,0,0,0,0,0,0,0,0,0,0,0,0,0,0,0,0,0,0,0,0,0,0,0,0,0,0,0,0,0,0,0,0,0,0,0,0,0,0,0,0,0,0,0
SRS077849,0,0,0,0,0,0,0,0,0,0,0,0,0,0,1,0,0,0,0,0,0,0,0,2,0,0,0,0,0,0,0,0,0,0,0,0,0,0,0,0,0,0,1,0,0,0,0,0,4,6
SRS013800,0,0,0,0,0,0,0,0,0,0,0,0,0,0,0,0,0,0,0,0,0,0,0,0,0,0,0,0,0,0,0,0,0,0,0,0,0,0,0,0,0,0,0,0,0,0,0,0,0,2
SRS1054716,0,0,0,0,0,0,0,0,0,0,0,0,0,0,0,0,0,0,0,0,0,0,0,0,0,0,0,0,0,0,0,0,0,0,0,0,0,0,0,0,0,0,0,0,0,0,0,0,0,4
SRS105082,0,0,0,0,0,0,0,0,0,0,0,0,0,0,0,0,0,0,0,0,0,0,0,0,0,0,0,0,0,0,0,0,0,0,0,0,0,0,0,0,0,0,0,0,0,0,0,0,0,3
SRS063040,79,69,91,64,36,133,57,37,246,73,149,98,67,51,136,51,60,105,66,97,37,71,107,49,97,24,51,19,180,108,123,78,42,267,132,104,43,281,128,206,41,33,190,30,100,86,76,120,4588,660
SRS147614,0,0,0,0,0,0,0,0,0,0,1,0,0,0,0,0,0,0,0,0,0,0,0,0,0,0,0,0,0,0,0,0,0,0,1,0,0,0,1,0,0,0,0,0,0,0,0,0,3,3
SRS1041139,0,0,0,0,0,0,0,0,0,0,0,0,0,0,0,0,0,0,0,0,0,0,0,0,0,0,0,0,0,0,0,0,0,0,0,0,0,0,0,0,0,0,0,0,0,0,1,0,1,2
SRS1041124,8,11,10,14,2,14,8,7,31,12,14,8,6,7,15,1,5,11,2,12,5,5,12,11,13,3,9,0,13,9,8,12,5,32,4,8,2,36,12,16,7,7,15,1,11,10,6,22,492,28
SRS024492,0,0,0,0,0,0,0,0,0,0,0,0,0,0,0,0,0,0,0,0,0,0,0,0,0,0,0,0,0,0,0,0,0,0,0,0,0,0,0,0,0,0,0,0,0,0,0,0,0,6
SRS013940,19,8,18,10,9,22,13,4,47,13,22,16,6,10,37,9,8,24,7,32,12,7,15,7,11,5,8,1,30,15,21,14,6,34,22,13,6,39,13,23,7,6,29,5,15,16,12,25,751,31
SRS046712,229,168,248,187,88,245,124,107,526,174,312,154,134,110,317,114,121,242,147,284,103,158,261,119,274,68,140,53,367,203,254,184,112,576,242,221,84,530,270,367,139,31,365,62,268,183,111,271,10047,338
SRS148970,14,5,14,10,3,13,8,5,46,11,15,7,8,7,27,13,5,8,5,21,8,12,9,10,11,3,7,4,24,13,14,14,5,29,20,14,6,42,23,28,5,4,40,4,12,14,9,21,650,16
SRS1041092,0,1,0,0,0,1,0,0,1,1,2,3,0,0,1,0,0,1,0,1,0,1,0,0,1,0,0,0,1,0,2,0,0,6,0,0,0,1,0,2,0,0,1,0,1,0,0,1,29,5
SRS023583,22,21,33,15,13,43,16,15,69,13,36,18,25,19,50,11,24,45,28,42,12,23,34,27,28,10,16,6,62,19,31,22,11,87,31,24,9,85,44,53,18,6,47,14,33,26,14,33,1383,89
SRS146888,0,0,0,0,0,0,0,0,0,0,0,0,0,0,0,0,0,0,0,0,0,0,0,0,0,0,0,0,0,0,0,0,0,0,0,0,0,0,0,0,0,0,0,0,0,0,0,0,0,0
SRS053649,0,0,0,0,0,1,0,0,0,0,0,0,0,0,1,0,0,1,0,0,0,0,0,0,0,0,0,0,0,1,0,0,0,1,0,0,0,0,0,0,0,0,0,0,0,0,0,0,5,3
SRS048164,11,10,11,5,6,13,7,2,24,7,19,10,7,4,17,3,9,10,10,13,6,4,13,4,12,5,9,3,22,7,10,6,6,24,12,14,5,29,15,17,4,2,14,3,18,10,11,14,497,17
SRS143598,73,68,94,72,30,97,46,37,175,36,106,59,52,39,139,33,43,77,44,85,35,54,0,47,90,13,51,16,129,64,110,60,30,202,76,74,41,163,109,135,35,39,144,16,94,63,56,84,3435,266
SRS097920,39,37,50,32,27,72,27,31,87,35,71,36,27,25,91,26,30,53,23,47,22,37,41,32,46,4,26,8,67,40,57,33,12,116,60,49,24,102,69,68,36,6,69,10,49,44,16,60,2069,219
SRS042966,0,0,0,0,0,0,0,0,0,0,0,0,0,0,0,0,0,0,0,0,0,0,0,0,0,0,0,0,0,0,0,0,0,0,0,0,0,0,0,0,0,0,0,0,0,0,0,0,0,7
SRS098655,487,335,457,322,156,603,276,267,1039,301,693,340,228,213,839,248,244,466,344,595,236,322,469,259,478,126,331,78,828,428,522,372,182,1191,584,504,193,1058,549,848,313,92,722,133,539,392,306,592,21100,2168
SRS023971,46,46,79,62,32,110,48,32,209,56,135,53,50,37,117,47,44,78,68,85,32,56,112,54,66,19,35,14,156,72,98,52,34,187,106,82,30,189,113,131,24,12,157,14,79,64,46,88,3556,146
SRS100021,0,0,1,0,0,0,0,0,1,0,0,0,0,0,0,0,0,0,0,0,0,0,0,0,0,0,0,0,0,1,0,0,0,0,0,0,0,0,0,0,0,0,0,0,0,0,1,0,4,1
SRS1041164,0,0,0,0,0,0,0,0,0,0,0,0,0,0,0,0,0,0,0,0,0,0,0,0,0,0,0,0,0,0,0,0,0,0,0,0,0,0,0,0,0,0,0,0,0,0,0,0,0,10
SRS1041130,5,3,0,2,1,2,1,1,4,4,5,1,1,0,4,1,1,2,4,2,2,2,1,0,0,0,3,0,7,3,1,1,1,10,4,6,1,6,0,6,1,0,4,0,3,5,2,6,119,7
SRS048870,0,0,0,0,0,0,0,0,0,0,0,0,0,0,0,0,0,0,0,0,0,0,0,0,0,0,0,0,0,0,0,0,0,0,0,0,0,0,0,0,0,0,0,0,0,0,0,0,0,0
SRS143722,0,0,0,0,0,0,0,0,0,0,0,0,0,0,0,0,0,0,0,0,0,0,0,0,0,0,0,0,0,0,0,0,0,0,0,0,0,0,0,0,0,0,0,0,0,0,0,0,0,5
SRS104400,0,0,0,0,0,0,0,0,0,0,0,0,0,0,0,0,0,0,0,0,0,0,0,0,0,0,0,0,0,0,0,0,0,0,0,0,0,0,0,0,0,0,0,0,0,0,0,0,0,12
SRS893231,0,0,0,0,0,0,0,0,0,0,0,0,0,0,0,0,0,0,0,0,0,0,0,0,0,0,0,0,0,0,0,0,0,0,0,0,0,0,0,0,0,0,0,0,0,0,0,0,0,0
SRS893327,0,0,0,0,0,0,0,0,0,0,0,0,0,0,0,0,0,0,0,0,0,0,0,0,0,0,0,0,0,0,0,0,0,0,0,0,0,0,0,0,0,0,0,0,0,0,0,0,0,16
SRS013476,41,17,46,32,18,45,22,23,78,30,56,41,28,24,61,17,25,43,30,65,28,26,41,30,58,12,22,8,78,37,45,31,20,98,53,37,17,101,62,62,19,15,59,8,39,43,29,53,1873,113
SRS046810,0,0,0,0,0,0,0,0,0,0,0,0,0,0,0,0,0,0,0,0,0,0,0,0,0,0,0,0,0,0,0,0,0,0,0,0,0,0,0,0,0,0,0,0,0,0,0,0,0,1
SRS045004,0,0,5,1,0,4,1,0,8,0,0,1,4,1,3,1,1,0,2,1,3,2,0,2,4,1,4,2,3,1,1,3,0,6,5,3,1,6,4,4,0,0,2,0,8,1,1,2,102,26
SRS144362,583,598,802,611,303,912,454,367,2052,449,1106,572,507,393,1097,329,367,790,571,879,317,575,822,450,756,184,507,129,1419,777,927,673,328,2103,869,796,285,2029,998,1471,362,100,1241,203,928,615,527,970,35103,2835
SRS015794,0,0,0,0,0,0,0,0,0,0,0,0,0,0,0,0,0,0,0,0,0,0,0,0,0,0,0,0,0,0,0,0,0,0,0,0,0,0,0,0,0,0,0,0,0,0,0,0,0,2
SRS054869,0,0,0,0,0,0,0,0,0,0,0,0,0,0,0,0,0,0,0,0,0,0,0,0,0,0,0,0,0,0,0,0,0,0,0,0,0,0,0,0,0,0,0,0,0,0,0,0,0,1
SRS1054929,0,1,1,2,0,0,1,1,1,1,2,0,1,0,2,0,0,1,0,3,0,0,0,1,0,0,0,0,2,1,0,0,0,3,0,0,0,0,2,0,0,0,0,0,2,1,0,4,33,3
SRS077641,0,1,0,1,1,0,0,0,0,0,0,0,0,0,0,0,0,0,0,0,0,0,0,0,0,0,0,0,0,0,1,0,0,2,0,1,0,1,0,1,0,0,1,0,0,0,0,1,11,0
SRS014287,0,0,0,0,0,0,0,0,0,0,0,0,0,0,0,0,0,0,0,0,0,0,0,0,0,0,0,0,0,0,0,0,0,0,0,0,0,0,0,0,0,0,0,0,0,0,0,0,0,1
SRS077533,0,0,0,0,0,0,0,0,0,0,0,0,0,0,0,0,0,0,0,0,0,0,0,0,0,0,0,0,0,0,0,0,0,0,0,0,0,0,0,0,0,0,0,0,0,0,0,0,0,2
SRS022609,0,0,0,2,0,1,1,0,1,0,2,0,2,0,0,0,0,0,0,0,0,0,1,0,1,0,0,0,0,3,0,1,1,2,0,1,1,2,0,1,0,0,4,0,0,2,2,2,33,6
SRS015694,25,14,13,13,11,11,14,4,36,15,22,21,9,11,31,10,13,10,16,20,9,8,29,6,21,9,13,3,27,11,22,12,4,47,18,10,8,30,29,36,8,0,39,8,20,16,13,25,800,43
SRS893279,139,106,192,148,68,216,89,89,409,89,269,116,88,69,236,73,88,180,136,212,88,111,184,97,143,33,107,14,271,131,179,124,81,409,179,163,52,426,117,0,67,46,274,38,191,135,99,198,6969,324
SRS064557,0,0,0,0,0,0,0,0,0,0,0,0,0,0,0,0,0,0,0,0,0,0,0,0,0,0,0,0,0,0,0,0,0,0,0,0,0,0,0,0,0,0,0,0,0,0,0,0,0,13
SRS143991,0,0,0,0,0,0,0,0,0,0,0,0,0,0,0,0,0,0,0,0,0,0,0,0,0,0,0,0,0,0,0,0,0,0,0,0,0,0,0,0,0,0,0,0,0,0,0,1,1,1
SRS024625,0,0,0,0,1,1,0,0,1,0,0,0,0,0,0,0,0,0,0,0,0,0,0,0,0,0,0,0,0,0,0,1,0,1,0,0,0,0,0,0,0,0,0,0,0,0,0,1,6,10
SRS042284,0,0,0,0,0,0,0,0,0,0,0,0,0,0,0,0,0,0,0,0,0,0,0,0,0,0,0,0,0,0,0,0,0,0,0,0,0,0,0,0,0,0,0,0,0,0,0,0,0,7
SRS016132,56,24,46,34,22,62,32,32,110,19,50,25,31,23,68,26,26,41,30,63,30,23,43,26,59,11,34,11,68,46,55,39,12,115,76,62,24,110,56,62,30,8,80,22,48,37,22,52,2081,95
SRS015663,0,0,0,0,0,0,0,0,0,0,0,0,0,0,0,0,0,0,0,0,0,0,0,0,0,0,0,0,0,0,0,0,0,0,0,0,0,1,0,0,0,0,0,0,0,0,0,0,1,0
SRS014923,0,1,2,5,1,1,1,0,2,0,0,1,1,0,0,1,0,1,2,1,2,2,5,4,1,1,2,0,7,3,3,4,0,6,2,2,2,8,0,1,2,0,4,4,3,4,2,3,97,4
SRS057049,0,0,0,0,0,0,0,0,1,0,0,0,0,0,0,0,0,0,0,0,0,0,0,0,1,0,0,0,0,0,0,0,0,0,0,1,0,0,1,0,0,0,0,0,0,0,0,0,4,0
SRS062427,0,0,0,0,0,0,0,0,0,0,0,0,0,0,0,0,0,0,0,0,0,0,0,0,0,0,0,0,0,0,0,0,0,0,0,0,0,0,0,0,0,0,0,0,0,0,0,0,0,8
SRS149325,0,0,0,0,0,0,0,0,0,0,0,0,0,0,0,0,0,0,0,0,0,0,0,0,0,0,0,0,0,0,0,0,0,0,0,0,0,0,0,0,0,1,0,0,0,0,0,0,1,0
SRS045826,0,0,0,1,0,0,1,0,1,0,0,0,0,0,0,0,0,0,0,0,0,0,0,1,0,0,0,0,1,0,0,0,0,1,0,0,0,2,0,0,1,0,0,0,0,1,0,0,10,3
SRS013158,56,68,91,64,31,106,49,36,183,59,111,61,56,49,129,56,46,77,74,81,37,52,99,50,90,16,48,13,137,81,80,66,47,222,95,78,29,200,122,155,46,17,134,17,87,65,41,85,3692,177
SRS043411,88,76,101,76,55,109,42,44,266,61,106,80,50,52,137,40,57,85,53,92,36,58,126,50,108,28,59,13,147,76,124,71,37,222,109,85,52,205,70,156,49,41,160,22,85,77,63,120,4119,121
SRS018606,1,10,1,0,0,1,5,0,44,0,0,3,0,6,0,3,0,2,1,1,0,0,2,0,3,0,1,0,0,1,1,0,0,5,1,0,0,0,0,3,0,0,3,0,1,0,0,0,99,211
SRS147425,0,0,0,0,0,0,0,0,0,0,0,0,0,0,0,0,0,0,0,0,0,0,0,0,0,0,0,0,0,0,0,0,0,0,0,0,0,0,0,0,0,0,0,0,0,0,0,0,0,5
SRS098717,42,318,37,17,20,41,110,22,535,23,48,136,18,108,66,62,9,104,23,44,18,22,118,18,108,10,16,5,44,35,26,35,14,226,52,38,11,66,38,64,25,14,53,13,68,42,17,42,3021,5385
SRS101376,1,0,3,1,1,5,0,0,1,1,2,0,1,0,4,0,0,0,1,2,2,0,2,0,3,0,0,0,1,2,2,1,0,2,2,1,0,1,2,0,1,1,2,0,1,2,0,1,52,8
SRS075963,0,0,0,0,0,0,0,0,0,0,0,0,0,0,0,0,0,0,0,0,0,0,0,0,0,0,0,0,0,0,0,0,0,0,0,0,0,0,0,0,0,0,0,0,0,0,0,0,0,0
SRS893187,0,0,0,0,0,0,0,0,0,0,0,0,0,0,0,0,0,0,0,0,0,0,0,0,0,0,0,0,0,0,0,0,0,0,0,0,0,0,0,0,0,0,0,0,0,0,0,0,0,0
SRS104197,0,0,0,0,0,0,0,0,0,0,0,0,0,0,0,0,0,0,0,0,0,0,0,0,0,0,0,0,0,0,0,0,0,0,0,0,0,0,0,0,0,0,0,0,0,0,0,0,0,1
SRS024265,0,0,0,0,0,0,0,0,0,0,0,0,0,0,0,0,0,0,0,0,0,0,0,0,0,0,0,0,0,0,0,0,0,0,0,0,0,0,0,0,0,0,0,0,0,0,0,0,0,3
SRS018313,217,185,279,318,183,398,230,179,781,237,465,321,250,206,528,207,283,340,266,412,181,241,470,256,417,109,219,74,661,377,473,314,142,932,454,330,132,1000,544,679,194,99,741,92,474,285,232,490,16897,2119
SRS142781,0,0,0,0,0,0,0,0,0,0,0,0,0,0,0,0,0,0,0,0,0,0,0,0,0,0,0,0,0,0,0,0,0,0,0,0,0,0,0,0,0,0,0,0,0,0,0,0,0,21
SRS047014,3,2,1,2,1,0,0,1,9,1,3,0,2,1,3,0,2,2,1,2,0,1,1,0,2,2,0,0,2,1,5,1,2,7,2,1,2,8,1,4,2,1,0,1,2,1,1,5,91,11
SRS077194,491,385,618,366,230,587,288,240,1377,298,671,390,354,280,797,224,323,495,372,539,219,372,573,289,571,169,377,74,939,512,735,421,199,1386,632,495,230,1276,729,861,278,209,808,151,637,479,347,698,23991,1163
SRS1041093,108,98,148,143,56,168,62,58,343,108,235,64,79,54,246,72,66,176,89,141,94,72,130,72,113,18,117,19,272,94,130,107,54,345,149,153,31,350,99,274,81,16,264,23,185,157,72,266,6271,288
SRS893369,0,0,0,0,0,0,0,0,0,0,0,0,0,0,0,0,0,0,0,0,0,0,1,0,0,0,0,0,0,0,0,0,0,0,0,0,0,0,0,0,0,0,0,0,0,1,0,0,2,0
SRS1055069,50,53,53,47,12,69,33,25,117,46,91,43,27,22,80,23,23,67,40,55,34,30,62,31,47,9,50,6,91,49,45,39,22,152,59,42,18,169,60,104,29,10,98,8,69,61,30,102,2502,174
SRS147652,0,0,0,0,0,0,0,0,0,0,0,0,0,0,0,0,0,0,0,0,0,0,0,0,0,0,0,0,0,0,0,0,0,0,0,0,0,0,0,0,0,0,0,0,0,0,0,0,0,0
SRS053087,2,0,2,3,0,2,0,0,7,0,4,1,1,2,4,1,1,3,1,1,2,1,2,0,3,0,0,0,0,4,2,1,1,6,2,0,1,6,1,2,3,1,4,0,0,0,0,3,80,9
SRS148319,0,0,0,0,0,0,0,0,0,0,0,0,0,0,0,0,0,0,0,0,0,0,0,0,0,0,0,0,0,0,0,0,0,0,0,0,0,0,0,0,0,0,0,0,0,0,0,0,0,2
SRS063928,0,0,0,0,0,0,0,0,0,0,0,0,0,0,0,0,0,0,0,0,0,0,0,0,0,0,0,0,0,0,0,0,0,0,0,0,0,0,0,0,0,0,0,0,0,0,0,0,0,2
SRS016381,1,4,5,0,0,1,4,0,3,3,3,2,1,2,5,4,2,5,4,1,1,0,0,0,1,0,4,1,6,3,3,0,0,5,2,3,0,0,3,1,0,1,4,0,1,4,1,4,98,4
SRS044365,0,0,0,0,0,0,0,0,0,0,0,0,0,0,0,0,0,0,0,0,0,0,0,0,0,0,0,0,0,0,0,0,0,0,0,0,0,0,0,0,0,0,0,0,0,0,0,0,0,0
SRS142921,0,0,0,0,0,0,0,0,0,0,0,0,0,0,1,0,0,0,0,0,0,0,0,0,0,0,0,0,0,0,0,0,0,1,0,0,0,0,0,0,0,0,0,0,0,0,0,0,2,2
SRS045713,0,0,0,0,0,0,0,0,0,0,0,0,0,0,0,0,0,0,0,0,0,0,0,0,0,0,0,0,0,0,0,0,0,0,0,0,0,0,0,0,0,0,0,0,0,0,0,0,0,4
SRS892882,0,0,0,0,0,0,0,0,0,0,0,0,0,0,0,0,0,0,0,0,0,0,0,0,0,0,0,0,0,0,0,0,0,0,0,0,0,0,0,0,0,0,0,0,0,0,0,0,0,1
SRS011239,17,13,35,19,7,23,15,6,43,20,24,18,7,11,40,11,13,22,16,38,18,17,13,16,25,4,16,4,34,23,20,16,8,57,24,22,3,48,29,48,9,9,35,5,28,21,15,32,997,48
SRS1054928,119,112,135,99,53,129,67,58,275,90,179,76,59,38,200,65,54,110,89,140,74,75,127,66,89,14,80,17,222,113,125,93,47,291,101,108,31,274,81,182,71,14,182,15,155,115,53,193,5155,499
SRS015065,0,18,0,33,19,48,13,10,107,15,57,32,25,14,49,15,18,29,23,0,14,26,48,25,34,11,38,4,66,31,41,29,25,75,36,0,6,82,33,56,0,7,42,7,40,39,19,37,1396,48
SRS015578,130,79,184,95,78,139,68,64,298,73,175,106,79,53,188,70,88,127,81,156,60,80,147,61,155,39,100,25,247,117,154,100,38,290,180,127,58,306,162,215,73,42,223,42,163,104,84,167,5890,169
SRS063985,60,43,69,44,22,73,20,29,125,24,84,48,32,26,78,23,40,54,41,60,26,45,63,49,63,18,36,12,99,56,66,45,30,131,65,58,17,141,41,83,30,16,110,16,67,49,30,71,2528,81
SRS143780,0,0,0,0,0,0,0,0,0,0,0,0,0,0,0,0,0,0,0,0,0,0,0,0,0,0,0,0,0,0,0,0,0,0,0,0,0,0,0,0,0,0,0,0,0,0,0,0,0,1
SRS018656,73,59,65,51,31,81,48,29,155,47,125,79,35,40,133,42,39,81,48,87,43,50,79,47,65,26,44,10,107,54,103,80,32,194,93,68,29,184,93,133,42,24,126,27,75,60,47,88,3371,194
SRS020233,11,8,16,13,11,20,11,6,30,7,17,14,13,8,27,7,9,9,12,15,9,8,14,15,11,3,4,7,29,10,27,11,4,36,14,11,4,31,9,25,4,6,27,7,19,16,11,9,645,44
SRS052576,0,0,1,0,0,3,0,2,1,2,3,2,1,1,4,0,1,0,1,1,0,1,2,1,1,0,0,2,4,0,1,0,0,3,0,0,0,4,1,3,1,0,0,1,1,3,2,1,55,7
SRS054590,0,0,0,0,0,0,0,0,0,0,0,0,0,0,0,0,0,0,0,0,0,0,0,0,0,0,0,0,0,0,0,0,0,0,0,0,0,0,0,0,0,0,0,0,0,0,0,0,0,0
SRS1041138,0,0,0,0,0,0,0,0,0,0,0,0,0,0,0,0,0,0,0,0,0,0,0,0,0,0,0,0,0,0,0,0,0,0,0,0,0,0,0,0,0,0,0,0,0,0,0,0,0,5
SRS077231,0,0,0,0,0,0,0,0,0,0,0,0,0,0,0,0,0,0,0,0,0,0,0,0,0,0,0,0,0,0,0,0,0,0,0,0,0,0,0,0,0,0,0,0,0,0,0,0,0,0
SRS144537,0,0,0,0,0,0,0,0,0,0,0,0,0,0,0,0,0,0,0,0,0,0,0,0,0,0,0,0,0,0,0,0,0,0,0,0,0,0,0,0,0,0,0,0,0,0,0,0,0,0
SRS078176,0,0,0,0,0,0,0,0,0,0,0,0,0,0,0,0,0,0,0,0,0,0,0,0,0,0,0,0,0,0,0,0,0,0,0,0,0,0,0,0,0,0,0,0,0,0,0,0,0,3
SRS016018,17,13,17,5,8,16,9,8,42,10,30,14,7,5,29,10,11,18,7,18,7,14,17,7,24,9,11,3,29,11,19,5,10,33,28,17,14,49,19,26,14,3,23,3,15,21,12,25,762,36
SRS043768,0,0,0,0,0,1,0,0,0,0,0,0,0,0,0,0,0,0,0,0,0,0,0,0,0,0,0,0,0,0,0,0,0,0,0,0,0,0,0,1,0,0,0,0,0,0,0,0,2,6
SRS016495,32,25,38,36,23,55,22,19,107,34,49,56,29,23,64,11,51,52,29,59,20,34,77,33,64,9,33,7,77,39,59,43,10,105,60,43,24,140,47,74,19,31,95,25,62,24,26,63,2157,113
SRS893295,3,1,5,5,3,1,2,3,15,4,7,3,3,1,12,4,4,1,0,1,3,1,2,1,7,2,1,0,7,4,1,3,1,11,0,2,1,14,5,4,1,1,4,0,5,4,3,4,170,12
SRS024075,210,173,222,190,145,279,131,113,621,137,334,191,169,139,317,117,167,229,176,271,114,142,274,128,285,76,174,42,435,212,296,184,105,628,231,197,108,669,332,394,122,111,437,68,283,226,188,316,11108,430
SRS051882,0,0,0,0,0,0,0,0,0,0,0,0,0,0,0,0,0,0,0,0,0,0,0,0,0,0,0,0,0,0,0,0,0,0,0,0,0,0,0,0,0,0,0,0,0,0,0,0,0,10
SRS075878,29,24,31,22,17,35,21,10,71,16,53,29,23,19,58,18,15,38,26,32,12,23,25,22,33,10,20,7,64,21,47,27,17,91,35,32,17,65,42,58,29,6,34,5,34,28,16,34,1441,156
SRS047069,17,14,17,22,6,16,14,11,26,6,23,8,9,5,20,13,10,15,15,20,8,12,24,11,25,2,10,5,31,9,23,13,7,42,13,17,5,41,16,38,6,9,28,3,19,11,14,22,751,28
SRS893288,26,23,36,21,7,32,16,13,69,19,33,18,14,8,38,10,13,27,17,29,23,8,31,13,24,4,11,7,42,22,21,11,7,76,15,17,9,71,30,50,17,5,53,2,35,29,17,39,1158,57
SRS052027,2,2,1,1,0,0,2,1,5,0,2,2,3,0,3,1,2,3,2,1,1,0,1,1,3,2,0,0,3,2,2,1,1,8,1,1,0,8,6,3,1,1,4,1,0,3,0,3,90,9
SRS1041137,1,1,3,0,1,5,1,1,5,0,7,0,3,0,1,2,1,1,2,2,0,0,2,1,3,0,0,1,2,2,1,0,2,5,1,1,0,3,1,4,0,0,2,0,2,4,1,2,77,6
SRS054059,0,0,0,0,0,0,0,0,0,0,0,0,0,0,0,0,0,0,0,0,0,0,0,0,0,0,0,0,0,0,0,0,0,0,0,0,0,0,0,0,0,0,0,0,0,0,0,0,0,0
SRS147766,0,0,0,0,0,0,0,0,0,0,0,0,0,0,0,0,0,0,0,0,0,0,0,0,0,0,0,0,0,0,0,0,0,0,0,0,0,0,0,0,0,0,0,0,0,0,0,0,0,14
SRS144297,1,0,1,0,0,0,0,0,1,0,0,0,0,0,0,0,0,0,0,0,0,0,0,0,0,0,0,0,0,0,0,0,0,0,0,0,0,0,0,0,0,0,1,0,0,0,0,0,4,8
SRS056259,171,156,238,190,129,253,113,98,675,130,305,166,154,110,315,117,154,231,157,244,128,155,281,150,297,66,124,40,467,192,301,162,86,552,235,210,112,617,166,422,108,59,406,52,257,167,155,275,10348,398
SRS015369,0,0,0,0,0,0,0,0,0,0,0,0,0,0,0,0,0,0,0,0,0,0,0,0,0,0,0,0,0,0,0,0,0,0,0,0,0,0,0,0,0,0,0,0,0,0,0,0,0,0
SRS048060,0,0,0,0,0,0,0,0,0,0,0,0,0,0,0,0,0,0,0,0,0,0,0,0,0,0,0,0,0,0,0,0,0,0,0,0,0,0,0,0,0,0,0,0,0,0,0,0,0,1
SRS062716,8,3,4,2,0,8,0,0,12,2,4,5,2,1,6,2,1,6,1,1,1,3,1,0,2,0,0,0,6,5,6,2,3,5,5,3,1,9,5,2,1,2,4,0,6,1,2,2,145,16
SRS075716,0,0,0,0,0,0,0,0,0,0,1,0,1,0,0,0,0,0,0,0,0,0,0,0,0,0,0,0,1,0,2,0,0,0,0,0,0,1,0,0,0,0,0,0,0,0,0,0,6,1
SRS1041136,33,67,60,8,4,13,22,4,97,8,11,6,4,6,15,18,3,24,4,45,6,4,20,3,17,0,10,3,21,5,7,5,1,57,7,15,1,14,7,17,28,1,13,2,8,13,4,10,751,1007
SRS047433,0,0,0,0,0,0,0,0,0,0,0,0,0,0,0,0,0,0,0,0,0,0,0,0,0,0,0,0,0,0,1,0,0,1,0,0,0,0,0,0,0,0,0,0,0,0,0,0,2,1
SRS064276,179,137,234,157,87,241,111,103,484,134,288,179,147,113,363,121,111,196,161,240,94,126,225,136,217,45,161,36,343,214,262,188,89,540,226,220,85,521,205,391,108,85,332,61,255,185,136,292,9564,345
SRS098061,9,6,14,6,6,14,8,5,25,6,12,6,13,3,14,3,11,11,5,13,5,6,14,4,6,6,7,0,12,15,9,5,3,26,14,5,3,21,15,13,3,5,10,1,8,6,3,12,427,110
SRS017103,0,0,0,0,0,0,0,0,0,0,0,0,0,0,0,0,0,0,0,0,0,0,0,0,0,0,0,0,0,0,0,0,0,0,0,0,0,0,0,0,0,0,0,0,0,0,0,0,0,19
SRS1041036,1,2,2,0,0,0,0,0,2,0,0,0,0,0,0,0,0,1,0,1,0,0,1,0,1,0,0,0,0,0,0,0,0,0,0,0,0,0,0,0,0,0,0,0,0,0,0,0,11,44
SRS048262,5,4,5,3,2,5,4,1,11,2,7,2,6,2,14,1,0,5,2,4,8,4,8,4,4,1,1,0,9,5,8,5,2,9,7,3,1,12,5,7,2,0,11,0,5,6,2,9,223,10
SRS147445,0,0,0,0,0,0,0,0,0,0,0,0,0,0,0,0,0,0,0,0,0,0,0,0,0,0,0,0,0,0,0,0,0,0,0,0,0,0,0,0,0,0,0,0,0,0,0,0,0,1
SRS021153,1,0,0,0,0,0,0,0,1,0,0,0,0,0,0,0,0,0,0,0,0,0,0,0,0,0,0,0,0,0,1,0,0,1,0,0,0,0,0,0,0,0,0,0,0,0,1,0,5,5
SRS018732,61,44,64,50,24,93,35,31,156,46,90,72,49,31,106,41,44,53,49,82,47,29,59,34,71,18,47,10,112,67,80,52,21,202,71,48,27,157,76,116,41,20,119,18,91,76,46,82,3058,81
SRS142503,0,0,0,0,0,0,0,0,0,0,0,0,0,0,0,0,0,0,0,0,0,0,0,0,0,0,0,0,0,0,0,0,0,0,0,0,0,0,0,0,0,0,0,0,0,0,0,0,0,0
SRS049712,0,0,0,0,0,0,0,0,0,0,0,0,1,0,0,0,0,0,0,0,0,0,0,0,0,0,0,0,0,0,0,0,0,0,0,0,0,0,0,0,0,0,0,0,0,0,0,0,1,1
SRS055966,101,82,114,76,33,169,61,58,301,77,158,99,66,71,201,55,64,117,81,154,67,79,135,69,141,36,85,21,204,99,160,129,73,329,153,115,49,252,138,185,54,24,172,36,158,100,71,118,5390,204
SRS1055049,0,0,0,0,0,0,0,0,0,0,0,0,0,0,0,0,0,0,0,0,0,0,0,0,0,0,0,0,0,0,0,0,0,0,0,0,0,0,0,0,0,0,0,0,0,0,0,1,1,6
SRS1041134,0,0,0,0,0,0,0,0,0,0,0,0,0,0,0,0,0,0,0,0,0,0,0,0,0,0,0,0,0,0,0,0,0,0,0,0,0,0,0,0,0,0,0,0,0,0,0,0,0,2
SRS062701,0,0,0,0,0,0,0,0,0,0,0,0,0,0,0,0,0,0,0,0,0,0,0,0,0,0,0,0,0,0,0,0,0,0,0,0,0,0,0,0,0,0,0,0,0,0,0,0,0,3
SRS019685,0,0,0,0,0,0,0,0,0,0,0,0,0,0,0,0,0,0,0,0,0,0,0,0,0,0,0,0,0,0,0,0,0,0,0,0,0,0,0,0,0,0,0,0,0,0,0,0,0,4
SRS149879,0,0,0,0,0,0,0,0,0,0,0,0,0,0,0,0,0,0,0,0,0,0,0,0,0,0,0,0,0,0,0,0,0,0,0,0,0,0,0,0,0,0,0,0,0,1,0,0,1,2
SRS013951,0,0,0,0,0,0,0,0,0,0,0,0,0,0,0,0,0,0,0,0,0,0,0,0,0,0,0,0,0,0,0,0,0,0,0,0,0,0,0,0,0,0,0,0,0,0,0,0,0,0
SRS104036,63,35,62,49,36,76,33,33,119,33,74,51,27,31,79,34,27,39,40,74,28,36,59,26,52,18,43,9,124,35,65,45,22,141,62,44,22,150,45,97,26,32,84,10,75,45,42,73,2525,85
SRS098827,0,0,0,0,0,0,0,0,0,0,0,0,0,0,0,0,0,0,0,0,0,0,0,0,0,0,0,0,0,0,0,0,0,0,0,0,0,0,0,0,0,0,0,0,0,0,0,0,0,20
SRS1041112,7,7,17,9,9,19,10,8,46,5,34,10,9,9,29,9,6,11,9,14,11,7,14,6,10,4,17,1,40,21,20,11,9,44,13,18,3,43,26,26,10,2,13,4,11,10,5,23,699,47
SRS098881,396,295,417,265,145,466,244,199,859,252,539,286,234,180,648,218,227,346,285,451,180,223,373,199,388,115,260,70,668,397,515,311,150,852,486,344,144,768,498,697,187,59,588,104,424,353,240,490,17035,893
SRS146764,0,0,0,0,0,0,0,0,0,0,0,0,0,0,0,0,0,0,0,0,0,0,0,0,0,0,0,0,0,0,0,0,0,0,0,0,0,0,0,0,0,0,0,0,0,0,0,0,0,0
SRS016989,0,0,0,0,0,0,0,0,0,0,0,0,0,0,0,0,0,0,0,0,0,0,0,0,0,0,0,0,0,0,0,0,0,0,0,0,0,0,0,0,0,0,0,0,0,0,0,0,0,8
SRS893373,0,0,0,0,0,0,0,0,0,0,0,0,0,0,0,0,0,0,0,0,0,0,0,0,0,0,0,0,0,0,0,0,0,0,0,0,0,0,0,0,0,0,0,0,0,0,0,0,0,1
SRS147022,2199,2073,3081,2381,1330,3368,1573,1296,7727,1719,4003,2118,1730,1405,4237,1368,1732,2826,2132,3178,1277,1736,3422,1655,2960,812,1833,489,5246,2714,3750,2318,1176,7180,3262,2680,1127,7289,3617,5283,1453,583,4902,768,3489,2281,1953,3841,130572,7811
SRS1041038,23,14,21,8,0,7,9,2,30,6,21,10,7,12,17,8,7,12,5,16,3,8,15,6,17,2,5,0,22,15,7,13,7,33,19,12,2,23,6,25,13,2,17,4,8,14,6,9,548,157
SRS020508,5,5,6,2,1,7,4,6,8,4,5,4,2,3,14,4,3,4,1,8,1,5,5,8,9,2,4,1,10,5,1,9,4,25,10,9,2,7,10,8,4,2,6,6,9,4,5,4,271,28
SRS011586,157,177,135,198,8,0,63,4,399,6,1,64,0,51,0,42,149,54,0,172,0,190,39,0,0,6,0,0,3,1,0,0,15,86,12,57,8,0,0,0,97,0,14,0,27,0,0,0,2235,4534
SRS019601,340,248,389,235,140,449,173,171,772,214,500,273,229,150,516,175,200,351,253,388,165,238,356,224,296,96,250,52,612,322,419,262,147,834,416,327,123,782,449,646,165,72,553,99,406,249,203,409,15338,463
SRS014979,0,0,0,0,0,0,0,0,0,0,0,0,0,0,0,0,0,0,0,0,0,0,0,0,0,0,0,0,0,0,0,0,0,0,0,0,0,0,0,0,0,0,0,0,0,0,0,0,0,1
SRS015431,10,19,21,22,8,31,14,12,59,17,23,19,14,15,37,8,9,25,12,20,11,23,26,16,30,1,11,6,37,26,34,24,10,58,22,18,11,50,41,41,13,4,34,12,0,25,14,29,1022,67
SRS1041143,6,5,4,3,1,2,0,2,3,5,6,3,1,1,4,1,2,1,4,1,3,1,3,0,4,0,1,0,1,2,1,3,2,6,1,1,0,6,5,3,0,1,6,1,2,2,2,3,115,2
SRS016203,0,0,0,0,0,0,0,0,0,0,0,0,0,0,0,0,0,0,0,0,0,0,0,0,0,0,0,0,0,0,0,0,0,0,0,0,0,0,0,0,0,0,0,0,0,0,0,0,0,2
SRS1041133,0,0,0,0,0,0,0,0,0,0,0,0,0,0,0,0,0,0,0,0,0,0,0,0,0,0,0,0,0,0,0,0,0,0,0,0,0,0,0,0,0,0,0,0,0,0,0,0,0,1
SRS022137,12,9,10,3,4,8,4,6,22,12,11,12,4,4,14,7,5,8,10,10,5,4,11,2,16,3,3,4,21,5,12,7,9,26,10,8,8,28,12,11,7,2,22,3,0,5,3,9,431,12
SRS011529,0,0,0,0,0,0,0,0,0,0,0,0,0,0,0,0,0,0,0,0,0,0,0,0,0,0,0,0,0,0,0,0,0,0,0,0,0,0,0,0,0,0,0,0,0,0,0,0,0,0
SRS019968,1,2,0,0,0,0,0,0,2,0,0,0,0,0,0,0,0,0,0,0,0,0,0,0,0,0,0,0,0,0,0,0,0,0,0,0,0,0,0,0,0,0,0,0,0,0,0,0,5,11
SRS051031,0,0,0,0,0,0,0,0,0,0,0,0,0,0,0,0,0,0,0,0,0,0,0,0,0,0,0,0,0,0,0,0,0,0,0,0,0,0,0,0,0,0,0,0,0,0,0,0,0,1
SRS065504,0,0,0,0,0,0,0,0,0,0,0,0,0,0,0,0,0,0,0,0,0,0,0,0,0,0,0,0,0,0,0,0,0,0,0,0,0,0,0,0,0,0,0,0,0,0,0,0,0,6
SRS077127,12,8,18,8,2,16,9,10,31,8,19,11,6,4,27,5,4,17,12,21,10,11,15,10,10,1,9,5,27,18,8,14,9,35,15,0,2,25,18,22,11,4,21,6,18,11,9,16,608,75
SRS017701,0,0,0,0,0,0,0,0,0,0,0,0,0,0,0,0,0,0,0,0,0,0,0,0,0,0,0,0,0,0,0,0,0,0,0,0,0,0,0,0,0,0,0,0,0,0,0,0,0,1
SRS053587,0,8,0,0,0,0,3,0,17,0,1,1,1,3,1,3,0,3,0,0,0,0,1,1,0,0,0,0,1,0,1,0,0,4,1,1,2,1,0,0,1,0,0,0,0,0,0,0,55,111
SRS018427,0,0,0,0,0,0,0,0,0,0,0,0,0,0,0,0,0,0,0,0,0,0,0,0,0,0,0,0,0,0,0,0,0,0,0,0,0,0,0,0,0,0,0,0,0,0,0,0,0,12
SRS052697,0,0,0,1,0,1,0,0,1,0,1,0,0,2,0,0,0,0,0,0,0,0,0,0,0,0,0,0,1,2,0,2,0,2,0,0,0,0,1,0,0,0,1,0,0,0,0,0,15,2
SRS018133,0,0,0,0,0,0,0,0,0,0,0,0,0,0,0,0,0,0,0,0,0,0,0,0,0,0,0,0,0,0,0,0,0,0,0,0,0,0,0,0,0,0,0,0,0,0,0,0,0,9
SRS142890,0,0,0,0,0,0,0,0,0,0,0,0,0,0,0,0,0,0,0,0,0,0,0,0,0,0,0,0,0,0,0,0,0,0,0,0,0,0,0,0,0,0,0,0,0,0,0,0,0,2
SRS103987,0,0,0,0,0,0,0,0,0,0,0,0,0,0,0,0,0,0,0,0,0,0,0,0,0,0,0,0,0,0,0,0,0,0,0,0,0,0,0,0,0,0,0,0,0,0,0,0,0,6
SRS145497,0,0,0,0,0,0,0,0,0,0,1,0,0,0,0,0,0,0,0,0,0,0,0,0,0,0,0,0,0,0,0,0,1,0,0,0,0,0,0,0,0,0,0,0,0,0,0,0,2,5
SRS893252,0,0,0,0,0,0,0,0,0,0,0,0,0,0,0,0,0,0,0,0,0,0,0,0,0,0,0,0,0,0,0,0,0,0,0,0,0,0,0,0,0,0,0,0,0,0,0,0,0,8
SRS019787,189,134,227,211,107,262,115,114,583,128,311,174,167,113,318,102,164,186,151,260,113,146,263,118,256,81,154,30,356,204,302,175,106,573,220,170,88,516,288,380,97,86,349,45,255,199,134,248,9968,617
SRS078419,49,34,42,36,21,70,36,23,87,36,64,40,19,26,92,24,28,39,35,76,30,34,52,25,47,13,37,6,82,48,53,43,22,145,51,44,21,123,69,92,36,6,69,11,55,48,28,53,2220,289
SRS147139,292,259,388,299,176,374,193,165,919,209,535,145,235,179,505,195,231,301,252,400,167,247,446,208,417,115,249,77,659,314,447,281,132,884,420,396,155,896,462,678,177,82,636,105,429,292,238,498,16359,922
SRS144135,40,37,46,30,19,42,24,27,118,37,74,40,31,19,74,23,22,45,39,55,11,28,55,19,51,17,24,9,74,47,59,46,17,107,62,39,18,97,37,73,21,10,75,9,62,44,31,54,2038,83
SRS051610,86,58,114,82,52,121,55,53,259,70,160,91,74,58,145,51,72,101,79,110,53,77,134,50,97,27,77,19,195,84,151,74,41,222,112,107,41,278,63,175,52,20,184,30,136,76,74,119,4659,225
SRS054956,0,0,0,0,0,0,0,0,0,0,0,0,0,0,0,0,0,0,0,0,0,0,0,0,0,0,0,0,0,0,0,0,0,0,0,0,0,0,0,0,0,0,0,0,0,0,0,0,0,1
SRS148817,0,0,0,0,0,0,0,0,0,0,0,0,0,1,0,0,0,0,0,0,0,0,0,1,0,0,0,0,0,0,0,0,1,0,0,0,0,0,0,0,0,0,0,0,0,0,0,0,3,3
SRS104912,0,0,0,0,0,0,0,0,0,0,0,0,0,0,0,0,0,0,0,1,0,0,0,0,0,0,0,0,0,1,1,0,0,0,2,0,0,0,0,1,0,0,0,0,0,0,1,0,7,0
SRS893253,0,0,0,0,0,0,0,0,0,0,0,0,0,0,0,0,0,0,0,0,0,0,0,0,0,0,0,0,0,0,0,0,0,0,0,0,0,0,0,0,0,0,0,0,0,0,0,0,0,0
SRS142980,0,0,0,0,0,0,0,0,0,0,0,0,0,0,0,0,0,0,0,0,0,0,0,0,0,0,0,0,0,0,0,0,0,0,0,0,0,0,0,0,0,0,0,0,0,0,0,0,0,0
SRS105153,0,0,0,0,0,0,0,0,0,0,0,0,0,0,0,0,0,0,0,0,0,0,0,0,0,0,0,0,0,0,0,0,0,0,0,0,0,0,0,0,0,0,0,0,0,0,0,0,0,6
SRS013965,3,1,0,1,1,2,1,0,5,0,8,1,2,1,2,0,1,1,1,4,1,3,0,5,2,0,1,0,5,2,1,0,0,7,0,0,2,8,2,3,0,0,3,1,2,0,0,0,83,28
SRS016753,35,20,38,25,12,51,17,20,72,30,38,23,24,12,59,18,10,43,29,27,16,18,34,22,30,8,19,5,65,29,45,22,11,94,29,38,11,68,63,66,18,5,46,10,42,38,19,51,1525,60
SRS013215,292,256,357,239,132,379,231,164,707,237,458,270,218,168,586,175,148,342,227,387,184,212,379,188,282,85,196,59,602,342,369,278,116,857,416,356,107,740,240,565,200,78,538,77,376,272,182,431,14700,853
SRS018351,0,0,0,0,0,0,0,0,0,0,0,0,0,0,0,0,0,0,0,0,0,0,0,0,0,0,0,0,0,0,0,0,0,0,0,0,0,0,0,0,0,0,0,0,0,0,0,0,0,5
SRS063190,168,138,161,162,71,205,124,73,492,124,272,169,94,84,286,101,95,172,132,192,89,121,236,103,196,61,111,27,300,172,231,142,74,462,212,173,85,452,117,316,100,37,404,58,251,132,132,225,8334,971
SRS893380,3,4,8,1,3,3,1,2,4,3,1,2,1,2,5,3,4,6,0,4,3,4,7,2,5,2,1,0,5,4,5,3,1,14,6,3,0,8,1,15,3,0,7,0,8,1,3,7,178,17
SRS017916,7,9,3,9,6,12,4,7,19,5,10,12,10,5,18,10,3,9,10,19,3,11,7,4,17,1,7,0,16,7,8,13,4,29,14,5,2,29,22,18,6,8,21,3,13,12,6,10,483,74
SRS893378,10,10,6,6,5,24,10,5,14,17,17,12,6,5,20,4,11,10,8,17,5,6,11,6,5,1,8,3,29,7,13,8,7,25,9,18,4,38,2,15,3,4,17,5,9,8,7,13,503,26
SRS011084,0,94,0,103,70,136,80,63,392,73,213,127,70,59,215,66,110,135,114,0,67,90,177,65,171,35,71,16,241,128,181,118,60,338,167,0,48,326,172,215,0,47,241,42,0,123,93,168,5520,442
SRS1041122,4,7,6,3,2,8,6,4,14,10,17,5,4,1,17,4,2,9,1,14,7,6,9,4,7,2,4,1,11,10,10,10,8,23,5,15,0,25,7,15,11,1,14,0,8,8,3,11,373,13
SRS015579,3,3,5,5,1,3,5,5,9,4,8,5,3,4,9,3,3,2,4,6,0,1,3,4,10,0,5,3,8,4,3,2,2,12,13,2,3,9,7,4,4,3,7,0,7,7,4,6,223,9
SRS053356,0,0,0,0,0,0,0,1,0,0,1,0,0,0,0,0,0,0,0,0,0,1,0,0,0,0,0,0,0,0,0,0,0,0,0,0,0,0,0,0,0,0,0,0,0,0,0,0,3,3
SRS077392,1,0,0,0,0,0,0,0,0,0,0,0,0,0,0,0,0,0,0,0,0,0,0,0,0,0,0,0,0,0,0,0,0,0,0,0,0,0,0,0,0,0,0,0,0,0,0,0,1,1
SRS063518,0,0,0,0,0,0,0,0,0,0,0,0,0,0,0,0,0,0,0,0,0,0,0,0,0,0,0,0,0,0,0,0,0,0,0,0,0,0,0,0,0,0,0,0,0,0,1,0,1,11
SRS098571,12,15,17,10,13,24,8,8,43,13,25,14,11,11,30,11,8,16,9,26,10,14,23,8,27,4,13,5,32,21,38,18,4,42,13,14,11,38,23,27,9,3,28,7,26,13,12,33,840,60
SRS1055056,1,0,1,0,0,0,0,0,0,1,0,0,0,0,0,0,0,0,1,0,0,0,0,0,0,0,0,0,3,0,0,0,0,0,0,0,0,2,0,1,0,0,0,0,1,0,0,0,11,0
SRS019286,14,6,12,7,8,16,13,6,41,10,26,6,6,14,22,6,8,16,14,21,9,4,12,6,18,6,12,3,25,15,26,9,5,53,18,11,4,32,14,25,11,2,24,3,15,11,13,15,673,31
SRS893382,5,6,13,5,6,9,2,4,19,7,19,9,3,2,11,4,6,14,10,7,10,10,9,3,6,0,12,3,14,8,11,7,2,20,4,8,2,14,11,14,7,3,11,0,12,13,5,14,394,38
SRS049995,0,0,0,0,0,0,0,0,0,0,0,0,0,0,0,0,0,0,0,0,0,0,0,0,0,0,0,0,0,0,0,0,0,0,0,0,0,0,0,0,0,0,0,0,0,0,0,0,0,0
SRS012273,0,0,0,0,0,0,0,0,0,0,0,0,0,0,0,0,0,0,0,0,0,0,0,0,0,0,0,0,0,0,0,0,0,0,0,0,0,0,0,0,0,0,0,0,0,0,0,0,0,41
SRS147088,0,0,0,0,0,0,0,0,0,0,0,0,0,0,1,0,0,0,0,0,0,0,0,0,0,0,0,0,0,0,0,0,0,0,0,0,0,0,0,0,0,0,0,0,0,0,0,0,1,0
SRS016267,1568,1249,1911,1342,779,2168,962,879,4459,1133,2582,1431,1182,855,2897,792,1067,1736,1366,1960,857,1137,1966,1137,1919,541,1232,275,3068,1580,2419,1414,733,4278,1987,1662,743,4051,2357,3050,887,619,2849,473,2011,1484,1121,2183,80351,5785
SRS1041129,38,49,24,47,0,0,17,0,104,0,2,10,0,10,0,8,24,11,0,48,0,47,9,0,0,1,0,0,0,0,0,0,0,14,2,23,1,0,0,0,30,0,1,0,9,0,0,0,529,932
SRS1055067,24,25,42,31,8,20,13,16,65,21,44,15,19,15,51,12,15,36,14,32,15,12,27,21,21,5,19,5,52,33,37,23,10,73,21,18,6,66,28,53,12,11,54,6,26,17,12,36,1237,50
SRS893383,2,1,2,6,3,3,1,3,8,0,4,1,1,1,8,1,0,4,2,6,1,1,1,0,5,0,5,0,3,1,4,3,1,11,2,2,1,11,5,5,2,2,7,1,1,0,2,3,137,19
SRS042690,3,2,1,3,0,3,3,0,6,1,2,0,2,2,0,1,1,1,4,0,1,1,3,0,2,0,2,0,0,5,2,1,0,6,4,3,3,3,4,4,3,1,4,2,2,1,0,2,94,6
SRS077294,0,0,0,0,0,0,0,0,0,0,0,0,0,0,0,0,0,0,0,0,0,0,0,0,0,0,0,0,0,0,0,0,0,0,0,0,0,0,0,0,0,0,0,0,0,0,0,0,0,1
SRS049402,415,292,440,264,165,539,292,221,887,254,564,344,239,0,714,215,180,407,278,555,218,317,436,247,438,107,271,73,663,393,449,403,184,1063,0,423,177,993,260,709,276,66,1234,124,445,343,239,548,18364,1890
SRS020869,39,37,68,42,26,73,42,24,144,22,58,45,33,26,92,28,33,45,34,50,43,39,55,33,64,11,28,5,92,48,50,56,18,124,57,36,11,143,75,95,25,12,81,9,58,48,32,65,2374,172
SRS016056,0,1,1,0,0,0,0,0,1,1,0,0,0,0,0,0,0,0,0,0,0,0,0,0,0,0,0,0,0,1,1,0,0,0,1,0,0,0,1,0,0,0,0,0,1,0,0,1,10,0
SRS1041095,0,0,0,0,0,0,0,0,0,0,0,0,0,0,0,0,0,0,0,0,0,0,0,0,0,0,0,0,0,0,0,0,0,0,0,0,0,0,0,0,0,0,0,0,0,0,0,0,0,0
SRS015264,41,32,45,40,31,47,30,19,131,37,86,35,28,34,70,20,32,42,41,51,19,40,64,31,67,14,28,7,79,33,71,42,17,113,60,37,15,138,68,84,28,19,99,9,44,44,34,69,2265,89
SRS893366,0,0,0,0,0,0,0,0,0,0,0,0,0,0,0,0,0,0,0,0,0,0,0,0,0,0,0,0,0,0,0,0,0,0,0,0,0,0,0,0,0,0,0,0,0,0,0,0,0,2
SRS143372,9,6,6,5,4,11,4,2,16,7,11,5,2,1,14,4,4,4,1,10,3,9,7,2,5,2,3,1,18,1,12,7,4,14,14,5,6,8,13,16,6,2,14,1,3,4,5,8,319,101
SRS064662,0,0,0,0,0,0,0,0,0,0,0,0,0,0,0,0,0,0,0,0,0,0,0,0,0,0,0,0,0,0,0,0,0,0,0,0,0,0,0,0,0,0,0,0,0,0,0,0,0,4
SRS074964,25,30,34,38,30,55,34,30,97,32,74,32,24,26,77,16,27,50,31,57,24,23,56,24,51,15,29,6,87,33,65,39,19,129,42,31,19,92,71,85,20,10,85,14,57,38,21,70,2074,278
SRS050998,2,4,1,3,2,6,0,1,10,2,5,1,2,1,4,1,0,2,0,4,2,1,4,1,6,0,1,0,4,3,3,2,0,4,2,1,2,11,4,4,2,0,6,0,0,0,0,6,120,5
SRS024549,1293,985,1514,1127,696,1475,867,717,3390,904,1949,1141,898,727,2132,706,897,1450,984,1500,755,960,1560,843,1573,463,927,251,2445,1260,1698,1140,595,3732,1635,1412,476,3579,991,2498,828,369,2435,424,1701,1101,881,1881,63765,3456
SRS074586,0,1,1,0,0,0,0,0,1,0,0,1,0,1,0,1,1,0,0,0,0,1,0,0,0,0,0,0,0,0,0,0,0,1,0,0,0,0,0,0,1,0,0,0,1,0,0,0,11,34
SRS142923,0,1,0,0,0,1,1,0,0,0,0,0,0,0,0,0,0,0,0,0,0,0,0,0,0,0,0,0,0,0,0,0,0,1,0,0,0,0,0,0,0,0,0,0,0,0,0,0,4,1
SRS022071,0,0,0,0,0,0,0,0,0,0,0,0,0,0,0,0,0,0,0,0,0,0,0,0,0,0,0,0,0,0,0,0,0,0,0,0,0,0,0,0,0,0,0,0,0,0,0,0,0,5
SRS1041039,32,34,43,39,15,72,20,18,98,26,65,31,25,23,79,18,17,49,31,52,41,24,45,24,28,6,47,8,57,44,38,49,14,103,31,51,13,143,56,74,19,4,64,8,48,57,18,69,1970,75
SRS014613,48,22,46,30,18,39,25,22,123,20,60,37,39,21,79,28,29,51,25,47,17,26,43,24,48,8,27,6,80,33,51,26,18,112,43,42,25,112,39,77,31,27,79,14,43,34,41,52,1987,65
SRS1041147,0,0,0,0,0,0,0,0,0,0,0,0,0,0,0,0,0,0,0,0,0,0,0,0,0,0,0,0,0,0,0,0,0,0,0,0,0,0,0,0,0,0,0,0,0,0,0,0,0,0
SRS148424,0,0,0,0,0,0,0,0,0,0,0,0,0,0,1,1,0,0,0,0,0,0,0,0,0,1,0,0,1,0,0,0,0,0,1,0,0,1,0,0,0,0,0,0,0,0,0,0,6,0
SRS019090,3,1,2,2,0,0,2,0,3,0,3,2,0,1,3,2,1,2,2,2,2,1,1,1,1,1,2,1,1,6,6,1,0,6,2,3,1,5,2,4,2,0,1,0,0,1,0,9,91,3
SRS021948,0,0,0,0,0,0,0,0,1,0,0,0,0,0,0,0,0,0,0,0,0,0,0,0,0,0,0,0,0,0,0,0,0,0,0,0,0,0,0,0,1,0,0,0,0,0,0,0,2,0
SRS050422,0,0,0,0,0,0,0,0,0,0,0,0,0,0,0,0,0,0,0,0,0,0,0,0,0,0,0,0,0,0,0,0,0,0,0,0,0,0,0,0,0,0,0,0,0,0,0,0,0,4
SRS058268,1,2,6,5,0,0,0,0,6,0,0,1,0,1,0,0,3,1,0,2,0,0,0,0,0,0,0,0,0,0,0,0,0,2,0,2,0,0,0,0,2,0,0,0,0,0,0,0,34,71
SRS1041144,0,0,0,0,0,0,0,0,0,0,0,0,0,0,0,0,0,0,0,0,0,0,0,0,0,0,0,0,0,0,0,0,0,0,0,0,0,0,0,0,1,0,0,0,0,0,0,0,1,0
SRS1055034,24,11,21,20,7,23,7,8,52,19,38,11,6,5,24,8,16,23,16,20,16,12,21,9,14,1,16,1,38,11,23,12,4,44,24,18,6,42,17,37,19,4,26,3,24,20,11,35,867,50
SRS077454,0,0,0,0,0,0,0,0,0,0,0,1,0,0,0,0,0,1,1,0,0,0,0,0,0,0,0,0,0,0,0,0,0,0,0,0,0,0,0,0,0,0,0,0,0,0,0,1,4,10
SRS146812,39,34,31,34,12,52,20,18,95,24,58,36,33,15,87,18,33,41,19,29,23,36,52,27,68,9,22,7,75,39,54,44,28,135,45,26,14,111,44,71,28,17,78,11,48,28,22,57,1947,106
SRS142712,0,0,0,0,0,0,0,0,0,0,0,0,0,0,0,0,0,0,0,0,0,0,0,0,0,0,0,0,0,0,0,0,0,0,0,0,0,0,0,0,0,0,0,0,0,0,0,0,0,0
SRS893285,0,0,0,0,0,0,0,0,0,0,0,0,0,0,0,0,0,0,0,0,0,0,0,0,0,0,0,0,0,0,0,0,0,0,0,0,0,0,0,0,0,0,0,0,0,0,0,0,0,12
SRS1055095,0,0,0,0,0,0,0,0,0,0,0,0,0,0,0,0,0,0,0,0,0,0,0,0,0,0,0,0,0,0,0,0,0,0,0,0,0,0,0,0,0,0,0,0,0,0,0,0,0,0
SRS077024,0,0,0,0,0,0,0,0,0,0,0,0,0,0,0,0,0,0,0,0,0,0,0,0,0,0,0,0,0,0,0,0,0,0,0,0,0,0,0,0,0,0,0,0,0,0,0,0,0,6
SRS148461,0,0,0,0,0,0,1,0,0,0,0,0,0,0,1,0,0,0,0,0,0,0,0,0,0,0,1,0,0,0,0,0,0,0,1,0,0,0,0,0,1,0,0,0,0,0,0,1,6,1
SRS075773,65,45,71,36,22,73,36,42,166,51,96,49,35,24,103,32,36,85,49,82,31,41,61,27,55,17,40,13,101,42,75,37,19,168,97,57,22,88,36,117,32,25,97,23,64,60,36,100,2779,309
SRS147346,3,3,4,2,0,6,4,0,4,0,2,2,2,1,11,0,1,6,2,2,2,2,3,1,3,0,4,2,3,2,2,1,1,7,5,0,1,4,2,2,3,2,6,0,5,3,2,2,125,13
SRS143523,0,0,1,0,1,1,1,0,1,1,1,0,0,0,1,0,0,0,1,0,0,0,0,1,0,0,0,0,1,0,1,0,0,1,0,0,0,0,1,0,0,0,1,0,0,2,0,0,17,2
SRS017248,2,3,2,0,0,5,3,2,9,1,6,4,2,1,4,5,2,4,3,3,0,2,2,0,3,0,3,1,4,2,2,3,0,11,3,2,0,9,3,4,1,0,7,0,3,4,3,9,142,10
SRS022524,20,11,30,27,12,20,13,23,56,24,32,22,18,6,54,13,18,27,21,30,17,17,34,12,41,8,17,3,52,20,32,21,21,55,25,35,6,73,41,54,12,6,44,13,39,26,11,31,1243,84
SRS042628,2,1,0,1,1,0,0,0,2,0,1,2,1,1,1,0,1,4,0,2,3,2,3,0,1,1,0,0,5,3,2,0,0,3,3,0,1,6,1,3,0,0,2,0,4,1,0,4,68,4
SRS015095,0,10,0,18,9,26,14,7,66,11,28,13,14,8,26,17,11,13,15,0,8,9,14,12,21,5,12,3,35,11,24,18,7,39,25,0,7,46,14,34,0,3,28,5,23,7,11,28,755,33
SRS018575,1,16,0,0,1,1,2,0,22,0,0,7,0,5,1,1,0,6,2,1,0,1,6,2,4,1,0,0,0,1,0,0,0,8,0,0,0,1,0,0,0,0,0,0,3,0,0,0,93,252
SRS020622,27,18,26,20,6,32,20,6,45,15,23,15,13,16,32,14,14,18,15,29,4,17,18,16,23,6,13,4,31,13,26,20,9,45,28,28,7,48,34,28,7,10,35,7,35,20,11,36,983,103
SRS1041032,2,2,3,5,0,3,3,2,3,2,4,5,2,1,4,0,0,3,1,5,0,2,2,1,1,0,3,0,8,0,1,3,2,5,6,2,1,6,3,3,1,0,12,2,4,6,2,6,132,6
SRS019397,219,222,235,212,154,245,128,109,730,150,307,205,155,128,395,134,200,237,202,260,117,139,308,129,268,78,152,27,446,180,362,182,78,601,269,225,107,577,217,413,114,64,421,73,272,206,156,350,11158,413
SRS017521,519,314,557,345,257,591,291,265,1156,334,758,430,315,0,831,298,286,559,399,657,292,336,612,360,518,108,356,95,874,506,494,430,177,1494,0,571,171,1360,347,927,282,110,3997,163,608,391,320,634,25695,966
SRS077117,32,15,22,17,6,27,9,14,60,18,37,23,16,10,38,14,13,35,27,23,8,16,22,10,27,7,20,5,38,22,28,28,7,63,27,19,7,84,38,40,16,7,46,6,30,20,17,34,1148,44
SRS893292,2,4,1,6,2,3,0,0,2,1,0,2,0,0,9,0,1,1,1,5,0,3,4,3,5,2,4,0,4,3,2,1,1,4,0,2,1,9,4,4,1,0,3,2,3,4,1,3,113,9
SRS015960,144,101,129,85,56,134,57,59,299,68,161,97,78,47,178,65,68,130,97,143,56,65,116,76,134,37,83,27,181,115,148,95,46,286,114,100,50,294,92,203,61,24,203,28,142,80,81,167,5300,286
SRS049896,0,0,0,0,0,0,0,0,0,0,0,0,0,0,0,0,0,0,0,0,0,0,0,0,0,0,1,0,0,0,0,0,0,0,0,0,0,0,0,0,0,0,0,0,1,0,0,0,2,5
SRS142505,0,0,0,0,0,0,0,0,0,0,0,0,0,0,0,0,0,0,0,0,0,0,0,0,0,0,0,0,0,0,0,0,0,0,0,0,0,0,0,0,0,0,0,0,0,0,0,0,0,0
SRS013687,0,0,0,0,0,0,0,0,0,0,0,0,0,0,0,0,0,0,0,0,0,0,0,0,0,0,0,0,0,0,0,0,0,0,0,0,0,0,0,0,0,0,0,0,0,0,0,0,0,16
SRS024435,0,0,0,0,0,0,0,0,0,0,0,0,0,0,0,0,0,0,0,0,0,0,0,0,0,0,0,0,0,0,0,0,0,1,0,0,0,0,0,0,0,1,0,0,0,0,0,0,2,1
SRS893259,9,8,13,3,4,6,4,6,36,6,19,8,7,4,14,5,5,7,7,16,7,9,13,6,8,4,9,1,19,7,17,7,4,26,15,4,4,25,7,20,2,6,19,2,16,9,5,18,476,23
SRS077335,86,68,104,74,40,104,51,45,209,67,117,44,89,52,155,56,54,89,75,114,52,83,113,53,100,23,62,19,143,91,114,75,32,249,105,98,44,226,116,164,52,27,186,28,135,90,47,133,4353,138
SRS024388,137,98,157,120,75,166,70,73,397,93,192,117,101,66,232,81,96,140,106,150,69,88,147,89,155,50,86,17,280,127,187,122,46,387,148,143,63,333,182,284,61,55,242,50,153,121,96,180,6628,434
SRS148159,50,46,68,39,29,78,33,28,124,31,87,53,55,29,94,33,37,60,44,75,29,32,61,37,70,19,38,10,126,64,88,46,29,157,63,66,22,125,38,103,33,18,126,18,96,44,51,69,2771,153
SRS042893,0,0,0,0,0,0,0,0,0,0,0,0,0,0,0,0,0,0,0,0,0,0,0,0,0,0,0,0,1,0,0,0,0,0,1,0,0,0,0,0,0,0,0,0,0,0,0,0,2,1
SRS893342,0,101,0,97,43,140,74,47,235,101,215,93,60,56,221,58,50,145,84,117,70,65,139,62,86,19,97,17,250,107,126,115,47,305,148,130,28,316,155,230,65,36,198,20,139,148,48,220,5323,203
SRS042967,0,0,0,0,0,0,0,0,0,0,0,0,0,0,0,0,0,0,0,0,0,0,0,0,0,0,0,0,0,0,0,0,0,0,0,0,0,0,0,0,0,0,0,0,0,0,0,0,0,2
SRS143181,0,0,0,0,0,0,0,0,0,0,0,0,0,0,0,0,0,0,0,0,0,0,0,0,0,0,0,0,0,0,0,0,0,0,0,0,0,0,0,0,0,0,0,0,0,0,0,0,0,1
SRS064232,3,2,4,0,1,2,2,1,5,2,8,5,4,5,2,1,0,4,2,2,2,3,2,0,3,2,3,0,4,6,6,4,3,6,4,0,0,12,4,7,2,1,3,0,3,5,1,11,152,3
SRS058723,71,50,87,62,42,101,38,45,171,50,108,37,48,43,114,37,56,71,53,91,39,38,85,65,98,27,41,10,146,63,98,65,24,165,82,76,32,174,87,132,39,21,119,28,92,75,54,123,3473,382
SRS064973,0,0,0,0,0,0,0,0,0,0,1,1,0,0,1,0,0,0,0,0,0,0,0,0,0,0,0,0,0,1,0,0,0,1,0,0,0,0,0,0,0,0,0,0,0,0,0,1,6,1
SRS047044,0,0,0,0,0,0,0,0,0,0,0,0,0,0,0,0,0,0,0,0,0,0,0,0,0,0,0,0,0,0,0,0,0,0,0,0,0,0,0,0,0,0,0,0,0,0,0,0,0,3
SRS1055022,27,22,22,19,7,30,18,6,42,13,37,12,13,8,45,10,9,27,17,19,12,17,22,12,27,4,16,1,26,14,16,20,7,51,29,18,4,51,25,29,11,8,32,1,21,24,15,36,952,74
SRS013382,0,0,0,2,0,2,1,0,3,0,0,0,0,0,0,0,0,0,0,1,0,0,0,0,1,0,1,0,0,0,1,0,0,1,1,0,0,1,0,1,0,0,0,0,0,0,1,0,17,2
SRS015217,0,0,0,0,0,0,0,0,0,0,0,0,0,0,0,0,0,0,0,0,0,0,0,0,0,0,0,0,0,0,0,0,0,0,0,0,0,0,0,0,0,0,0,0,0,0,0,0,0,0
SRS022093,0,0,0,0,0,0,0,0,0,0,0,0,0,0,0,0,0,0,0,0,0,0,0,0,0,0,0,0,0,0,0,0,0,0,0,0,0,0,0,0,0,0,0,0,0,0,0,0,0,0
SRS016335,6,4,12,8,7,9,3,2,29,7,18,7,7,6,26,10,6,21,8,12,9,3,13,10,16,4,8,1,23,11,13,6,3,41,11,11,4,20,9,21,7,3,15,1,12,10,8,14,515,48
SRS143342,108,98,127,100,55,166,83,71,302,101,202,124,76,68,219,78,74,133,106,180,63,109,189,87,151,49,102,19,211,144,161,107,62,430,161,143,48,385,161,281,81,40,239,34,192,108,100,193,6521,398
SRS057478,0,0,0,0,0,0,0,0,0,0,0,0,0,0,0,0,0,0,0,0,0,0,0,0,0,0,0,0,0,0,0,0,0,0,0,0,0,0,0,0,0,0,0,0,0,0,0,0,0,10
SRS075078,0,0,0,0,0,0,0,0,0,0,0,0,0,0,0,0,0,0,0,0,1,0,0,0,0,0,0,0,0,0,0,0,0,1,0,0,0,0,0,0,0,0,0,0,0,0,0,0,2,7
SRS147977,0,0,0,0,0,0,0,0,0,0,0,0,0,0,0,0,0,0,0,0,0,0,0,0,0,0,0,0,0,0,0,0,0,0,0,0,0,0,0,0,0,0,0,0,1,0,0,0,1,0
SRS098644,41,49,60,39,20,55,21,28,127,32,75,39,36,27,98,18,27,43,32,48,21,33,68,34,55,15,34,7,116,44,76,46,11,126,51,41,23,125,85,83,23,21,85,11,68,37,35,80,2369,174
SRS024076,12,13,17,8,8,20,12,6,42,7,21,8,10,12,24,11,13,6,18,16,8,9,17,7,21,7,10,4,26,13,18,11,5,24,23,15,9,36,21,29,5,5,30,3,12,14,9,33,708,64
SRS014736,268,182,267,228,148,383,192,125,719,199,449,234,173,154,463,140,193,268,217,334,113,177,293,149,271,91,212,43,483,213,379,219,127,716,338,285,125,706,216,495,155,69,442,84,357,230,195,352,12871,536
SRS893170,19,17,17,18,5,22,8,7,54,13,37,15,10,6,19,7,12,24,18,20,12,6,27,11,14,6,16,4,37,7,14,17,10,60,28,24,4,44,16,36,14,1,29,5,21,19,2,26,858,50
SRS893230,0,1,0,1,1,2,0,1,2,1,3,0,1,0,1,0,0,1,0,0,0,0,2,1,2,0,0,2,5,0,1,0,1,2,0,0,0,5,1,1,0,0,3,0,1,0,0,0,42,2
SRS042231,33,24,34,30,11,34,18,17,95,12,40,25,17,13,47,11,23,35,25,60,13,9,30,18,32,15,24,6,61,44,41,16,18,70,38,24,18,67,48,52,9,9,56,6,43,23,16,49,1459,43
SRS146813,0,7,0,16,8,19,7,10,26,9,12,17,15,5,23,6,14,12,9,0,10,6,22,7,17,7,9,0,27,10,17,8,5,45,18,0,6,42,14,21,0,4,28,6,24,12,8,16,604,32
SRS078177,0,0,0,0,0,0,0,0,0,0,0,0,0,0,0,0,0,0,0,0,0,0,0,0,0,0,0,0,0,0,0,0,0,0,0,0,0,0,0,0,0,0,0,0,0,0,0,0,0,0
SRS019693,0,0,0,0,0,0,0,0,0,0,0,0,0,0,0,0,0,0,0,0,0,0,0,0,0,0,0,0,0,0,0,0,0,0,0,0,0,0,0,0,0,0,0,0,0,0,0,0,0,0
SRS017859,0,0,0,0,0,0,0,0,0,0,0,0,0,0,0,0,0,0,0,0,0,0,0,0,0,0,0,0,0,0,0,0,0,0,0,0,0,0,0,0,0,0,0,0,0,0,0,0,0,0
SRS104975,3,1,0,1,0,3,0,0,8,1,3,1,0,0,0,0,0,0,0,0,2,1,0,1,2,1,0,0,3,0,2,1,0,2,2,0,0,3,2,3,1,0,1,0,0,0,0,0,48,1
SRS016954,0,0,0,0,0,0,0,0,0,0,0,1,0,0,0,0,0,0,0,0,0,0,0,0,0,0,0,0,0,0,0,0,0,0,0,0,0,0,0,0,0,0,0,0,0,0,0,0,1,1
SRS893270,0,0,0,0,0,0,0,0,0,0,0,0,0,0,0,0,0,0,0,0,0,0,0,0,0,0,0,0,0,0,0,0,0,0,0,0,0,0,0,0,0,0,0,0,0,0,0,0,0,0
SRS012902,277,305,376,314,177,426,251,162,816,241,467,259,215,192,603,200,228,313,260,436,216,260,392,211,307,87,215,80,653,329,404,311,155,922,466,369,137,821,264,648,185,62,546,76,371,390,212,536,16143,840
SRS013098,63,61,87,58,23,100,37,45,175,44,128,57,42,35,137,39,35,76,55,105,52,56,84,52,80,20,52,12,144,73,84,85,28,204,96,79,31,179,41,111,56,29,115,26,93,59,40,81,3464,470
SRS015280,27,24,22,31,16,38,24,10,78,15,51,26,20,20,49,22,28,31,22,36,20,23,45,17,42,9,23,5,64,29,47,30,13,67,50,21,13,78,45,65,15,10,44,3,32,25,17,44,1486,44
SRS049446,0,0,0,0,0,0,0,0,0,0,0,0,0,0,0,0,0,0,0,0,0,0,0,0,0,0,0,0,0,0,0,0,0,0,0,0,0,0,0,0,0,0,0,0,0,0,0,0,0,1
SRS149181,0,0,0,0,0,0,0,0,0,0,0,0,0,0,0,0,0,0,0,0,0,0,0,0,0,0,0,0,0,0,0,0,0,0,0,0,0,0,0,0,0,0,0,0,0,0,0,0,0,0
SRS1055043,67,64,95,62,30,94,36,32,172,59,143,55,31,46,134,39,43,81,48,104,53,57,100,40,89,12,62,12,156,71,77,45,35,226,82,77,27,223,71,140,47,26,138,15,110,75,46,131,3678,201
SRS011134,0,0,0,0,0,0,0,0,0,0,0,0,0,0,0,0,0,0,0,0,0,0,0,0,0,0,0,0,0,0,0,0,0,0,0,0,0,0,0,0,0,0,0,0,0,0,0,0,0,8
SRS1041140,0,0,0,0,0,0,0,0,0,0,0,0,0,0,0,0,0,0,0,0,0,0,0,0,0,0,0,0,0,0,0,0,0,0,0,0,0,0,0,0,0,0,0,0,0,0,0,0,0,0
SRS104636,77,57,89,65,38,92,57,49,228,61,115,37,46,48,138,50,34,83,60,90,54,43,103,51,89,25,48,17,130,76,105,85,36,204,121,74,35,188,101,115,47,15,109,27,94,73,47,87,3713,135
SRS012969,0,0,0,0,0,0,0,0,1,0,0,0,0,0,0,1,0,0,0,0,0,0,0,0,0,0,0,0,0,0,0,0,0,0,0,0,0,0,0,0,0,0,2,0,0,0,0,0,4,2
SRS144714,0,0,0,1,0,1,0,0,5,0,0,0,0,0,0,0,1,0,0,0,0,1,0,0,0,0,0,0,0,0,0,0,0,1,0,0,1,0,0,0,1,0,0,0,0,0,0,0,12,24
SRS011452,14,21,25,10,8,18,12,2,55,12,27,24,12,9,39,7,9,15,16,22,7,13,16,15,19,14,7,3,43,20,21,16,13,33,22,16,9,46,22,32,9,3,15,8,21,10,7,23,840,33
SRS019030,0,0,0,0,0,0,0,0,0,0,0,0,0,0,0,0,0,0,0,0,0,0,0,0,0,0,0,0,0,0,0,0,0,0,0,0,0,0,0,0,0,0,0,0,0,0,0,0,0,4
SRS043701,89,101,130,103,60,172,88,65,320,104,216,118,98,71,233,81,67,148,111,165,82,101,166,91,149,39,81,22,242,136,165,121,63,375,164,144,46,329,148,275,73,35,271,46,151,127,81,161,6424,317
SRS017433,52,24,53,34,16,65,29,44,136,42,95,52,28,26,103,41,23,61,46,60,41,51,46,39,35,13,32,12,98,60,49,42,16,146,58,53,11,137,61,82,32,5,102,16,70,49,37,68,2491,148
SRS1041037,0,0,0,0,0,0,0,0,0,0,0,0,0,0,0,0,0,0,0,0,0,0,0,0,0,0,0,0,0,0,0,0,0,0,0,0,0,0,0,0,0,0,0,0,0,0,0,0,0,2
SRS019267,106,105,196,159,93,196,99,101,434,93,266,163,129,76,271,79,124,183,130,185,97,120,240,115,216,45,111,23,353,173,270,164,71,449,223,184,80,514,217,340,88,50,349,53,260,132,120,234,8479,738
SRS077364,117,76,114,87,47,115,59,46,251,68,185,54,59,46,156,54,58,79,92,126,67,66,134,58,123,33,68,15,178,98,131,84,46,291,102,87,42,239,119,215,63,26,203,36,112,73,63,145,4806,255
SRS011302,0,0,0,0,0,0,0,0,0,0,0,0,0,0,0,0,0,0,0,0,0,0,0,0,0,0,0,0,0,0,0,0,0,0,0,0,0,0,0,0,0,0,0,0,0,0,0,0,0,4
SRS1041146,0,0,0,0,0,0,0,0,0,0,0,0,0,0,0,0,0,0,0,0,0,0,0,0,0,0,0,0,0,0,0,0,0,0,0,0,0,0,0,0,0,0,0,0,0,0,0,0,0,3
SRS056519,0,17,0,0,0,2,4,1,30,0,0,8,0,6,1,0,0,5,1,0,0,0,4,0,4,0,0,0,0,2,0,0,0,11,2,1,0,2,0,1,0,1,3,0,2,0,2,1,111,456
SRS019161,0,0,0,0,0,0,0,0,0,0,0,0,0,0,0,0,0,0,0,0,0,0,0,0,0,0,0,0,0,0,0,0,0,0,0,0,0,0,0,0,0,0,0,0,0,0,0,0,0,5
SRS048307,0,0,0,0,0,0,0,0,0,0,0,0,0,0,0,0,0,0,0,0,0,0,0,0,0,0,0,0,0,0,0,0,0,0,0,0,0,0,0,0,0,0,0,0,0,0,0,0,0,1
SRS019638,118,99,142,105,67,146,59,61,286,85,165,89,92,66,162,47,75,128,90,144,44,81,123,69,129,31,92,29,196,101,115,99,56,290,112,116,43,306,150,251,62,36,199,46,178,107,93,164,5544,208
SRS1041149,258,253,329,266,101,343,184,116,671,238,505,189,148,108,528,145,134,316,199,334,193,188,295,136,220,46,213,37,541,234,275,243,117,770,279,294,79,685,193,539,150,40,460,63,354,293,149,498,12949,685
SRS077991,0,0,0,0,0,0,0,0,0,0,0,0,0,0,0,0,0,0,0,0,0,0,0,0,0,0,0,0,0,0,0,0,0,0,0,0,0,0,0,0,0,0,0,0,0,0,0,0,0,0
SRS1041113,0,0,0,0,0,0,0,0,0,0,0,0,0,0,0,0,0,0,0,0,0,0,0,0,0,0,0,0,0,0,0,0,0,0,0,0,0,0,0,0,0,0,0,0,0,0,0,0,0,0
SRS1041033,0,0,0,0,0,0,0,0,0,0,0,0,0,0,0,0,0,0,0,0,0,0,0,0,0,0,0,0,0,0,0,0,0,0,0,0,0,0,0,0,0,0,0,0,0,0,0,0,0,1
SRS014534,4,5,6,7,1,7,5,2,23,7,17,6,6,1,15,1,6,10,4,5,3,8,7,5,11,1,4,0,13,6,4,6,7,20,9,7,7,18,4,10,3,4,14,1,6,6,5,5,332,25
SRS971275,0,133,162,167,54,216,91,65,339,118,302,113,60,59,270,70,74,147,87,214,86,86,166,79,114,18,130,23,293,162,198,141,68,457,135,151,36,418,184,356,88,27,286,36,190,169,92,243,7173,316
SRS049900,0,0,0,0,0,0,0,0,0,0,0,0,0,0,0,0,0,0,0,0,0,0,0,0,0,0,0,0,0,0,0,0,0,0,0,0,0,0,0,0,0,0,0,0,0,0,0,0,0,1
SRS015782,0,0,0,0,0,0,0,0,0,0,0,0,0,0,0,0,0,0,0,0,0,0,0,0,0,0,0,0,0,0,0,0,0,0,0,0,0,0,0,0,0,0,0,0,0,0,0,0,0,1
SRS057717,199,156,278,224,141,288,110,116,729,158,383,187,192,129,357,110,170,239,193,258,129,185,339,151,320,75,164,43,496,260,347,192,105,672,271,256,98,738,211,512,129,137,463,58,357,208,198,344,12075,2150
SRS050752,0,0,0,0,0,0,0,0,0,0,0,0,0,0,0,0,0,0,0,0,0,0,0,0,0,0,0,0,0,0,0,0,0,0,0,0,0,0,0,0,0,0,0,0,0,0,0,0,0,1
SRS011271,0,0,0,0,0,0,0,0,0,0,0,0,0,0,0,0,0,0,0,0,0,0,0,0,0,0,0,0,0,0,0,0,0,0,0,0,0,0,0,0,0,0,0,0,0,0,0,0,0,2
SRS014391,0,0,0,0,0,0,0,0,0,0,0,0,0,0,0,0,0,0,0,0,0,0,0,0,0,0,0,0,0,0,0,0,0,0,0,0,0,0,0,0,0,0,0,0,0,0,0,0,0,0
SRS017745,0,0,0,0,0,0,0,0,0,0,0,0,0,0,0,0,0,0,0,0,0,0,0,0,0,0,0,0,0,0,0,0,0,0,0,0,0,0,0,0,0,0,0,0,0,0,0,0,0,0
SRS017821,0,0,0,0,0,0,0,0,0,0,0,0,0,0,0,0,0,0,0,0,0,0,0,0,0,0,0,0,0,0,0,0,0,0,0,0,0,0,0,0,0,0,0,0,0,0,0,0,0,5
SRS893300,2,2,4,1,1,3,1,2,7,2,6,4,0,0,2,0,0,2,0,0,1,2,2,0,4,0,2,0,6,3,6,1,1,11,0,4,0,7,7,4,6,0,6,0,1,4,3,2,122,6
SRS019445,4,1,5,2,1,1,2,3,7,3,2,3,3,1,0,3,1,1,1,6,0,1,2,2,3,0,2,0,7,3,9,5,0,2,0,3,2,6,5,2,2,1,5,1,3,4,0,1,121,6
SRS144393,0,0,0,0,0,0,0,0,0,0,0,0,0,0,0,0,0,0,0,0,0,0,0,0,0,0,0,0,0,0,0,0,0,0,0,0,0,0,0,0,0,0,0,0,0,0,0,0,0,0
SRS1055083,0,0,0,0,0,0,0,0,0,0,0,0,0,0,0,0,0,0,0,0,0,0,0,0,0,0,0,0,0,0,0,0,0,0,0,0,0,0,0,0,0,0,0,0,0,0,0,0,0,4
SRS142599,38,35,70,39,22,61,38,24,123,35,75,41,32,32,97,21,39,61,36,89,28,33,70,39,51,12,34,7,87,34,79,41,22,140,54,44,11,130,59,79,39,13,91,11,63,38,41,57,2415,147
SRS014948,0,0,0,0,0,1,0,0,0,0,0,0,0,0,0,0,0,0,0,0,0,0,1,0,0,0,0,0,0,0,0,0,0,0,0,0,0,0,0,0,0,0,0,0,0,0,0,1,3,0
SRS019068,8,8,17,11,5,13,4,6,38,10,19,9,7,8,23,7,7,14,10,18,9,10,16,8,19,3,11,1,25,9,16,11,8,29,9,8,6,37,20,31,15,4,28,4,0,9,9,18,615,38
SRS023914,0,0,0,0,0,0,0,0,0,0,0,0,0,0,0,0,0,0,0,0,0,0,0,0,0,0,0,0,0,0,0,0,0,0,0,0,0,0,0,0,0,0,0,0,0,0,0,0,0,5
SRS104311,167,164,168,154,79,223,113,90,531,123,279,142,111,102,304,90,118,187,104,209,107,121,239,119,229,68,117,24,311,183,258,139,77,469,240,173,61,509,147,320,95,41,329,55,260,155,125,237,8666,389
SRS148196,0,0,0,0,0,0,0,0,0,0,0,0,0,0,0,0,0,0,0,0,0,0,0,0,0,0,0,0,0,0,0,0,0,0,0,0,0,0,0,0,0,0,0,0,0,0,0,0,0,3
SRS016585,1,0,1,1,1,0,0,0,1,0,2,0,0,0,1,0,2,0,0,0,0,1,0,1,1,0,0,0,0,0,0,0,0,3,2,1,0,0,0,0,0,0,1,0,0,0,0,0,20,0
SRS893009,3,1,2,4,0,2,2,0,4,3,5,3,0,2,2,1,0,2,2,1,0,4,3,1,3,0,1,0,5,5,1,0,2,7,0,6,0,5,1,1,0,1,3,0,0,0,2,5,95,6
SRS014855,17,22,16,18,14,21,12,12,58,19,32,26,18,11,26,12,10,24,11,24,13,19,27,11,20,5,17,4,34,28,38,15,6,51,33,11,10,54,26,32,16,10,42,6,23,21,12,36,1023,28
SRS017375,0,0,0,0,0,0,0,0,0,0,0,0,0,0,0,0,0,0,0,0,0,0,0,0,0,0,0,0,0,0,0,0,0,0,0,0,0,0,0,0,0,0,0,0,0,0,0,0,0,0
SRS145308,1,0,3,3,0,1,0,2,1,2,3,0,0,0,3,0,3,2,2,0,0,1,0,2,2,0,0,0,1,4,3,0,3,8,1,1,0,5,1,4,1,0,2,1,5,1,0,4,76,10
SRS021219,0,0,0,0,0,1,0,0,0,0,0,0,0,0,0,0,0,0,0,0,0,0,1,0,0,0,1,0,1,0,0,0,0,0,0,0,0,2,0,0,0,0,0,0,0,1,0,0,7,12
SRS045936,0,1,0,0,0,0,0,0,0,0,0,0,0,0,0,0,0,0,0,0,0,0,0,0,0,0,0,0,0,0,0,0,0,0,0,0,0,0,0,0,0,0,0,0,0,0,0,0,1,4
SRS045324,0,0,0,0,0,0,0,0,0,0,0,0,0,0,0,0,0,0,0,0,0,0,0,0,0,0,0,0,0,0,0,0,0,0,0,0,0,0,0,0,0,0,0,0,0,0,0,0,0,0
SRS1055076,0,0,0,0,0,0,0,0,0,0,0,0,0,0,0,0,0,0,0,0,0,0,0,0,0,0,0,0,0,0,0,0,0,1,0,0,0,0,0,0,0,0,0,0,0,0,0,0,1,8
SRS098514,0,0,0,0,0,0,0,0,0,0,0,0,0,0,0,0,0,0,0,0,0,0,0,0,0,0,0,0,0,0,0,0,0,0,0,0,0,0,0,0,0,0,0,0,0,0,0,0,0,5
SRS045000,0,0,0,0,0,0,0,0,0,0,0,0,0,0,0,0,0,0,0,0,0,0,0,0,0,0,0,0,0,0,0,0,0,0,0,0,0,0,0,0,0,0,0,0,0,0,0,0,0,0
SRS058770,0,0,0,1,0,0,1,0,0,0,1,0,0,0,1,0,0,0,1,0,0,0,0,0,0,0,0,0,0,0,0,0,0,2,0,0,1,0,0,0,1,0,1,0,0,0,0,0,10,13
SRS013521,0,0,0,0,0,0,0,0,0,0,0,0,0,0,0,0,0,0,0,0,0,0,0,0,0,0,0,0,0,0,0,0,0,0,0,0,0,0,0,0,0,0,0,0,0,0,0,0,0,1
SRS063489,20,15,25,21,2,32,14,21,51,18,47,23,14,11,49,18,11,25,24,25,15,20,28,11,28,8,14,12,56,37,32,15,14,64,48,29,9,57,45,42,11,7,42,3,30,27,11,35,1216,124
SRS147039,0,0,0,0,0,0,0,0,0,0,0,0,0,0,0,0,0,0,0,0,0,0,0,0,0,0,0,0,0,0,0,0,0,0,0,0,0,0,0,0,0,0,0,0,0,0,0,0,0,4
SRS015246,0,0,0,0,1,0,0,0,0,0,0,0,0,0,0,0,0,0,0,0,0,0,0,0,0,0,0,0,0,0,0,0,0,0,0,0,0,0,0,0,0,0,0,0,0,0,0,0,1,0
SRS148784,13,11,19,13,5,19,7,3,40,15,30,17,7,7,45,9,12,19,12,20,8,17,15,15,19,8,9,4,39,14,22,19,9,51,25,14,9,39,31,30,14,3,35,2,21,10,8,20,833,80
SRS1041094,5,2,7,2,4,13,3,1,20,5,4,7,1,0,11,4,1,8,5,8,3,5,3,3,1,2,4,3,14,7,7,8,2,19,6,8,1,32,7,6,2,0,13,3,12,6,2,7,297,13
SRS075821,6,5,1,0,2,5,0,0,11,2,8,6,4,1,11,2,6,5,2,3,2,3,4,0,2,0,3,1,11,2,7,6,1,12,7,6,1,14,3,9,5,1,9,0,10,5,4,3,211,2
SRS020328,0,0,0,0,0,0,0,0,0,0,0,0,0,0,0,0,0,0,0,0,0,0,0,0,0,0,0,0,0,0,0,0,0,0,0,0,0,0,0,0,0,0,0,0,0,0,0,0,0,3
SRS064645,0,0,0,0,0,0,0,0,0,0,0,0,0,0,0,0,0,0,0,0,0,0,0,0,0,0,0,0,0,0,0,0,0,0,0,0,0,0,0,0,0,0,0,0,0,0,0,0,0,0
SRS143148,3,5,7,0,0,7,3,4,13,3,5,2,2,3,7,1,1,0,5,3,3,6,4,3,3,1,3,0,7,3,11,5,3,8,2,2,1,9,6,5,1,0,1,1,6,5,3,1,177,13
SRS014313,0,0,0,0,0,0,0,0,0,0,0,0,0,0,0,0,0,0,0,0,0,0,0,0,0,0,0,0,0,0,0,0,0,0,0,0,0,0,0,0,0,0,0,0,0,0,0,0,0,26
SRS015190,123,114,165,113,64,176,61,64,395,98,191,123,103,64,211,58,101,167,112,170,64,101,178,89,179,36,102,24,278,113,192,119,51,366,162,158,56,408,114,263,74,71,284,33,219,102,106,222,6837,234
SRS023715,1,1,0,0,0,0,1,0,0,0,0,0,0,0,0,0,0,1,0,0,0,1,0,0,0,0,0,0,0,1,0,0,0,2,0,0,0,0,0,1,0,0,0,0,0,0,0,1,10,9
SRS100907,0,3,2,8,1,5,2,1,8,4,1,2,6,5,4,0,2,5,3,9,0,1,3,0,7,0,2,0,5,1,6,3,5,3,5,7,0,7,3,9,2,0,9,0,1,1,0,9,160,13
SRS017247,25,25,22,20,13,28,18,10,54,11,35,22,13,9,39,9,13,26,18,21,6,14,36,22,25,9,15,7,49,34,37,22,7,54,22,28,9,66,37,38,10,7,42,9,17,25,20,23,1121,41
SRS054753,52,40,57,26,23,59,33,27,121,38,87,45,28,0,76,29,30,69,49,76,26,36,72,35,64,18,46,12,116,48,67,52,19,152,0,53,19,119,29,90,31,8,188,13,58,52,20,73,2481,201
SRS147377,67,49,52,64,28,79,35,33,154,39,64,48,48,39,95,31,34,60,46,83,17,43,84,38,76,23,39,9,105,61,102,70,24,160,53,68,22,179,83,98,32,13,104,17,100,55,36,80,2939,109
SRS014459,0,36,0,62,24,85,51,46,210,58,96,52,44,40,143,26,57,84,50,0,46,48,90,43,88,19,50,11,108,71,123,76,36,203,105,0,25,186,87,141,0,14,124,27,81,79,55,119,3219,123
SRS014235,0,0,0,0,0,0,0,0,0,0,0,0,0,0,0,0,0,0,0,0,0,0,0,0,0,0,0,0,0,0,0,0,0,0,0,0,0,0,0,0,0,0,0,0,0,0,0,0,0,5
SRS043841,0,0,0,0,0,0,0,0,0,0,0,0,0,0,0,0,0,0,0,0,0,0,0,0,0,0,0,0,0,0,0,0,0,0,0,0,0,0,0,0,0,0,0,0,0,0,0,0,0,0
SRS017307,0,0,0,0,0,0,0,0,0,0,0,0,0,0,0,0,0,0,0,0,0,0,0,0,0,0,0,0,0,0,0,0,0,0,0,0,0,0,0,0,0,0,0,0,0,0,0,0,0,0
SRS016095,59,65,84,65,48,99,44,29,183,47,114,67,53,40,124,34,59,77,52,75,36,45,100,53,82,23,52,14,162,68,111,52,23,175,76,62,35,178,104,138,32,21,118,24,96,53,46,102,3499,160
SRS053573,406,354,512,419,229,732,340,302,952,383,830,392,333,291,1009,327,273,567,436,730,322,434,619,321,518,162,396,102,1053,602,709,522,225,1546,669,628,214,1313,781,1036,310,107,938,136,672,570,334,722,25778,3370
SRS043667,0,0,0,1,0,0,0,0,2,0,0,0,0,0,4,0,1,0,2,1,2,1,0,0,0,0,0,1,2,0,1,1,0,0,1,1,0,0,1,2,1,0,1,0,0,1,0,0,27,7
SRS147653,55,53,70,45,28,80,27,25,159,46,88,59,40,22,94,24,44,69,46,63,27,46,66,32,70,21,51,8,97,51,94,55,34,167,60,65,25,163,73,107,34,29,104,17,89,49,38,90,2899,135
SRS020271,0,0,0,0,0,1,0,1,2,0,1,1,1,0,2,0,0,0,0,0,0,0,0,0,0,0,0,0,1,1,0,1,0,5,0,1,0,3,1,1,0,0,2,0,0,1,0,1,27,1
SRS014344,0,0,0,0,0,0,0,0,0,0,0,0,0,0,0,0,0,0,0,0,0,0,0,0,0,0,0,0,0,0,0,0,0,0,0,0,0,0,0,0,0,0,1,0,0,0,0,0,1,6
SRS1055099,80,57,97,58,26,86,29,39,180,43,119,38,34,29,141,27,40,81,50,87,42,31,70,45,52,14,45,6,115,70,75,59,22,208,72,74,20,178,90,117,51,20,132,21,86,72,32,113,3273,134
SRS886701,3,5,1,1,2,4,1,2,4,1,3,3,0,2,5,0,0,3,3,2,1,3,4,1,3,1,3,0,4,2,0,1,3,12,0,1,1,6,2,5,1,0,1,1,0,1,0,5,107,2
SRS054905,0,0,0,0,0,0,0,0,2,0,1,0,0,0,0,0,0,0,1,2,0,0,0,0,1,0,0,0,2,0,2,0,0,0,1,0,1,3,1,1,1,0,1,0,1,1,0,2,24,1
SRS014683,2,2,1,0,2,3,0,1,2,1,1,1,0,0,1,0,1,2,1,2,1,2,2,1,0,0,0,0,2,2,2,1,2,6,3,2,0,2,0,1,2,0,4,0,2,1,0,1,62,12
SRS053335,0,0,0,0,0,0,0,0,0,0,0,0,0,0,1,0,0,0,0,0,0,0,0,0,0,0,0,0,0,0,0,0,0,0,0,0,0,0,0,0,0,0,0,0,0,0,0,0,1,4
SRS971276,12,10,18,12,1,24,7,3,24,24,15,8,5,3,17,7,9,18,17,13,10,13,5,20,8,3,13,0,28,8,23,25,2,23,22,23,0,39,14,38,6,0,25,2,17,17,12,26,669,52
SRS050925,7,2,7,0,4,8,4,7,7,0,0,7,4,1,11,3,2,5,1,7,1,0,7,3,5,0,5,0,10,2,3,8,0,12,8,4,0,18,4,9,0,2,7,1,7,8,1,8,220,16
SRS050974,0,0,0,0,0,0,0,0,0,0,0,0,0,0,0,0,0,0,0,0,0,0,0,0,0,0,0,0,0,0,0,0,0,0,0,0,0,0,0,0,0,0,0,0,0,0,0,0,0,0
SRS143417,148,114,167,149,69,193,95,86,422,94,228,141,102,87,275,95,111,159,118,198,86,104,188,104,194,37,110,29,303,174,215,130,59,432,217,163,61,432,242,325,86,39,285,44,215,142,90,212,7769,531
SRS011061,5,3,4,1,2,6,3,3,12,4,7,3,2,1,10,4,1,2,3,3,3,2,6,3,6,0,5,1,6,4,6,1,2,11,3,2,3,14,6,14,4,1,4,1,3,4,1,7,202,16
SRS1041145,37,33,54,33,14,48,20,20,78,56,82,26,25,15,90,21,22,49,29,57,23,27,39,23,44,3,44,1,96,51,49,38,16,126,53,53,9,120,58,78,22,2,64,12,48,48,17,83,2056,86
SRS144753,0,1,0,1,0,0,0,0,0,0,0,0,0,2,0,0,1,0,0,2,0,1,0,0,0,0,0,0,0,0,0,0,0,1,0,0,0,0,0,0,3,0,0,0,0,0,0,0,12,37
SRS077552,0,1,2,0,2,1,1,0,4,3,2,0,1,3,3,2,1,2,1,2,0,2,1,2,3,0,3,0,5,3,4,2,0,2,1,2,2,7,1,4,1,0,0,3,2,0,1,3,85,5
SRS1041141,10,12,21,15,3,13,8,2,46,23,24,5,6,7,29,12,7,19,11,21,3,12,14,9,13,1,9,1,25,10,15,12,5,24,14,14,2,42,8,36,6,3,24,1,18,11,10,29,665,34
SRS142618,58,35,52,35,22,56,39,26,154,49,84,41,31,25,78,32,36,52,32,75,31,29,61,22,52,11,26,6,94,45,82,51,28,161,68,58,17,128,61,94,41,13,77,19,84,48,41,70,2530,92
SRS893172,0,0,0,0,0,0,0,0,0,0,0,0,0,0,0,0,0,0,0,0,0,0,0,0,0,0,0,0,0,0,0,0,0,0,0,0,0,0,0,0,0,0,0,0,0,0,0,0,0,0
SRS143876,0,0,0,0,0,0,0,0,0,0,0,0,0,0,0,0,0,0,0,0,0,0,0,0,0,0,0,0,0,0,0,0,0,0,0,0,0,0,0,0,0,0,0,0,0,0,0,0,0,10
SRS017622,76,54,93,58,28,107,54,32,159,47,106,74,44,37,129,39,37,90,48,93,43,55,84,30,89,20,46,7,147,68,112,77,29,167,98,71,30,158,116,120,52,25,150,26,84,69,39,96,3513,306
SRS023526,0,0,0,0,0,0,0,0,0,0,0,0,0,0,0,0,0,0,0,0,0,0,0,0,0,0,0,0,0,0,0,0,0,0,0,0,0,0,0,0,0,0,0,0,0,0,0,0,0,5
SRS143466,0,5,0,9,2,21,5,3,19,2,19,6,1,4,12,5,4,8,6,0,6,1,11,6,9,3,5,5,11,10,16,8,11,30,14,0,4,14,10,10,0,2,6,4,9,8,4,13,361,15
SRS076876,0,0,0,0,0,0,0,0,0,0,0,0,0,0,0,0,0,0,0,0,0,0,0,0,0,0,0,0,0,0,0,0,0,0,0,0,0,0,0,0,0,0,0,0,0,0,0,0,0,0
SRS012849,0,0,0,0,0,0,0,0,0,0,0,0,0,0,0,0,0,0,0,1,0,0,0,0,0,0,0,0,0,0,0,0,0,0,0,0,0,0,0,0,0,0,1,0,0,0,0,0,2,3
SRS1041091,0,0,0,0,0,0,0,0,0,0,0,0,0,0,0,0,0,0,0,0,0,0,0,0,0,0,0,0,0,0,0,0,0,1,0,0,0,0,0,0,0,0,0,0,0,0,0,0,1,1
SRS1041132,16,8,11,12,9,9,6,7,41,9,19,7,6,7,21,3,5,11,9,13,8,8,19,1,8,2,10,0,24,10,12,11,1,39,15,11,3,30,19,18,5,5,30,3,10,16,4,22,573,21
SRS046502,30,25,38,26,10,52,26,15,91,19,52,28,22,24,49,26,22,31,26,47,15,26,32,26,32,9,24,5,60,31,53,21,18,78,36,35,9,79,53,53,16,5,57,7,32,36,20,34,1561,57
SRS1041031,0,0,0,0,0,0,0,0,0,0,0,0,0,0,0,0,0,0,0,0,0,0,0,0,0,0,0,0,0,0,0,0,0,0,0,0,0,0,0,0,0,0,0,0,0,0,0,0,0,8
SRS142542,0,0,0,0,0,0,0,0,0,0,0,0,0,0,0,0,0,0,0,0,0,0,0,0,0,0,0,0,0,0,0,0,0,0,0,0,0,0,0,0,0,0,0,0,0,0,0,0,0,3
SRS016897,1,2,1,0,0,0,1,0,6,0,0,1,0,1,0,0,0,0,0,2,0,0,0,0,0,1,0,0,0,0,0,0,0,2,0,0,0,0,0,0,0,0,0,0,0,0,0,0,18,52
SRS049164,0,2,1,0,1,3,1,1,6,1,3,1,0,2,6,3,0,0,3,4,0,1,1,2,2,0,1,1,1,2,2,1,2,6,4,6,1,4,0,2,0,0,3,0,1,1,0,2,84,7
SRS017191,16,21,21,23,11,35,16,14,62,11,46,19,19,8,47,17,11,37,21,17,7,15,27,16,29,8,11,2,38,27,30,21,11,69,23,21,6,57,31,38,6,6,40,4,29,27,10,30,1111,76
SRS022713,0,0,0,0,0,0,0,0,0,0,0,0,0,0,0,0,0,0,0,0,0,0,0,0,0,0,0,0,0,0,0,0,0,0,0,0,0,0,0,0,0,0,0,0,0,0,0,0,0,2
