Tag,GA3_ClpV,GA3_TssF,GA3_TssP,GA3_TssK,GA3_TssR,GA3_TssC,GA3_TssG,GA3_TssB,GA3_Hcp,GA3_TssO,GA3_TssQ,total,skipped
SAMN09413948,2,4,6,5,1,5,1,0,0,0,0,24,0
SAMN09411704,210,116,74,97,191,116,67,27,29,28,36,991,51
SAMN09417045,0,1,0,0,0,0,0,0,0,0,0,1,0
SAMN09412341,4,4,2,2,6,3,5,0,2,0,2,30,2
SAMN09414035,330,208,112,90,301,203,101,57,47,64,77,1590,158
SAMN09411603,0,0,0,0,0,0,0,0,0,0,0,0,0
SAMN09421053,0,0,0,0,0,0,0,0,0,0,0,0,0
SAMN09417964,0,0,1,0,0,0,0,0,0,0,0,1,0
SAMN09414074,0,0,0,0,0,0,0,0,0,0,0,0,0
SAMN09417039,0,0,0,0,0,0,0,0,0,0,0,0,0
SAMN09408030,1,0,0,0,1,0,1,0,0,0,0,3,0
SAMN09408031,249,144,94,147,203,130,84,19,25,36,38,1169,46
SAMN09408214,1,0,0,1,0,0,0,0,0,0,0,2,0
SAMN09417983,0,0,0,0,0,0,0,0,0,0,0,0,0
SAMN09418259,0,0,0,0,0,0,0,0,0,0,0,0,0
SAMN09412079,0,0,0,0,0,0,0,0,0,0,0,0,0
SAMN09409364,0,0,0,0,0,0,0,0,0,0,0,0,0
SAMN09420335,0,0,0,0,0,0,0,0,0,0,0,0,0
SAMN09415935,0,0,0,0,0,0,0,0,0,0,0,0,0
SAMN09413795,0,0,0,0,0,0,0,0,0,0,0,0,0
SAMN09418437,0,0,1,0,0,0,0,0,0,0,0,1,0
SAMN09413462,5,0,3,2,7,3,1,1,1,0,0,23,0
SAMN09410613,36,15,14,9,22,15,9,1,3,6,1,131,8
SAMN09418813,0,0,0,0,0,0,0,0,0,0,0,0,0
SAMN09418433,0,0,0,0,0,0,0,0,0,0,0,0,0
SAMN09416203,0,0,0,0,0,0,0,0,0,0,0,0,0
SAMN09419427,47,20,8,21,26,23,11,8,3,4,9,180,4
SAMN09408526,3,2,3,3,4,4,0,1,0,0,1,21,1
SAMN09408316,0,0,0,0,0,0,0,0,0,0,0,0,1
SAMN09417678,0,0,0,0,0,0,0,0,0,0,0,0,0
SAMN09417804,0,0,20,32,68,0,15,0,0,16,17,168,26
SAMN09417406,0,0,0,0,0,0,0,0,0,0,0,0,0
SAMN09418648,26,12,6,7,18,13,4,3,3,1,2,95,6
SAMN09413967,0,0,0,0,0,0,0,0,0,0,0,0,0
SAMN09417394,21,7,5,5,14,7,4,0,0,1,3,67,8
SAMN09411768,0,1,0,0,0,0,0,0,0,0,0,1,0
SAMN09416322,679,442,226,350,588,464,225,95,128,150,142,3489,202
SAMN09417558,3,5,0,1,6,5,2,2,1,1,0,26,1
SAMN09419772,1,0,1,0,0,0,0,0,0,0,0,2,0
SAMN09414563,564,306,193,240,444,299,206,83,62,75,94,2566,75
SAMN09417250,0,0,0,0,0,0,0,0,0,0,0,0,0
SAMN09408581,103,49,34,26,85,56,34,12,12,16,20,447,37
SAMN09419644,610,309,172,186,417,332,166,93,87,84,108,2564,286
SAMN09416057,914,595,267,277,709,464,269,138,127,118,168,4046,306
SAMN09413895,6,2,5,5,5,3,5,1,1,0,2,35,0
SAMN09409342,8,5,2,1,8,4,1,1,0,3,0,33,3
SAMN09415440,1,0,0,0,0,0,0,0,0,0,0,1,0
SAMN09419074,20,7,6,6,21,7,1,3,0,2,2,75,3
SAMN09415915,2,3,1,0,4,1,0,1,2,0,0,14,3
SAMN09409768,0,0,0,0,0,0,0,0,0,0,0,0,0
SAMN09416995,0,0,0,0,0,0,0,0,0,0,0,0,0
SAMN09413876,18,13,8,16,15,17,5,2,3,0,4,101,9
SAMN09414646,0,0,0,0,0,0,0,0,0,0,0,0,0
SAMN09408764,0,0,0,0,0,0,0,0,0,0,0,0,0
SAMN09415395,0,0,0,0,0,0,0,0,0,0,0,0,0
SAMN09417557,1,0,0,0,0,0,0,0,0,0,0,1,0
SAMN09415507,70,28,11,19,42,11,9,0,0,10,9,209,10
SAMN09408630,0,0,0,0,0,0,0,0,0,0,0,0,0
SAMN09416862,0,0,0,0,0,0,0,0,1,0,0,1,5
SAMN09410972,0,0,0,0,0,0,0,0,0,0,0,0,0
SAMN09415879,305,192,108,85,223,179,98,31,40,42,53,1356,106
SAMN09419221,0,0,0,1,0,0,0,0,0,0,0,1,0
SAMN09418432,0,0,0,0,0,0,0,0,0,0,0,0,0
SAMN09420277,0,0,0,0,0,0,0,0,0,0,0,0,0
SAMN09419063,4,1,0,0,1,0,0,0,0,0,0,6,0
SAMN09414966,44,26,18,28,44,30,22,12,7,10,10,251,17
SAMN09416750,0,0,0,0,1,0,1,1,0,0,0,3,0
SAMN09416137,1,1,0,0,1,0,0,0,0,0,0,3,0
SAMN09409483,114,95,58,54,132,73,51,30,22,22,28,679,35
SAMN09412487,0,0,0,0,0,0,0,0,0,0,0,0,0
SAMN09419639,0,0,0,0,0,0,0,0,0,0,0,0,0
SAMN09417837,19,9,9,8,12,12,5,3,0,2,6,85,4
SAMN09415834,1,1,0,0,0,1,0,0,0,0,0,3,0
SAMN09412879,5,8,1,3,7,4,1,0,0,4,3,36,2
SAMN09417201,0,0,0,0,0,0,0,0,0,0,0,0,0
SAMN09412969,0,0,0,0,0,0,0,0,0,0,0,0,0
SAMN09419596,8,2,4,7,2,4,1,0,2,0,3,33,5
SAMN09416814,0,0,15,18,58,0,13,0,0,6,7,117,13
SAMN09412869,0,0,55,47,119,0,58,0,0,20,31,330,35
SAMN09419152,0,1,0,0,0,0,0,0,0,0,0,1,0
SAMN09419440,21,13,7,7,14,10,1,3,4,2,4,86,8
SAMN09414146,0,0,0,0,0,0,0,0,0,0,0,0,0
SAMN09420609,1,0,0,0,1,0,0,0,0,0,0,2,0
SAMN09408484,145,73,36,62,94,60,58,19,22,15,31,615,39
SAMN09410968,0,0,0,0,0,0,0,0,0,0,0,0,0
SAMN09413615,42,14,14,17,41,26,14,6,5,9,7,195,17
SAMN09412397,30,28,8,16,31,26,11,5,5,9,9,178,6
SAMN09420094,0,0,0,0,0,0,0,0,0,0,0,0,0
SAMN09418807,0,0,0,0,0,0,0,0,0,0,0,0,0
SAMN09413861,11,16,8,5,8,14,7,5,3,1,1,79,1
SAMN09412071,337,216,118,138,341,213,107,52,64,70,60,1716,102
SAMN09417949,20,14,5,18,26,13,5,0,3,2,3,109,4
SAMN09411164,0,0,0,0,0,0,0,0,0,0,0,0,0
SAMN09416696,0,0,0,0,0,0,0,0,0,0,0,0,0
SAMN09414795,5,6,2,2,3,7,0,3,1,2,1,32,2
SAMN09420581,0,0,0,0,0,0,0,0,0,0,0,0,0
SAMN09410927,25,11,6,5,10,9,4,1,2,1,4,78,4
SAMN09419318,0,1,0,0,0,0,0,0,0,0,0,1,0
SAMN09416181,1,0,1,0,0,0,0,0,1,1,0,4,0
SAMN09412040,1,0,38,25,78,0,27,0,0,8,16,193,22
SAMN09415423,0,0,0,0,0,0,0,0,0,0,0,0,0
SAMN09419212,0,0,0,0,0,0,0,0,0,0,0,0,0
SAMN09413854,0,1,0,1,4,1,0,0,1,0,0,8,0
SAMN09416745,18,6,7,4,9,11,6,1,1,1,1,65,11
SAMN09417195,0,0,0,0,0,0,0,0,0,0,0,0,0
SAMN09414873,0,0,0,0,0,0,0,0,0,0,0,0,0
SAMN09414484,0,0,0,0,0,0,0,0,0,0,0,0,0
SAMN09418914,0,0,0,0,0,0,0,0,0,0,0,0,0
SAMN09409158,0,0,0,0,0,0,0,0,0,0,0,0,0
SAMN09419058,7,5,4,5,4,8,0,1,1,0,1,36,2
SAMN09412176,8,4,5,3,8,6,2,1,2,1,1,41,2
SAMN09414009,0,0,0,0,0,0,0,0,0,0,0,0,0
SAMN09412568,16,11,6,3,21,8,7,1,2,2,3,80,9
SAMN09410328,0,1,0,1,0,0,1,0,0,0,0,3,0
SAMN09417191,6,1,1,5,1,4,0,0,1,0,1,20,3
SAMN09409737,205,111,76,87,182,116,76,37,23,36,37,986,57
SAMN09412981,0,0,0,0,0,0,0,0,0,0,0,0,0
SAMN09420698,205,145,69,54,166,107,59,32,27,18,34,916,93
SAMN09418370,0,0,0,0,0,0,0,0,0,0,0,0,0
SAMN09410382,0,0,0,0,0,0,0,0,0,0,0,0,0
SAMN09408898,0,0,0,0,1,0,0,0,0,0,0,1,0
SAMN09412246,0,0,0,0,0,0,0,0,0,0,0,0,0
SAMN09418951,0,0,0,0,0,1,0,0,0,0,0,1,0
SAMN09408840,0,0,0,0,0,0,0,0,0,0,0,0,0
SAMN09409239,0,0,0,0,0,0,0,0,0,0,0,0,0
SAMN09411109,0,0,0,0,0,0,0,0,0,0,0,0,0
SAMN09408819,0,0,157,143,400,0,160,0,0,78,73,1011,109
SAMN09408449,96,57,33,45,89,62,34,17,10,22,14,479,12
SAMN09416259,0,0,0,0,0,0,0,0,0,0,0,0,0
SAMN09420697,4,4,1,1,5,2,0,1,0,0,2,20,3
SAMN09418638,31,10,9,6,30,21,16,4,2,9,3,141,20
SAMN09415034,0,0,0,0,0,0,0,0,0,0,0,0,0
SAMN09419917,0,0,0,0,0,0,0,0,0,0,0,0,0
SAMN09410903,0,0,0,0,0,0,0,0,0,0,0,0,0
SAMN09414916,119,60,29,44,98,61,34,16,10,27,23,521,37
SAMN09409611,0,0,0,0,0,0,0,0,0,0,0,0,1
SAMN09414689,0,0,0,0,0,0,0,0,0,0,0,0,0
SAMN09420082,50,34,21,9,36,28,13,9,12,9,6,227,13
SAMN09420931,0,0,0,0,0,0,0,0,2,0,0,2,0
SAMN09416110,10,14,11,14,16,19,8,1,5,3,5,106,5
SAMN09417595,21,8,3,7,7,4,3,3,1,1,1,59,4
SAMN09418598,0,0,0,0,0,0,0,0,0,0,0,0,0
SAMN09414463,30,19,8,8,21,13,16,1,2,8,3,129,6
SAMN09412436,0,0,0,0,0,0,0,0,0,0,0,0,0
SAMN09412403,0,1,0,0,0,1,0,0,0,0,0,2,0
SAMN09409143,15,8,3,8,7,3,4,1,2,2,1,54,2
SAMN09409798,0,0,0,0,0,0,0,0,0,0,0,0,0
SAMN09420284,0,0,0,0,0,0,0,0,0,0,0,0,0
SAMN09415596,0,0,0,0,0,0,0,0,0,0,0,0,0
SAMN09411051,1,0,0,1,0,0,1,0,0,0,0,3,0
SAMN09418578,15,8,5,7,11,9,6,1,2,4,2,70,13
SAMN09411168,77,26,21,37,47,41,18,10,9,13,9,308,14
SAMN09414977,14,10,1,1,9,6,1,4,0,2,2,50,4
SAMN09415874,1,0,0,0,0,0,0,0,0,0,0,1,0
SAMN09414173,1153,689,399,383,958,650,343,152,131,169,202,5229,529
SAMN09414588,64,31,16,24,35,30,16,6,8,12,9,251,33
SAMN09414773,0,0,0,0,0,0,0,0,0,0,0,0,0
SAMN09409993,0,0,0,0,0,0,0,0,0,0,0,0,0
SAMN09412728,2,2,1,2,5,1,1,4,0,0,0,18,1
SAMN09414756,4,3,3,1,7,1,0,0,1,0,0,20,3
SAMN09410115,0,0,0,0,0,0,0,0,0,0,0,0,0
SAMN09415602,2,1,0,1,0,0,0,0,0,0,0,4,2
SAMN09413562,0,0,0,0,0,0,0,0,0,0,0,0,0
SAMN09414745,0,0,0,0,0,0,0,0,0,0,0,0,0
SAMN09420234,0,1,0,0,1,0,1,0,0,0,0,3,1
SAMN09415412,0,0,0,0,0,0,0,0,0,0,0,0,0
SAMN09413633,0,0,0,0,0,0,0,0,0,0,0,0,0
SAMN09412876,0,0,0,0,0,0,0,0,0,0,0,0,0
SAMN09408844,9,9,0,3,2,10,7,1,1,2,2,46,4
SAMN09413891,0,0,0,0,0,0,0,0,0,0,0,0,0
SAMN09411416,5,0,0,3,4,2,0,1,0,0,0,15,1
SAMN09420410,17,9,6,9,17,19,3,3,2,5,5,95,5
SAMN09421179,0,0,0,0,0,0,0,0,0,0,0,0,0
SAMN09415687,1,0,0,0,1,0,0,0,0,0,0,2,0
SAMN09408733,0,0,1,0,1,3,0,1,0,0,0,6,1
SAMN09415860,1,0,0,0,0,0,1,0,0,0,2,4,0
SAMN09411562,1,1,0,0,5,1,1,1,0,1,0,11,0
SAMN09415389,0,0,0,0,0,0,0,0,0,0,0,0,0
SAMN09416529,0,0,0,0,0,0,0,0,0,0,0,0,0
SAMN09419998,18,13,5,7,23,12,6,3,2,4,3,96,9
SAMN09412116,25,7,8,13,15,5,5,0,0,4,3,85,3
SAMN09414233,212,112,74,111,183,107,62,37,24,37,42,1001,66
SAMN09416034,0,0,0,0,0,0,0,0,0,0,0,0,0
SAMN09419625,100,77,41,64,112,74,50,16,14,22,18,588,31
SAMN09414224,1,1,0,0,1,1,0,0,0,0,0,4,2
SAMN09411682,0,0,0,0,0,0,0,0,0,0,0,0,0
SAMN09420134,0,0,0,0,0,0,0,0,0,0,0,0,0
SAMN09409403,2,0,0,1,0,1,0,0,0,0,0,4,1
SAMN09408177,37,34,14,21,43,25,17,11,2,13,13,230,2
SAMN09408349,12,5,3,6,10,6,10,0,4,2,3,61,4
SAMN09411123,9,6,3,6,9,3,3,0,1,1,3,44,6
SAMN09412741,4,5,1,1,3,7,1,0,0,0,0,22,3
SAMN09412299,92,20,29,18,55,43,20,8,7,9,15,316,47
SAMN09414782,0,0,0,0,0,0,0,0,0,0,0,0,0
SAMN09410445,0,0,0,0,0,0,0,0,0,0,0,0,0
SAMN09413530,0,0,0,0,0,0,0,0,0,0,0,0,0
SAMN09410550,19,18,3,7,22,9,6,4,2,10,5,105,4
SAMN09409676,26,14,8,8,23,14,11,4,5,6,1,120,9
SAMN09418453,75,54,28,31,52,42,31,11,10,10,13,357,21
SAMN09421175,0,0,0,0,0,0,0,0,0,0,0,0,0
SAMN09410505,8,6,4,2,10,8,5,2,1,1,1,48,8
SAMN09418644,0,0,0,0,1,0,0,0,0,0,0,1,1
SAMN09420841,1,0,0,0,0,0,0,0,0,0,0,1,0
SAMN09420783,0,0,1,0,0,0,0,0,0,0,0,1,0
SAMN09412115,0,0,0,0,0,0,0,0,0,0,0,0,0
SAMN09417731,17,6,3,5,12,7,4,0,0,1,9,64,8
SAMN09412844,65,51,25,30,67,45,31,9,11,11,9,354,15
SAMN09413994,2,7,1,5,9,6,2,1,2,1,3,39,4
SAMN09414188,84,46,26,45,69,52,36,8,5,17,11,399,29
SAMN09410493,0,0,0,0,0,0,0,0,0,0,0,0,0
SAMN09411189,1,0,1,0,1,0,0,0,0,0,0,3,0
SAMN09417369,0,0,0,0,0,0,0,0,0,1,0,1,0
SAMN09412243,0,1,0,0,0,0,0,0,0,0,0,1,0
SAMN09411781,0,0,0,0,0,0,0,0,0,0,0,0,0
SAMN09417924,0,0,0,0,0,0,0,0,0,0,0,0,0
SAMN09416697,0,0,0,0,0,0,0,0,0,0,0,0,0
SAMN09409047,0,0,0,0,0,0,0,0,0,0,0,0,0
SAMN09418820,0,0,0,0,0,0,0,0,0,0,0,0,0
SAMN09409131,3,3,1,0,1,1,0,1,1,0,0,11,0
SAMN09414941,5,4,0,1,15,5,1,1,0,4,2,38,2
SAMN09416289,0,0,0,0,0,0,0,0,0,0,0,0,0
SAMN09412554,4,2,2,3,5,1,1,2,0,3,1,24,2
SAMN09419921,20,26,8,11,18,11,5,4,4,1,3,111,5
SAMN09409999,0,0,0,0,0,0,0,0,0,0,0,0,0
SAMN09415105,14,11,2,5,15,6,6,1,3,2,2,67,2
SAMN09414375,9,4,7,3,3,4,3,1,0,0,3,37,4
SAMN09414428,0,0,0,0,0,0,0,0,0,0,0,0,0
SAMN09411503,0,0,0,0,0,0,0,0,0,0,0,0,0
SAMN09411419,0,0,0,0,0,0,0,0,0,0,0,0,0
SAMN09408139,92,62,43,24,75,53,30,14,16,11,10,430,38
SAMN09409067,172,94,50,40,118,96,55,15,23,22,16,701,77
SAMN09411989,0,0,0,0,0,0,0,0,0,0,0,0,0
SAMN09412614,6,6,1,2,9,3,2,1,1,1,1,33,4
SAMN09417568,0,0,0,0,1,0,0,0,0,0,0,1,1
SAMN09408376,0,0,0,0,0,0,0,0,0,0,0,0,0
SAMN09408506,332,190,109,140,324,175,119,62,47,58,58,1614,101
SAMN09410286,469,260,106,101,349,204,113,60,50,70,71,1853,118
SAMN09418497,0,0,0,0,1,0,0,0,0,0,0,1,0
SAMN09418015,0,1,0,0,0,0,0,0,0,0,0,1,0
SAMN09415304,0,1,0,0,0,0,0,0,0,0,0,1,0
SAMN09418627,1,3,0,0,3,1,0,0,0,0,0,8,0
SAMN09411433,0,0,0,0,0,0,0,0,0,0,0,0,0
SAMN09408203,0,0,0,0,0,0,0,0,0,0,0,0,0
SAMN09415393,0,0,0,0,0,0,0,0,0,0,0,0,0
SAMN09412965,82,56,33,30,63,47,29,8,6,13,11,378,23
SAMN09410608,0,0,0,0,0,0,0,0,0,0,0,0,0
SAMN09415421,132,69,40,60,122,38,36,0,0,21,23,541,21
SAMN09420447,340,212,101,173,327,172,120,47,49,61,63,1665,82
SAMN09418602,0,1,0,0,1,1,0,0,0,1,0,4,1
SAMN09418616,9,6,4,3,11,4,5,1,2,1,2,48,2
SAMN09409545,64,29,19,14,39,30,15,4,8,12,8,242,10
SAMN09420078,0,1,0,0,0,0,0,0,0,0,0,1,0
SAMN09418746,986,591,318,316,777,431,300,154,134,119,134,4260,293
SAMN09408215,128,96,77,39,152,82,80,29,20,21,16,740,65
SAMN09414302,1,0,0,0,0,0,0,0,0,0,0,1,0
SAMN09414453,33,21,11,14,26,20,6,6,4,8,7,156,16
SAMN09412110,47,6,11,10,33,23,11,8,8,3,4,164,25
SAMN09420247,0,0,0,0,0,0,0,0,0,0,0,0,1
SAMN09412023,204,117,55,93,169,116,64,24,25,27,32,926,70
SAMN09415873,24,9,5,8,18,12,5,3,3,2,4,93,2
SAMN09420272,30,18,8,14,17,11,9,1,6,4,6,124,2
SAMN09418309,36,13,5,16,25,10,5,2,2,1,5,120,5
SAMN09413879,1,0,0,0,0,0,0,1,0,0,0,2,0
SAMN09408400,0,0,0,0,1,0,0,0,0,0,0,1,0
SAMN09419680,3,4,3,4,4,0,2,0,0,0,0,20,0
SAMN09414298,0,0,0,0,0,0,0,0,0,0,0,0,0
SAMN09417386,5,4,2,1,5,1,3,1,2,0,1,25,2
SAMN09413216,0,0,0,0,0,0,1,0,0,0,0,1,0
SAMN09411214,0,0,0,0,0,0,0,0,0,0,0,0,0
SAMN09408800,0,0,0,0,0,0,0,0,0,0,0,0,0
SAMN09420164,14,4,10,9,9,8,5,6,0,5,4,74,2
SAMN09411118,513,290,166,157,380,289,164,72,65,65,87,2248,159
SAMN09418558,1,0,1,2,1,1,0,0,0,1,0,7,0
SAMN09419386,84,50,44,51,73,78,23,22,12,15,20,472,24
SAMN09414311,86,68,17,22,56,41,29,8,9,16,16,368,23
SAMN09408211,3,5,1,2,6,1,4,0,0,2,0,24,1
SAMN09417194,0,0,0,0,0,1,0,0,0,0,0,1,0
SAMN09408656,0,0,0,0,0,0,0,0,0,0,0,0,0
SAMN09408598,0,0,0,0,0,0,0,0,0,0,0,0,0
SAMN09414144,0,0,0,0,0,0,0,0,0,0,0,0,0
SAMN09410945,0,0,0,0,0,0,0,0,0,0,0,0,0
SAMN09409172,78,34,22,25,61,33,23,5,7,11,4,303,9
SAMN09414334,0,0,1,0,0,1,0,0,0,0,0,2,0
SAMN09410746,0,0,0,0,0,0,0,0,0,0,0,0,0
SAMN09413031,5,3,6,1,11,4,3,1,1,1,2,38,2
SAMN09412609,190,97,54,58,137,87,51,22,24,31,33,784,94
SAMN09418324,0,0,29,26,60,0,31,0,0,6,20,172,18
SAMN09419513,507,360,194,155,452,260,167,66,59,71,84,2375,173
SAMN09417050,0,0,67,57,174,0,60,0,0,45,43,446,43
SAMN09414214,0,0,0,0,0,0,0,0,0,0,0,0,0
SAMN09410405,0,0,0,0,0,0,0,0,0,0,0,0,0
SAMN09413132,1,0,29,32,58,0,36,0,0,21,15,192,24
SAMN09415621,3,1,3,0,7,0,1,1,3,0,2,21,1
SAMN09411023,3,2,0,0,6,1,0,0,1,0,1,14,1
SAMN09409144,0,0,0,0,0,0,0,0,0,0,0,0,0
SAMN09420436,0,0,0,0,0,0,0,0,0,0,0,0,0
SAMN09418689,96,25,35,24,104,65,46,17,18,18,15,463,59
SAMN09416953,0,0,0,0,0,0,0,0,0,0,0,0,0
SAMN09409497,0,0,0,0,1,1,0,0,0,0,0,2,0
SAMN09414662,73,74,24,19,87,51,38,17,11,13,16,423,27
SAMN09416639,214,112,68,110,168,121,64,26,27,32,35,977,29
SAMN09411407,0,0,0,0,0,0,0,0,0,0,0,0,0
SAMN09418520,13,2,3,2,7,3,0,2,0,1,1,34,1
SAMN09416172,4,1,4,0,7,6,3,1,0,1,1,28,2
SAMN09408771,0,0,0,0,0,0,0,0,0,0,0,0,0
SAMN09414858,4,4,1,2,9,3,3,3,1,1,2,33,2
SAMN09416737,2,1,1,0,2,0,0,0,1,1,0,8,1
SAMN09418237,1,1,2,1,3,2,2,0,0,1,2,15,2
SAMN09413983,2,3,0,0,2,1,1,0,0,1,0,10,0
SAMN09417242,22,2,8,2,6,15,5,3,2,1,1,67,6
SAMN09415459,0,0,0,0,0,0,0,0,0,0,0,0,0
SAMN09414684,0,0,0,0,0,0,0,0,0,0,0,0,0
SAMN09416583,20,24,11,7,22,8,7,2,0,6,2,109,9
SAMN09416182,75,47,21,26,68,47,32,6,15,16,16,369,31
SAMN09409340,0,0,0,0,0,0,0,0,0,0,0,0,0
SAMN09419944,0,0,0,0,0,0,0,0,0,0,0,0,0
SAMN09414236,0,0,0,0,0,0,0,0,0,0,0,0,0
SAMN09419410,54,40,18,15,42,30,18,9,8,10,12,256,11
SAMN09419359,42,16,16,20,43,17,23,2,2,4,11,196,10
SAMN09415140,0,3,0,0,0,0,0,0,0,0,0,3,0
SAMN09419056,246,147,66,111,208,126,87,35,40,27,36,1129,38
SAMN09411701,185,118,72,70,155,96,55,25,34,32,28,870,43
SAMN09413685,0,0,0,0,0,0,0,0,0,0,0,0,0
SAMN09413935,46,27,19,10,42,26,11,7,8,6,10,212,26
SAMN09413556,0,0,0,0,0,0,0,0,0,0,0,0,0
SAMN09408781,0,0,0,0,0,0,0,0,0,0,0,0,0
SAMN09415441,49,40,19,27,56,30,19,9,10,8,11,278,11
SAMN09414557,0,0,0,0,0,0,0,0,0,0,0,0,1
SAMN09418975,5,2,2,2,8,0,3,0,0,1,0,23,2
SAMN09409544,0,0,0,0,0,0,0,0,0,0,0,0,0
SAMN09417938,0,0,0,0,0,0,0,0,0,0,0,0,0
SAMN09414913,77,53,32,39,64,42,27,15,8,6,19,382,20
SAMN09420012,6,1,3,1,4,1,1,0,0,0,1,18,4
SAMN09412086,961,548,284,310,826,493,298,130,103,147,156,4256,441
SAMN09417831,0,1,0,0,0,0,0,0,0,0,0,1,0
SAMN09418454,556,334,172,177,466,290,170,86,82,78,104,2515,259
SAMN09421079,343,164,91,134,250,183,106,40,28,48,56,1443,50
SAMN09420605,0,0,0,0,0,0,0,0,0,0,0,0,0
SAMN09412257,0,0,0,0,0,0,0,0,0,0,0,0,0
SAMN09410224,0,0,0,0,0,0,0,0,0,0,0,0,0
SAMN09412009,5,7,1,2,8,3,4,3,0,3,0,36,1
SAMN09419012,0,0,0,0,0,0,0,0,0,0,0,0,0
SAMN09418787,0,0,0,0,0,0,0,0,0,0,0,0,0
SAMN09419572,18,18,10,8,14,9,6,4,1,4,5,97,9
SAMN09413637,0,0,0,0,1,0,0,0,0,0,0,1,0
SAMN09409096,0,0,0,0,0,0,0,0,0,0,0,0,0
SAMN09410439,0,0,0,0,0,0,0,0,0,0,0,0,0
SAMN09412814,0,0,0,0,0,0,0,0,0,0,0,0,0
SAMN09419013,3,4,1,1,9,5,3,1,0,2,2,31,1
SAMN09416124,8,2,1,1,6,4,3,1,0,3,4,33,4
SAMN09416486,0,0,0,0,0,0,0,0,0,0,0,0,0
SAMN09417676,0,0,0,0,0,0,0,0,0,0,0,0,0
SAMN09417899,2,1,0,0,1,0,1,0,0,0,1,6,1
SAMN09416444,0,0,0,0,0,0,0,0,0,0,0,0,0
SAMN09417253,0,0,0,0,0,0,0,0,0,0,0,0,0
SAMN09409475,34,17,7,7,26,12,6,3,4,6,4,126,8
SAMN09415064,0,0,0,0,0,0,0,0,0,0,0,0,0
SAMN09409257,0,0,0,0,0,0,0,0,0,0,0,0,0
SAMN09417805,0,0,0,0,0,0,0,0,0,0,0,0,0
SAMN09418653,101,74,38,54,64,68,22,9,12,18,19,479,42
SAMN09411218,0,0,0,0,0,0,0,0,0,0,1,1,0
SAMN09420096,10,6,1,0,14,7,3,0,3,1,0,45,2
SAMN09415544,0,0,0,0,0,0,0,0,0,0,0,0,0
SAMN09408169,0,0,0,0,0,0,0,0,0,0,0,0,0
SAMN09414154,0,0,0,0,0,0,0,0,0,0,0,0,0
SAMN09420778,7,5,1,2,2,5,2,1,0,1,1,27,1
SAMN09411052,0,1,1,0,2,2,0,0,0,0,0,6,0
SAMN09409194,31,15,3,4,14,11,10,1,3,0,3,95,4
SAMN09414661,0,0,0,0,0,0,0,0,0,0,0,0,0
SAMN09420751,204,102,59,70,162,114,61,33,22,25,29,881,45
SAMN09409011,0,0,0,0,0,0,0,0,0,0,0,0,0
SAMN09417128,0,0,0,0,0,0,0,0,0,0,0,0,0
SAMN09409279,0,0,0,0,0,0,0,0,0,0,0,0,0
SAMN09410380,38,24,16,11,32,18,11,8,3,4,6,171,15
SAMN09412501,0,0,0,0,0,0,0,0,0,0,0,0,0
SAMN09408430,0,0,0,0,0,0,0,0,0,0,0,0,0
SAMN09420194,0,0,0,0,0,0,0,0,0,0,0,0,0
SAMN09412634,73,38,20,25,67,31,27,11,5,15,12,324,26
SAMN09413485,817,490,223,251,596,375,252,130,111,118,132,3495,215
SAMN09411102,30,13,10,14,30,22,5,8,0,9,5,146,27
SAMN09419307,0,0,0,0,0,0,0,0,0,0,0,0,0
SAMN09413560,0,0,0,0,0,0,0,0,0,0,0,0,0
SAMN09420546,2,0,0,1,3,0,0,0,0,0,1,7,1
SAMN09421066,2,2,1,1,1,1,0,0,0,0,0,8,0
SAMN09411649,0,0,0,0,0,0,0,0,0,0,0,0,0
SAMN09420613,9,10,6,7,17,14,8,0,1,2,4,78,5
SAMN09415578,0,0,0,1,3,1,1,0,0,0,1,7,0
SAMN09412516,0,0,0,0,0,1,0,0,0,0,0,1,0
SAMN09414228,11,6,3,6,9,6,4,0,3,0,0,48,2
SAMN09420187,0,0,0,0,0,0,0,0,0,0,0,0,0
SAMN09409978,4,4,1,0,5,2,0,1,0,0,1,18,3
SAMN09412070,1,0,0,0,0,0,0,0,0,0,0,1,0
SAMN09418461,0,0,0,1,0,0,0,0,0,0,0,1,0
SAMN09408773,70,45,21,33,71,33,13,10,9,7,8,320,20
SAMN09420317,183,76,35,50,120,68,46,24,18,24,20,664,59
SAMN09419214,1,0,0,0,1,0,0,0,0,0,0,2,1
SAMN09417991,25,20,8,7,32,12,9,4,2,6,5,130,6
SAMN09411689,25,22,5,3,24,11,9,4,4,9,2,118,11
SAMN09411766,68,58,26,34,86,44,20,12,13,10,13,384,17
SAMN09420289,0,0,0,0,0,0,0,0,0,0,0,0,0
SAMN09421002,0,0,1,0,0,0,0,0,0,1,0,2,0
SAMN09411947,0,0,0,0,0,0,0,0,0,0,0,0,0
SAMN09408726,0,0,0,0,1,0,0,0,0,1,0,2,0
SAMN09414685,25,14,3,10,16,8,3,0,1,3,5,88,7
SAMN09415895,0,0,0,0,0,0,0,0,0,0,0,0,0
SAMN09415718,3,0,0,0,0,0,0,0,0,0,0,3,0
SAMN09420353,0,0,0,0,0,0,0,0,0,0,0,0,0
SAMN09412274,22,9,8,10,13,14,3,1,3,6,5,94,6
SAMN09408348,1,0,1,1,1,2,0,0,2,1,1,10,2
SAMN09410036,0,0,0,0,0,0,0,0,0,0,0,0,0
SAMN09413427,1,2,1,1,0,0,0,0,1,1,0,7,0
SAMN09418247,0,0,0,0,0,0,0,0,0,0,0,0,0
SAMN09411487,0,0,0,0,0,0,0,0,0,0,0,0,0
SAMN09416732,6,0,2,3,3,2,0,1,0,0,0,17,0
SAMN09413192,0,0,0,0,0,0,0,0,0,0,0,0,0
SAMN09413479,0,0,0,0,0,0,0,0,0,0,0,0,0
SAMN09410567,60,37,13,19,59,33,18,12,6,8,13,278,29
SAMN09412431,0,0,0,0,0,0,0,0,0,0,0,0,0
SAMN09411526,47,23,14,19,36,20,16,7,4,6,6,198,15
SAMN09409245,7,4,6,5,17,8,4,3,0,1,2,57,1
SAMN09419724,443,288,144,136,336,205,131,58,48,55,67,1911,124
SAMN09410483,0,0,0,0,0,0,0,0,0,0,0,0,0
SAMN09421052,0,0,0,0,0,0,0,0,0,0,0,0,0
SAMN09416120,0,1,0,0,0,0,0,0,0,0,0,1,0
SAMN09419266,458,326,151,136,385,249,130,63,47,59,84,2088,98
SAMN09415219,22,10,11,8,20,9,10,5,2,3,2,102,7
SAMN09411366,9,17,2,3,10,6,2,3,3,0,4,59,6
SAMN09417144,0,0,0,0,0,0,0,0,0,0,0,0,0
SAMN09418749,0,1,0,0,0,0,1,0,0,0,0,2,0
SAMN09419358,0,0,0,0,0,0,0,0,0,0,0,0,0
SAMN09409755,0,2,1,0,1,0,0,0,0,1,0,5,0
SAMN09411314,1,0,0,0,3,0,0,0,0,0,1,5,0
SAMN09412955,9,5,2,2,6,2,2,0,0,1,1,30,2
SAMN09409732,364,204,80,144,293,165,109,29,21,46,55,1510,87
SAMN09409996,0,0,0,0,0,0,0,0,0,0,0,0,0
SAMN09417657,0,0,0,0,0,0,0,0,0,0,0,0,0
SAMN09416096,172,96,52,85,163,70,65,0,1,25,39,768,56
SAMN09419109,0,0,0,0,0,0,1,0,0,0,0,1,0
SAMN09408722,72,39,31,46,71,51,31,12,11,9,9,382,14
SAMN09417377,0,0,0,0,0,0,0,0,0,0,0,0,0
SAMN09414891,0,0,0,0,0,0,0,0,0,0,0,0,0
SAMN09414169,66,44,25,15,54,18,18,5,5,8,10,268,16
SAMN09419347,15,13,11,6,15,4,3,0,0,4,5,76,3
SAMN09416275,0,0,0,0,0,0,0,0,0,0,0,0,0
SAMN09413430,0,0,0,0,1,1,0,0,0,0,0,2,1
SAMN09417527,18,14,7,7,14,14,11,2,3,0,3,93,0
SAMN09409125,0,0,0,0,0,0,0,0,0,0,0,0,0
SAMN09412939,0,0,0,0,0,0,0,0,0,0,0,0,0
SAMN09412819,0,0,0,0,0,0,0,0,0,0,0,0,0
SAMN09408329,0,0,0,0,0,0,0,0,0,0,0,0,0
SAMN09414613,15,5,1,2,6,4,3,2,1,4,3,46,8
SAMN09409066,19,10,5,11,15,14,3,1,2,3,3,86,5
SAMN09410441,0,0,0,0,0,0,0,0,0,0,0,0,0
SAMN09419311,0,0,0,0,0,0,0,0,0,0,0,0,0
SAMN09409281,0,0,0,0,0,0,0,0,0,0,0,0,0
SAMN09414948,91,72,37,38,83,55,24,18,11,13,15,457,17
SAMN09410047,0,0,0,0,0,0,0,0,0,0,0,0,0
SAMN09416071,0,0,0,0,0,0,0,0,0,0,0,0,0
SAMN09416922,19,7,8,7,22,13,2,3,1,4,7,93,11
SAMN09416935,2,0,1,0,0,1,0,0,0,2,0,6,2
SAMN09412378,0,0,0,0,0,0,0,0,0,0,0,0,0
SAMN09408893,0,0,0,0,0,0,0,0,0,0,0,0,0
SAMN09411860,19,5,3,7,11,6,1,2,1,1,1,57,4
SAMN09414257,2,0,0,2,4,0,3,0,0,0,0,11,2
SAMN09414201,0,0,0,0,0,0,0,0,0,0,0,0,0
SAMN09413059,0,0,0,0,0,0,0,0,0,0,0,0,0
SAMN09408481,1,0,0,0,0,0,0,0,0,0,0,1,0
SAMN09419181,1,1,1,0,2,2,0,0,0,1,3,11,2
SAMN09413972,455,319,163,128,392,249,153,72,56,65,91,2143,142
SAMN09409641,24,15,10,8,22,13,2,3,5,8,5,115,4
SAMN09415847,188,103,63,85,161,91,78,28,20,37,51,905,48
SAMN09414722,0,0,0,0,0,0,0,0,0,0,0,0,0
SAMN09410061,0,0,0,0,0,0,0,0,0,0,0,0,0
SAMN09419893,0,0,0,0,0,0,0,0,0,0,0,0,0
SAMN09413673,25,20,12,19,26,14,4,4,6,2,5,137,4
SAMN09411624,0,0,0,0,0,0,0,0,0,0,0,0,0
SAMN09421121,0,0,0,0,0,0,0,0,0,0,0,0,0
SAMN09409392,0,0,0,0,0,0,0,0,0,1,0,1,0
SAMN09416943,854,546,291,246,660,412,233,128,113,153,147,3783,243
SAMN09419795,9,4,3,1,11,4,1,0,0,0,5,38,3
SAMN09413063,0,0,0,0,0,0,0,0,0,0,0,0,0
SAMN09409575,99,61,48,39,99,56,27,16,12,17,25,499,44
SAMN09412267,9,10,2,2,12,7,2,1,4,2,2,53,5
SAMN09411605,2,0,2,1,0,2,1,0,0,2,2,12,2
SAMN09417348,553,345,187,155,410,281,136,80,60,59,102,2368,149
SAMN09419551,52,24,22,11,39,24,14,6,11,7,11,221,19
SAMN09414981,74,27,25,14,59,40,23,11,8,9,11,301,47
SAMN09414550,1,0,0,0,0,0,0,0,0,0,0,1,0
SAMN09417392,1,0,0,0,0,1,0,0,0,0,1,3,0
SAMN09414753,0,0,0,0,0,0,0,0,0,0,0,0,0
SAMN09412108,0,0,0,0,0,0,0,0,0,0,0,0,0
SAMN09416235,0,0,0,0,0,0,0,0,0,0,0,0,0
SAMN09416601,0,0,0,0,0,0,0,0,0,0,0,0,0
SAMN09411140,143,73,50,39,118,87,40,15,21,12,37,635,61
SAMN09419543,1,0,0,0,0,0,0,0,0,0,0,1,0
SAMN09413180,0,0,0,0,0,0,0,0,0,0,0,0,0
SAMN09412622,2,0,0,0,3,1,1,0,0,0,0,7,1
SAMN09421187,5,6,5,6,8,7,7,0,1,1,2,48,2
SAMN09414209,0,2,4,2,0,3,1,0,1,0,0,13,0
SAMN09411275,0,0,0,0,0,0,0,0,0,0,0,0,0
SAMN09410876,5,3,3,2,6,0,3,3,1,0,0,26,4
SAMN09417044,0,0,0,0,0,0,0,0,0,0,0,0,0
SAMN09419124,0,0,0,0,0,0,0,0,0,0,0,0,0
SAMN09415934,4,3,4,1,5,4,2,0,2,0,0,25,1
SAMN09414450,1627,1050,581,788,1556,966,553,273,233,280,287,8194,441
SAMN09410118,0,0,0,0,0,0,0,0,0,0,0,0,0
SAMN09410419,0,0,0,0,0,0,0,0,0,0,0,0,0
SAMN09411643,0,0,0,0,0,0,0,0,0,0,0,0,0
SAMN09417040,0,0,0,0,0,0,0,0,0,0,0,0,0
SAMN09419747,0,0,0,0,0,0,0,0,0,0,0,0,0
SAMN09416820,0,0,0,1,0,0,0,0,0,0,0,1,0
SAMN09416912,0,0,0,0,0,0,0,0,0,0,0,0,0
SAMN09420050,4,3,2,0,0,1,0,0,1,1,0,12,0
SAMN09409964,0,0,0,2,1,2,0,0,0,0,0,5,0
SAMN09418597,2,10,4,3,8,6,2,2,1,2,1,41,0
SAMN09412920,11,4,2,0,8,6,5,2,1,0,0,39,2
SAMN09411639,0,0,0,0,0,0,0,0,0,0,0,0,1
SAMN09410446,0,0,0,0,0,0,0,0,0,0,0,0,0
SAMN09413054,0,0,0,0,0,0,0,0,0,0,0,0,0
SAMN09415671,21,10,4,8,8,10,5,3,4,1,4,78,4
SAMN09419653,57,37,18,16,58,28,14,11,6,8,6,259,22
SAMN09419880,0,0,0,0,0,0,0,0,0,0,0,0,0
SAMN09412285,0,0,0,0,0,0,0,0,0,0,0,0,0
SAMN09409796,0,0,0,0,0,0,0,0,0,0,0,0,0
SAMN09418839,0,0,0,0,0,0,0,0,0,0,0,0,0
SAMN09408015,0,0,0,0,0,0,0,0,0,0,0,0,0
SAMN09411778,0,0,0,0,0,0,0,0,0,0,0,0,0
SAMN09417661,0,0,0,0,0,0,0,0,0,0,0,0,0
SAMN09416960,0,0,0,0,0,0,0,0,0,0,0,0,0
SAMN09416615,11,3,3,0,3,4,2,0,0,0,1,27,0
SAMN09416336,181,89,39,54,127,91,47,25,22,23,26,724,19
SAMN09419372,343,206,133,155,295,203,107,51,45,36,65,1639,116
SAMN09420427,12,6,3,4,8,2,1,3,0,2,3,44,2
SAMN09414935,0,0,0,0,0,0,0,0,0,0,0,0,0
SAMN09412877,0,0,0,0,0,0,0,0,0,0,0,0,0
SAMN09412014,15,6,3,2,5,4,0,2,1,0,3,41,0
SAMN09414256,0,0,0,0,0,0,0,0,0,0,0,0,0
SAMN09412047,1,1,0,0,0,0,0,0,0,0,0,2,0
SAMN09420615,493,322,166,176,432,301,159,68,65,63,89,2334,212
SAMN09419420,0,0,0,0,0,0,0,0,0,0,0,0,0
SAMN09411260,342,208,107,147,281,168,123,43,45,38,66,1568,73
SAMN09420577,0,0,0,0,0,0,0,0,0,0,0,0,0
SAMN09411121,4,1,2,2,4,3,2,0,0,1,0,19,1
SAMN09408926,0,0,0,0,0,0,0,0,0,0,0,0,0
SAMN09421166,0,0,0,0,0,0,0,0,0,0,0,0,0
SAMN09409925,0,0,0,0,0,0,0,0,0,0,0,0,0
SAMN09419647,32,14,9,13,22,16,11,3,5,3,3,131,13
SAMN09413217,0,0,0,0,1,0,1,0,0,0,0,2,0
SAMN09411807,43,26,24,21,52,32,21,7,10,6,5,247,28
SAMN09413749,0,0,0,0,0,0,0,0,0,0,0,0,0
SAMN09415054,241,167,83,80,223,138,78,48,33,33,58,1182,98
SAMN09414760,24,8,10,2,32,9,9,6,4,2,10,116,12
SAMN09408882,345,245,151,170,348,254,139,62,45,71,64,1894,92
SAMN09415036,58,33,15,26,40,37,16,7,6,10,8,256,12
SAMN09410499,0,0,0,0,0,0,0,0,0,0,0,0,0
SAMN09415455,245,172,88,76,206,144,83,41,30,48,39,1172,106
SAMN09418740,20,11,12,10,15,18,9,4,2,2,7,110,5
SAMN09415221,0,0,0,0,0,0,0,0,0,0,0,0,0
SAMN09417053,42,32,23,24,50,27,29,7,3,6,10,253,15
SAMN09419529,0,0,0,0,0,0,0,0,0,0,0,0,1
SAMN09417431,0,0,0,0,0,0,0,0,0,0,0,0,0
SAMN09411467,0,0,0,0,0,0,0,0,0,0,0,0,0
SAMN09410657,6,7,2,1,5,7,6,1,1,0,3,39,0
SAMN09409148,45,33,11,26,55,24,14,7,4,3,14,236,18
SAMN09410701,0,0,0,1,1,0,0,0,0,0,0,2,1
SAMN09410821,0,0,0,1,0,0,0,0,0,0,0,1,0
SAMN09410058,0,0,0,0,1,0,0,1,0,0,0,2,0
SAMN09418441,17,10,7,6,16,12,8,3,2,6,5,92,5
SAMN09415787,0,0,0,1,1,1,0,0,0,0,0,3,0
SAMN09415195,1,2,1,0,2,4,2,0,1,2,0,15,2
SAMN09413431,0,0,1,0,0,0,0,0,0,0,0,1,0
SAMN09414693,0,1,0,0,0,0,0,0,0,0,0,1,0
SAMN09410584,2,0,0,0,0,0,0,0,0,0,0,2,1
SAMN09413129,22,17,4,12,14,18,6,3,3,3,6,108,6
SAMN09415957,2,4,1,0,2,0,3,0,0,0,0,12,0
SAMN09410742,0,0,0,0,0,0,0,0,0,0,0,0,0
SAMN09416537,0,0,0,0,0,0,0,0,0,0,0,0,0
SAMN09419179,0,0,0,0,0,0,0,0,0,0,0,0,0
SAMN09413421,0,0,0,0,2,1,0,0,0,0,0,3,0
SAMN09414328,7,0,0,1,12,2,1,0,0,0,3,26,2
SAMN09410163,0,0,0,0,0,0,0,0,0,0,0,0,0
SAMN09408124,0,0,0,0,0,0,0,0,0,0,0,0,0
SAMN09413618,0,0,0,0,0,0,0,0,0,0,0,0,0
SAMN09417094,7,2,1,1,4,3,1,0,1,1,2,23,1
SAMN09415900,0,0,0,0,0,0,0,0,0,0,0,0,0
SAMN09409749,0,0,0,0,0,0,0,0,0,0,0,0,0
SAMN09413355,0,0,0,0,1,0,0,0,0,0,0,1,0
SAMN09410952,0,0,0,0,1,0,0,0,0,0,0,1,0
SAMN09415591,1,0,0,0,0,0,0,1,1,0,1,4,0
SAMN09411202,3,1,3,0,6,3,0,0,2,3,3,24,2
SAMN09409089,0,0,0,0,0,0,0,0,0,0,0,0,0
SAMN09415020,1,1,1,0,0,0,0,0,0,0,0,3,0
SAMN09411775,8,2,3,2,7,3,0,2,0,1,0,28,2
SAMN09409000,0,0,0,0,0,0,0,0,0,0,0,0,0
SAMN09413171,0,0,0,0,0,0,0,0,0,0,0,0,0
SAMN09416019,0,0,0,0,0,0,0,0,0,0,0,0,0
SAMN09411350,2,3,1,2,3,0,2,0,0,2,1,16,1
SAMN09412820,0,0,0,0,0,0,0,0,0,0,0,0,0
SAMN09412755,0,0,0,0,0,0,0,0,0,0,0,0,0
SAMN09416029,8,3,1,1,1,3,1,0,1,0,0,19,1
SAMN09416016,1,1,1,1,4,0,0,0,0,0,0,8,0
SAMN09408931,0,0,0,0,0,0,0,0,0,0,0,0,0
SAMN09414849,0,0,0,0,0,0,0,0,0,0,0,0,0
SAMN09416721,457,268,164,198,400,252,150,73,70,65,78,2175,100
SAMN09415802,0,0,0,0,0,0,0,0,0,0,0,0,1
SAMN09416589,254,155,79,91,199,128,98,35,29,46,51,1165,69
SAMN09416625,0,0,0,0,0,0,0,0,0,0,0,0,0
SAMN09414098,0,1,3,0,1,0,0,0,0,1,0,6,1
SAMN09418895,0,0,0,0,0,0,0,0,0,0,0,0,0
SAMN09410814,11,14,12,6,12,11,10,5,1,5,4,91,3
SAMN09412192,1,0,1,0,1,0,1,1,0,0,0,5,0
SAMN09417070,0,0,0,0,0,0,0,0,0,0,0,0,0
SAMN09413832,0,1,0,0,0,0,0,0,0,0,0,1,0
SAMN09408612,0,0,0,0,0,0,0,0,0,0,0,0,0
SAMN09413166,0,1,0,0,1,1,0,0,0,0,1,4,1
SAMN09408639,0,0,0,0,0,0,0,0,0,0,0,0,0
SAMN09417164,0,0,0,0,0,0,0,0,0,0,0,0,0
SAMN09408739,42,27,14,12,47,23,15,11,3,7,10,211,18
SAMN09411147,9,6,1,2,8,3,3,3,0,1,0,36,2
SAMN09411905,210,120,61,99,155,134,72,27,20,33,40,971,55
SAMN09419520,240,138,70,119,208,145,72,38,30,40,39,1139,49
SAMN09411258,0,0,0,0,0,0,0,0,0,0,1,1,0
SAMN09414750,0,0,0,0,0,0,0,0,0,0,0,0,0
SAMN09411745,1,0,0,0,0,0,0,0,0,0,0,1,0
SAMN09414643,0,0,0,0,0,0,0,0,0,0,0,0,0
SAMN09408871,394,274,124,207,355,220,136,65,61,69,68,1973,109
SAMN09413337,17,4,11,7,23,16,8,3,5,1,4,99,17
SAMN09413189,425,280,132,191,364,210,128,63,44,60,75,1972,78
SAMN09413927,0,0,0,0,0,0,0,0,0,0,0,0,0
SAMN09418405,0,0,0,0,0,0,0,0,0,0,0,0,0
SAMN09409055,11,2,1,3,5,3,2,0,0,0,2,29,1
SAMN09408999,0,0,0,0,0,0,0,0,0,0,0,0,0
SAMN09408817,0,0,0,0,0,0,0,0,0,0,0,0,0
SAMN09417100,0,0,0,0,0,0,0,0,0,0,0,0,0
SAMN09409134,0,0,0,0,0,0,0,0,0,0,0,0,0
SAMN09410812,0,0,0,0,0,0,0,0,0,0,0,0,0
SAMN09413466,40,26,17,22,34,19,17,3,2,2,7,189,10
SAMN09412382,0,0,0,0,0,0,0,0,0,0,0,0,0
SAMN09410820,0,0,0,0,0,0,0,0,0,0,0,0,0
SAMN09411161,2,2,2,3,6,5,1,0,1,0,1,23,2
SAMN09418805,0,0,0,0,0,0,0,0,0,0,0,0,0
SAMN09417908,0,0,24,27,45,0,14,0,0,9,9,128,12
SAMN09412797,0,0,0,0,0,0,0,0,0,0,0,0,0
SAMN09416825,84,34,29,21,78,50,23,17,10,15,7,368,54
SAMN09418502,163,93,58,92,127,104,72,26,28,27,37,827,56
SAMN09410530,0,0,0,0,0,0,0,0,0,0,0,0,0
SAMN09412806,0,0,0,0,0,0,0,0,0,0,0,0,0
SAMN09412963,134,90,42,56,113,75,40,25,17,18,18,628,38
SAMN09417422,2,0,0,0,1,0,0,0,0,0,0,3,0
SAMN09417338,99,64,33,37,76,51,27,15,9,15,18,444,24
SAMN09417448,2,3,0,1,2,0,0,0,0,0,2,10,0
SAMN09416587,1,0,0,0,0,0,0,0,0,0,0,1,0
SAMN09417453,0,0,0,0,0,0,1,0,0,2,0,3,0
SAMN09412758,2,1,1,0,1,2,2,0,0,0,0,9,0
SAMN09408152,0,0,0,0,0,0,0,0,0,0,0,0,0
SAMN09408274,0,0,0,0,0,0,0,0,0,0,0,0,0
SAMN09415828,0,0,0,0,0,0,0,0,0,0,0,0,0
SAMN09416672,0,0,0,0,0,0,0,0,0,0,0,0,0
SAMN09419421,0,0,0,0,0,0,0,0,0,0,0,0,0
SAMN09418446,16,19,14,9,26,17,11,7,2,1,5,127,5
SAMN09418219,48,24,6,7,31,23,17,5,5,11,7,184,22
SAMN09420915,0,0,0,0,0,0,0,0,0,0,0,0,0
SAMN09419714,0,0,0,0,0,0,0,0,0,0,0,0,0
SAMN09411617,124,73,48,58,126,90,51,25,16,22,22,655,50
SAMN09416921,0,0,0,0,0,0,0,0,1,0,0,1,0
SAMN09416345,0,0,0,0,0,0,0,0,0,0,0,0,0
SAMN09415241,200,122,57,66,158,119,67,37,29,36,44,935,78
SAMN09418837,0,0,0,0,0,0,0,0,0,0,0,0,0
SAMN09419371,0,0,0,0,0,0,0,0,0,0,0,0,0
SAMN09408522,1,0,1,0,0,0,0,0,0,0,0,2,0
SAMN09417041,30,18,14,11,31,15,14,6,5,3,6,153,23
SAMN09415237,0,0,370,338,975,0,379,0,0,159,201,2422,201
SAMN09419390,0,0,0,0,0,0,0,0,0,0,0,0,0
SAMN09409706,6,4,0,1,4,4,1,1,1,0,2,24,0
SAMN09416561,14,11,5,8,20,6,5,0,0,1,3,73,0
SAMN09413563,0,0,0,0,0,0,0,0,0,0,0,0,0
SAMN09420737,518,317,151,242,437,297,176,64,74,83,88,2447,90
SAMN09412693,0,1,0,0,0,0,0,0,0,0,0,1,0
SAMN09409404,174,90,60,51,106,82,41,17,22,15,23,681,85
SAMN09413206,8,8,1,6,9,5,3,1,1,3,3,48,2
SAMN09410459,15,16,8,6,18,12,5,3,4,7,3,97,17
SAMN09416515,5,5,0,2,3,4,2,0,1,0,0,22,1
SAMN09412551,0,0,0,0,0,0,0,0,0,0,0,0,0
SAMN09415288,0,0,0,0,0,0,0,0,0,0,0,0,0
SAMN09411265,0,0,0,0,0,0,0,1,0,0,0,1,0
SAMN09409273,1,0,0,0,3,2,1,0,0,0,1,8,0
SAMN09418190,0,0,0,0,0,0,0,0,0,0,0,0,0
SAMN09417123,4,1,0,0,2,1,0,0,0,0,0,8,3
SAMN09420823,3,2,1,4,1,3,0,0,0,0,2,16,0
SAMN09415257,24,13,4,5,16,6,3,1,2,2,5,81,3
SAMN09420060,1181,802,470,546,1105,683,423,217,172,226,226,6051,311
SAMN09410967,3,1,2,2,3,5,0,0,1,1,1,19,1
SAMN09413047,108,59,26,41,74,42,33,16,18,6,11,434,27
SAMN09410964,0,0,0,0,0,1,0,0,0,0,0,1,0
SAMN09419628,0,0,0,0,0,0,0,0,0,0,0,0,0
SAMN09412639,0,0,0,0,0,0,0,0,0,0,0,0,0
SAMN09416375,1,0,2,2,1,2,0,0,0,1,0,9,3
SAMN09412891,0,0,0,0,0,0,0,0,0,0,0,0,0
SAMN09413856,4,8,3,4,5,4,2,1,1,1,1,34,3
SAMN09415387,0,0,0,0,0,0,0,0,0,0,0,0,0
SAMN09412579,115,61,25,37,101,62,25,15,15,15,21,492,45
SAMN09413574,0,0,0,0,0,0,0,0,0,0,0,0,0
SAMN09410029,0,0,0,0,0,0,0,0,0,0,0,0,0
SAMN09409306,0,0,0,0,0,0,0,0,0,0,0,0,0
SAMN09411273,0,0,0,0,0,0,0,0,0,0,0,0,0
SAMN09414910,2,0,0,1,3,2,0,0,1,0,0,9,0
SAMN09408748,0,0,0,0,0,0,0,0,0,0,0,0,0
SAMN09419588,3,1,1,0,1,2,1,0,1,0,0,10,0
SAMN09410250,1,1,1,1,1,0,1,0,1,0,0,7,0
SAMN09421149,0,0,0,0,0,0,0,0,0,0,0,0,0
SAMN09420126,3,3,0,0,3,0,1,0,0,0,0,10,0
SAMN09416353,0,0,0,0,0,0,0,0,0,0,0,0,0
SAMN09408403,0,0,0,0,0,0,0,0,0,0,0,0,0
SAMN09409146,0,0,0,0,0,0,0,0,0,0,0,0,0
SAMN09414346,0,2,1,0,0,0,1,0,1,0,0,5,0
SAMN09418727,55,32,21,22,29,11,13,0,0,2,6,191,8
SAMN09418894,0,0,0,0,0,0,0,0,0,0,0,0,0
SAMN09413326,0,0,0,0,0,0,0,0,0,0,0,0,0
SAMN09414286,0,0,0,0,0,0,0,0,0,0,0,0,0
SAMN09413191,0,0,0,0,0,0,0,0,0,0,0,0,0
SAMN09409848,0,0,0,0,0,0,0,0,0,0,0,0,0
SAMN09415567,121,78,38,46,65,52,33,8,11,11,17,480,21
SAMN09419836,0,0,0,0,0,0,0,0,0,0,0,0,1
SAMN09417025,219,124,66,70,166,93,69,27,20,36,23,913,100
SAMN09408179,0,0,0,0,0,0,0,0,0,0,0,0,0
SAMN09408560,0,0,0,0,0,0,0,0,0,0,0,0,0
SAMN09420306,14,7,4,13,20,10,7,0,0,3,6,84,7
SAMN09414183,0,0,0,0,0,0,1,0,0,0,0,1,0
SAMN09411072,1,0,0,1,0,0,0,0,0,0,0,2,0
SAMN09416258,0,0,0,0,0,0,0,0,0,0,0,0,0
SAMN09411345,0,0,0,0,0,0,0,0,0,0,0,0,0
SAMN09416536,0,0,24,20,62,0,17,0,0,11,10,144,19
SAMN09411423,14,4,2,5,12,4,1,2,1,1,0,46,2
SAMN09410098,0,0,0,0,0,0,0,0,0,0,0,0,0
SAMN09414610,0,0,8,13,34,0,7,0,0,9,7,78,4
SAMN09410840,0,0,0,0,0,0,0,0,0,0,0,0,0
SAMN09417168,0,1,0,0,1,0,0,0,1,0,0,3,0
SAMN09413550,1,1,0,0,0,1,0,0,0,0,0,3,0
SAMN09419374,86,57,38,36,65,57,30,11,10,10,15,415,22
SAMN09418661,0,0,0,0,0,0,0,0,0,0,0,0,0
SAMN09411193,8,6,3,3,5,12,4,1,2,6,1,51,2
SAMN09420591,46,22,13,14,27,24,11,5,1,2,9,174,12
SAMN09415959,0,0,0,0,3,0,0,0,0,0,0,3,1
SAMN09414062,0,0,0,0,0,0,0,0,0,0,0,0,0
SAMN09420112,0,0,0,0,1,0,0,0,0,0,0,1,0
SAMN09418791,105,57,31,40,89,66,40,16,17,18,32,511,40
SAMN09410252,19,20,12,15,30,16,8,4,3,0,8,135,8
SAMN09419798,0,0,0,0,0,0,0,0,0,0,0,0,0
SAMN09411307,0,0,0,0,0,0,0,0,0,0,0,0,0
SAMN09417373,0,0,0,0,0,0,0,0,0,0,0,0,0
SAMN09416472,0,0,0,0,0,0,0,0,0,0,0,0,0
SAMN09417639,43,27,19,12,31,16,9,12,8,13,9,199,15
SAMN09418568,32,15,7,11,23,12,6,3,4,0,4,117,6
SAMN09409833,0,0,0,1,1,0,0,0,0,0,0,2,0
SAMN09420648,0,0,0,0,0,0,0,0,0,0,0,0,4
SAMN09420299,0,0,0,0,0,0,0,0,0,0,0,0,0
SAMN09418833,0,0,0,0,0,0,0,0,0,0,0,0,0
SAMN09419514,52,28,22,20,42,28,14,6,5,7,5,229,5
SAMN09412326,7,4,3,2,8,5,2,1,1,1,1,35,2
SAMN09411774,2,0,1,0,2,0,0,0,0,1,0,6,1
SAMN09415289,0,0,0,0,0,0,0,0,0,0,0,0,0
SAMN09420877,0,0,0,0,0,0,0,0,0,0,0,0,0
SAMN09411751,35,29,14,17,25,28,19,11,4,3,5,190,11
SAMN09418918,0,0,0,0,0,0,0,0,0,0,0,0,0
SAMN09408979,0,0,0,0,0,0,0,0,0,0,0,0,0
SAMN09408007,0,0,0,0,0,0,0,0,0,0,0,0,0
SAMN09412721,0,0,0,0,0,0,0,0,0,0,0,0,0
SAMN09418985,0,0,0,0,0,0,0,0,0,0,0,0,0
SAMN09413207,6,4,3,4,9,3,2,0,1,1,1,34,4
SAMN09416904,0,0,0,0,0,0,0,0,0,0,0,0,0
SAMN09413752,0,0,0,0,0,0,0,0,0,0,0,0,0
SAMN09419666,0,0,0,1,0,0,0,0,0,0,0,1,0
SAMN09420864,164,95,59,74,151,106,52,24,22,19,29,795,60
SAMN09408988,267,145,96,118,194,137,99,25,41,38,48,1208,84
SAMN09420009,1,0,0,0,1,2,0,0,0,0,0,4,0
SAMN09415085,101,54,26,47,72,61,38,8,10,7,21,445,23
SAMN09415342,2143,1310,792,923,2099,1288,755,343,297,433,452,10835,640
SAMN09416010,1,0,0,0,0,0,0,0,0,0,0,1,0
SAMN09420610,25,23,14,15,40,22,12,8,4,5,6,174,7
SAMN09413089,229,179,84,93,228,113,80,26,21,36,40,1129,109
SAMN09413634,0,0,0,0,0,0,0,0,0,0,0,0,0
SAMN09417902,10,7,2,3,11,7,3,0,1,3,1,48,3
SAMN09416946,631,367,202,258,559,333,213,74,95,83,103,2918,160
SAMN09420214,15,4,4,7,14,10,5,2,3,2,4,70,13
SAMN09413594,80,41,18,23,68,60,33,9,13,15,10,370,41
SAMN09411887,22,7,6,6,9,8,6,1,2,2,2,71,10
SAMN09415204,0,1,0,0,0,0,0,0,0,0,0,1,0
SAMN09416265,116,63,25,55,82,56,44,21,15,15,14,506,30
SAMN09412251,0,0,0,0,0,0,0,0,0,0,0,0,0
SAMN09419168,44,27,8,21,32,25,16,6,8,3,8,198,14
SAMN09419008,1,1,1,0,1,0,1,0,0,0,0,5,1
SAMN09416193,0,0,0,0,0,0,0,0,0,0,0,0,0
SAMN09414829,0,0,0,0,0,0,0,0,0,0,0,0,0
SAMN09416162,0,0,0,0,0,0,0,0,0,0,0,0,0
SAMN09417048,0,0,0,0,0,0,0,0,0,0,0,0,0
SAMN09408568,4,8,1,4,5,9,3,0,2,1,0,37,3
SAMN09415248,88,27,41,22,83,55,29,17,11,12,12,397,53
SAMN09413642,200,141,67,96,180,106,73,32,35,17,30,977,60
SAMN09408912,1,0,1,1,0,1,0,0,0,1,1,6,0
SAMN09417577,11,9,3,5,20,15,10,1,2,3,4,83,5
SAMN09416023,1,2,0,1,0,2,3,0,0,1,0,10,0
SAMN09419684,0,0,0,0,0,0,0,0,0,0,0,0,0
SAMN09411365,1,0,0,0,1,0,0,0,0,0,0,2,0
SAMN09417861,9,8,3,6,8,7,7,2,4,0,2,56,0
SAMN09413778,0,0,0,0,0,0,0,0,0,0,0,0,0
SAMN09417445,0,0,0,0,0,0,0,0,0,0,0,0,2
SAMN09408226,0,0,0,0,0,0,0,0,0,0,0,0,0
SAMN09415227,0,0,0,0,0,0,0,0,0,0,0,0,0
SAMN09416059,0,0,0,0,0,0,0,0,0,0,0,0,0
SAMN09415557,0,0,0,0,0,0,0,0,0,0,0,0,0
SAMN09414155,0,0,0,0,0,0,0,0,0,0,0,0,0
SAMN09411925,334,218,100,131,284,158,118,41,35,42,70,1531,46
SAMN09410874,0,0,0,0,0,0,0,0,0,0,0,0,0
SAMN09411006,0,0,0,0,0,0,0,0,0,0,0,0,0
SAMN09415159,0,0,0,0,0,0,0,0,0,0,0,0,0
SAMN09410679,493,306,168,250,433,219,163,82,79,76,79,2348,110
SAMN09414343,0,0,0,0,0,0,0,0,0,0,0,0,0
SAMN09419042,0,0,0,0,0,1,0,0,0,0,0,1,0
SAMN09411504,101,72,29,40,105,56,36,17,17,18,22,513,19
SAMN09419522,2,2,0,3,1,3,1,0,0,0,1,13,1
SAMN09420777,0,0,0,0,0,0,0,0,0,0,0,0,0
SAMN09408041,34,20,11,9,33,12,9,4,5,7,10,154,10
SAMN09409549,40,18,13,10,29,26,14,6,5,7,10,178,13
SAMN09416214,0,0,0,0,0,0,0,0,0,0,0,0,0
SAMN09420551,0,0,0,0,0,0,0,0,0,0,0,0,0
SAMN09413071,9,2,2,4,9,3,3,0,1,1,5,39,4
SAMN09419690,0,2,1,1,4,0,1,1,0,0,1,11,1
SAMN09415320,71,61,27,50,104,57,31,16,18,13,19,467,34
SAMN09418399,0,0,0,0,0,0,0,0,0,0,0,0,0
SAMN09410535,187,97,59,85,145,82,42,22,28,27,42,816,47
SAMN09412166,0,0,0,0,0,0,0,0,0,0,0,0,1
SAMN09415147,0,0,0,0,0,0,0,0,0,0,0,0,0
SAMN09419233,0,0,0,0,0,0,0,0,0,0,0,0,0
SAMN09411133,5,6,0,1,5,4,1,0,0,0,1,23,3
SAMN09409352,0,0,0,0,0,0,0,0,0,0,0,0,0
SAMN09410771,221,131,83,104,216,156,82,46,47,35,43,1164,119
SAMN09421204,0,0,0,0,0,0,0,0,0,0,0,0,0
SAMN09416910,3,0,0,0,0,0,1,0,0,0,1,5,1
SAMN09416238,0,0,0,0,1,0,0,0,0,0,0,1,0
SAMN09416945,0,0,0,0,0,0,0,0,0,0,0,0,1
SAMN09410723,204,136,85,108,170,119,70,33,19,18,50,1012,78
SAMN09412937,2,0,0,0,2,0,1,0,0,0,0,5,1
SAMN09415534,0,0,0,0,0,0,0,0,0,0,0,0,0
SAMN09416356,74,49,23,45,66,31,15,4,9,13,11,340,19
SAMN09416892,1,0,0,0,0,0,0,0,0,0,0,1,0
SAMN09412843,0,0,0,0,0,0,0,0,0,0,0,0,0
SAMN09410739,78,45,25,31,73,35,25,16,6,9,15,358,26
SAMN09410400,0,0,0,0,0,0,0,0,0,0,0,0,0
SAMN09411278,27,23,8,7,25,24,11,7,6,7,4,149,10
SAMN09414793,0,0,0,0,0,0,0,0,0,0,0,0,0
SAMN09414076,99,46,28,35,69,55,29,18,5,13,18,415,22
SAMN09413367,0,0,0,0,0,0,0,0,0,0,0,0,0
SAMN09413122,0,0,0,0,0,0,0,0,0,0,0,0,0
SAMN09411513,0,0,0,0,0,0,0,0,0,0,0,0,0
SAMN09411794,4,4,0,0,6,6,2,1,0,0,0,23,3
SAMN09409235,136,118,56,46,165,87,68,37,24,34,31,802,42
SAMN09412297,172,95,46,71,148,87,50,20,26,17,23,755,24
SAMN09420174,0,0,0,0,0,0,0,0,0,0,0,0,0
SAMN09413013,11,4,1,5,2,3,1,1,2,0,0,30,0
SAMN09413720,73,36,20,38,66,42,18,11,17,9,11,341,22
SAMN09419093,0,0,0,0,0,0,0,0,0,0,0,0,0
SAMN09408088,0,0,49,57,100,0,47,0,0,15,31,299,43
SAMN09412640,0,0,0,0,0,0,0,0,0,0,0,0,0
SAMN09413690,27,13,11,18,17,5,6,0,0,1,2,100,5
SAMN09409327,0,0,0,1,0,0,0,0,0,0,0,1,0
SAMN09421128,17,15,4,10,16,9,8,5,2,2,8,96,8
SAMN09419291,0,1,0,0,1,0,0,0,0,0,0,2,0
SAMN09414669,358,216,90,154,274,199,108,36,42,54,56,1587,93
SAMN09410755,0,0,0,0,0,1,0,0,0,0,0,1,0
SAMN09412406,0,0,0,0,0,0,0,0,0,0,0,0,0
SAMN09412948,80,47,27,33,59,40,33,12,18,12,13,374,28
SAMN09415536,2,4,1,1,4,2,2,0,0,0,0,16,1
SAMN09415242,0,0,0,0,0,0,0,0,0,0,0,0,0
SAMN09420654,0,0,0,0,0,0,0,0,0,0,0,0,0
SAMN09412874,6,3,2,6,4,3,1,0,2,0,0,27,3
SAMN09416191,3,2,2,4,2,2,1,1,0,1,0,18,0
SAMN09409761,0,0,0,0,0,0,0,0,0,0,0,0,0
SAMN09408421,0,0,0,0,0,0,0,0,0,0,0,0,1
SAMN09408716,3,0,2,0,0,2,0,0,2,1,1,11,1
SAMN09413223,0,1,0,0,0,0,0,0,0,0,0,1,0
SAMN09409246,0,0,0,0,0,0,0,0,0,0,0,0,0
SAMN09412276,47,31,30,18,64,45,22,16,14,11,17,315,48
SAMN09419967,2,2,0,0,0,0,0,0,0,0,1,5,1
SAMN09415970,49,18,12,13,52,24,22,8,4,8,9,219,30
SAMN09414052,0,0,0,0,0,0,0,0,0,0,0,0,0
SAMN09420362,0,0,0,0,0,0,0,0,0,0,0,0,0
SAMN09420352,0,0,0,0,0,0,0,0,0,0,0,0,0
SAMN09408131,95,75,39,43,121,64,39,13,10,18,20,537,23
SAMN09409857,0,0,0,0,0,0,0,0,0,0,0,0,0
SAMN09412863,0,0,0,0,0,0,0,0,0,0,0,0,0
SAMN09412136,0,0,23,17,46,0,15,0,0,15,19,135,8
SAMN09410768,0,0,2,0,0,0,0,0,0,0,0,2,0
SAMN09408202,1,9,1,1,6,6,1,0,1,1,2,29,5
SAMN09408413,419,282,121,132,342,221,131,50,54,50,64,1866,118
SAMN09419209,0,0,0,0,0,0,1,0,0,0,0,1,0
SAMN09420891,64,34,24,31,51,34,23,11,11,7,9,299,11
SAMN09410641,13,5,4,7,6,5,2,1,2,1,3,49,2
SAMN09410062,53,24,17,23,45,22,25,8,6,5,8,236,34
SAMN09413980,187,101,58,56,161,96,50,35,17,34,31,826,80
SAMN09419816,19,28,11,9,27,14,10,6,8,5,8,145,4
SAMN09418929,1,0,0,0,0,0,0,0,0,0,0,1,0
SAMN09412559,0,0,0,0,0,0,0,0,0,0,0,0,0
SAMN09410985,12,12,3,3,5,9,5,1,1,3,0,54,2
SAMN09412998,0,0,26,17,44,0,15,0,0,6,8,116,11
SAMN09416280,7,1,1,2,2,4,3,1,1,1,1,24,3
SAMN09419089,206,108,66,104,209,101,70,26,24,30,34,978,54
SAMN09416906,0,0,0,0,0,0,0,0,0,0,0,0,0
SAMN09415191,95,50,29,34,67,63,29,7,16,5,12,407,32
SAMN09409477,2,2,0,1,3,1,1,0,1,0,1,12,4
SAMN09419032,0,0,0,0,0,0,0,0,0,0,0,0,0
SAMN09417480,0,0,0,0,0,0,0,0,0,0,0,0,0
SAMN09420532,0,0,0,0,0,0,0,0,0,0,0,0,0
SAMN09409581,16,10,7,6,11,6,8,4,4,0,2,74,6
SAMN09414444,0,0,0,0,0,0,0,0,0,0,0,0,0
SAMN09419169,0,0,0,0,0,0,0,0,0,0,0,0,0
SAMN09415411,0,2,0,2,3,1,0,0,1,0,0,9,0
SAMN09410543,0,0,0,0,0,0,0,0,0,0,0,0,0
SAMN09412233,0,0,0,0,0,0,0,0,0,0,0,0,0
SAMN09412738,0,0,0,0,0,0,0,0,0,0,0,0,0
SAMN09408315,0,0,0,0,0,0,0,0,0,0,0,0,0
SAMN09410283,20,12,9,12,29,18,9,5,2,8,3,127,8
SAMN09416218,26,14,12,10,28,12,9,2,1,5,4,123,15
SAMN09413575,2,2,1,1,4,3,2,1,0,0,0,16,2
SAMN09409792,38,21,19,17,42,17,14,3,5,6,16,198,10
SAMN09414847,0,0,0,0,0,0,0,0,0,0,0,0,0
SAMN09418419,0,0,0,0,0,0,0,0,0,0,0,0,0
SAMN09410664,0,0,0,0,0,0,0,0,0,1,0,1,0
SAMN09416436,0,0,0,0,0,0,0,0,0,0,0,0,0
SAMN09417910,0,0,0,0,0,0,0,0,0,0,0,0,0
SAMN09414699,2,0,0,0,0,0,0,0,0,0,0,2,0
SAMN09416132,0,0,0,0,0,0,0,0,0,0,0,0,0
SAMN09420019,0,0,0,0,1,0,0,0,0,0,0,1,0
SAMN09411309,0,0,0,0,0,0,0,0,0,0,0,0,0
SAMN09409224,5,1,0,3,5,1,2,0,0,2,0,19,0
SAMN09411859,7,3,2,1,5,2,2,0,1,1,3,27,0
SAMN09419648,266,103,82,85,187,163,91,33,22,29,46,1107,141
SAMN09414744,8,4,3,5,6,5,1,2,0,4,4,42,2
SAMN09409846,32,26,15,30,41,17,19,5,4,6,3,198,7
SAMN09419449,0,0,0,0,0,0,0,0,0,1,0,1,0
SAMN09415229,70,38,19,29,45,40,17,5,10,6,11,290,14
SAMN09417455,0,0,0,1,0,0,1,0,0,0,0,2,0
SAMN09420920,0,0,1,0,0,0,0,0,1,0,0,2,0
SAMN09420428,70,37,12,24,63,41,19,14,9,17,15,321,48
SAMN09414997,0,0,0,0,0,0,0,1,0,0,0,1,0
SAMN09411458,0,0,0,0,0,0,0,0,0,0,0,0,0
SAMN09419506,969,701,366,463,980,579,346,182,124,209,170,5089,250
SAMN09418185,0,0,0,0,0,0,0,0,0,0,0,0,0
SAMN09408209,38,15,14,13,28,16,8,9,6,3,5,155,14
SAMN09411018,70,50,21,40,73,43,23,8,9,9,23,369,17
SAMN09409740,0,0,0,0,0,0,0,0,0,0,0,0,0
SAMN09409578,0,0,0,0,0,0,0,0,0,0,0,0,0
SAMN09417839,0,0,0,0,0,0,0,0,0,0,0,0,0
SAMN09408296,21,13,9,7,16,5,3,4,4,1,4,87,5
SAMN09412236,0,0,0,0,0,0,0,0,0,0,0,0,0
SAMN09411295,0,0,0,0,0,0,0,0,0,0,0,0,0
SAMN09408442,47,20,24,25,61,25,17,10,10,10,9,258,41
SAMN09417187,0,0,0,0,0,0,0,0,0,0,0,0,0
SAMN09412311,0,0,0,0,0,1,0,0,0,0,0,1,0
SAMN09415692,60,33,10,9,41,21,20,3,7,9,14,227,24
SAMN09413025,3,1,1,0,2,1,1,0,0,0,0,9,2
SAMN09420996,0,0,0,0,0,0,0,0,0,0,0,0,0
SAMN09419081,0,0,0,0,0,0,0,0,0,0,0,0,1
SAMN09418336,4,0,1,0,1,0,0,0,0,0,0,6,0
SAMN09413100,1,0,1,0,1,0,1,0,0,0,0,4,0
SAMN09421087,21,12,10,9,20,12,12,5,4,4,4,113,5
SAMN09417717,2,1,0,1,0,0,0,0,0,0,0,4,0
SAMN09411476,0,0,0,0,0,0,0,0,0,0,0,0,0
SAMN09410913,10,4,1,4,1,5,2,0,2,1,0,30,4
SAMN09409155,40,19,19,17,35,15,16,7,6,4,5,183,7
SAMN09416744,0,0,0,1,0,0,0,0,0,0,0,1,0
SAMN09417573,29,17,9,15,19,25,8,2,5,2,3,134,5
SAMN09416028,0,0,0,0,1,0,0,0,0,1,0,2,0
SAMN09420171,287,202,105,97,237,161,92,42,40,44,49,1356,83
SAMN09419078,0,0,0,0,0,1,0,0,0,2,1,4,0
SAMN09419384,0,0,0,0,0,1,0,0,0,0,0,1,0
SAMN09414552,0,0,0,0,0,0,0,0,0,0,0,0,0
SAMN09419471,22,10,5,6,23,12,9,5,2,5,4,103,5
SAMN09419814,0,0,0,0,0,0,0,0,0,0,0,0,0
SAMN09409229,0,0,0,0,0,0,0,0,0,0,0,0,0
SAMN09420303,0,0,0,0,0,0,0,0,0,0,0,0,0
SAMN09408915,0,0,0,0,0,0,0,0,0,0,0,0,0
SAMN09419656,0,0,0,0,0,0,0,0,0,0,0,0,0
SAMN09416964,0,0,0,0,0,0,0,0,0,0,0,0,0
SAMN09420728,1456,934,553,556,1430,858,527,253,217,319,274,7377,419
SAMN09419344,0,0,0,0,0,0,0,0,0,0,0,0,0
SAMN09411462,0,0,0,0,1,0,0,0,0,0,0,1,0
SAMN09421124,0,0,0,0,0,0,0,0,0,0,0,0,0
SAMN09414011,0,0,0,0,0,0,0,0,0,0,0,0,0
SAMN09415988,0,0,0,0,0,0,0,0,0,0,0,0,1
SAMN09410474,5,2,0,1,6,0,1,0,0,1,1,17,1
SAMN09408353,0,1,0,1,1,0,0,0,0,0,0,3,0
SAMN09417211,0,0,0,0,0,0,0,0,0,0,0,0,0
SAMN09410770,1,0,0,0,1,1,0,0,0,0,0,3,0
SAMN09409994,22,9,7,3,12,2,7,2,0,6,2,72,10
SAMN09418225,0,0,0,0,0,0,0,0,0,0,0,0,0
SAMN09410597,0,0,0,0,0,0,0,0,0,0,0,0,0
SAMN09417440,0,0,0,0,0,0,0,0,0,0,0,0,0
SAMN09414255,1,0,1,0,1,1,0,0,0,0,0,4,0
SAMN09414942,117,56,32,37,62,46,33,3,1,19,13,419,24
SAMN09412062,0,0,0,0,0,0,0,0,0,0,0,0,0
SAMN09410781,0,0,0,0,0,0,0,0,0,0,0,0,0
SAMN09413019,0,0,0,0,1,0,0,0,0,0,0,1,0
SAMN09417446,2,2,2,2,7,2,0,1,0,2,1,21,0
SAMN09417405,0,0,0,0,0,0,0,0,0,0,0,0,0
SAMN09415267,0,0,0,0,0,0,0,0,0,0,0,0,0
SAMN09409048,0,0,0,0,0,0,0,0,0,0,0,0,0
SAMN09418823,0,0,0,0,0,0,0,0,0,0,0,0,0
SAMN09410463,1,0,0,0,0,0,0,0,0,0,0,1,0
SAMN09421138,9,11,2,1,7,4,3,1,4,0,1,43,7
SAMN09416973,0,0,0,0,0,0,0,0,0,0,0,0,0
SAMN09411287,33,12,7,16,30,16,8,2,7,5,9,145,6
SAMN09420482,0,0,0,0,0,0,0,0,0,0,0,0,0
SAMN09414112,0,0,1,0,0,0,0,0,0,0,0,1,0
SAMN09413855,2,0,0,2,3,0,2,0,1,0,0,10,1
SAMN09412240,3,1,0,1,7,5,0,0,1,0,0,18,3
SAMN09410498,0,0,0,0,0,0,0,0,0,0,0,0,0
SAMN09408841,0,0,0,0,0,0,0,0,0,0,0,0,0
SAMN09420377,0,0,0,0,0,0,0,0,0,0,0,0,0
SAMN09416984,0,0,0,2,3,1,0,1,2,1,1,11,1
SAMN09411090,12,6,6,11,13,6,3,2,3,4,5,71,6
SAMN09411289,0,0,0,0,0,0,0,0,0,0,0,0,0
SAMN09418832,254,137,80,75,200,149,86,41,29,35,60,1146,123
SAMN09416257,0,0,0,0,0,0,0,0,0,0,0,0,0
SAMN09420919,0,0,0,0,0,0,0,0,0,0,0,0,0
SAMN09410590,0,0,0,0,0,0,0,0,0,0,0,0,0
SAMN09409624,90,59,26,24,72,43,27,16,10,9,22,398,27
SAMN09415499,13,9,3,8,4,5,2,2,0,1,1,48,3
SAMN09417925,0,0,0,1,0,0,0,0,0,0,0,1,0
SAMN09417419,526,365,193,272,496,190,151,0,0,79,90,2362,119
SAMN09417232,0,0,0,0,1,0,0,0,0,0,0,1,0
SAMN09418230,9,4,3,4,13,6,4,0,0,1,2,46,2
SAMN09410540,0,0,0,0,0,0,0,0,0,0,0,0,0
SAMN09412864,0,0,0,0,0,0,0,0,0,0,0,0,0
SAMN09419433,0,0,0,0,0,0,0,0,0,0,0,0,0
SAMN09411629,0,0,0,0,0,0,0,0,0,0,0,0,0
SAMN09411101,71,35,13,39,69,36,25,0,2,15,20,325,19
SAMN09418615,0,0,0,0,0,0,0,0,0,0,0,0,0
SAMN09418934,1,1,0,0,2,2,0,0,0,0,0,6,0
SAMN09410344,0,0,0,0,0,0,0,0,0,0,0,0,0
SAMN09414799,374,230,135,124,317,186,116,74,46,65,62,1729,182
SAMN09412715,0,0,0,0,0,0,0,0,0,0,1,1,0
SAMN09414504,0,0,0,0,0,0,0,0,0,0,0,0,0
SAMN09420151,0,0,0,0,0,0,0,0,0,0,0,0,0
SAMN09411165,0,0,0,0,0,0,0,0,0,0,0,0,0
SAMN09416272,0,0,0,0,0,0,0,0,0,0,0,0,0
SAMN09411283,0,0,0,0,0,0,0,0,0,0,0,0,0
SAMN09417172,23,6,6,5,14,11,3,0,4,1,3,76,7
SAMN09413496,12,6,1,4,10,6,3,1,2,1,1,47,2
SAMN09420898,0,0,0,0,0,0,0,0,0,0,0,0,0
SAMN09418357,0,0,0,0,0,0,0,0,0,0,0,0,0
SAMN09408881,8,15,9,8,20,13,3,2,1,4,6,89,1
SAMN09416600,0,0,0,0,0,0,0,0,0,0,0,0,0
SAMN09419461,21,12,17,7,16,7,7,3,4,4,5,103,4
SAMN09410702,0,0,0,0,0,0,0,0,0,0,0,0,0
SAMN09416950,1,1,1,0,3,1,5,0,0,1,0,13,2
SAMN09408749,50,38,23,15,32,34,18,4,5,11,6,236,21
SAMN09408393,21,12,1,12,12,14,5,1,3,1,5,87,5
SAMN09414884,4,2,2,0,2,2,0,0,1,0,1,14,4
SAMN09414476,0,0,0,0,0,0,0,0,0,0,0,0,0
SAMN09412049,0,0,0,0,0,0,0,0,0,0,0,0,0
SAMN09409241,0,0,0,0,0,0,0,0,0,0,0,0,0
SAMN09420857,0,0,0,0,0,0,0,0,0,0,0,0,0
SAMN09415813,0,0,0,0,0,0,0,0,0,0,0,0,0
SAMN09410592,0,0,0,0,0,0,0,0,0,0,0,0,0
SAMN09420250,0,0,0,0,0,0,0,0,0,0,0,0,0
SAMN09414008,0,0,0,0,0,0,0,0,0,0,0,0,0
SAMN09412547,1,2,2,1,0,3,2,0,0,1,0,12,0
SAMN09414592,0,0,0,0,0,0,0,0,0,0,0,0,0
SAMN09417585,0,0,0,0,0,0,0,0,0,0,0,0,0
SAMN09409359,0,0,0,0,1,0,0,0,0,0,0,1,0
SAMN09420926,0,0,0,0,0,0,0,0,0,0,1,1,0
SAMN09415979,1,1,0,0,0,0,0,0,0,0,0,2,0
SAMN09409316,29,15,12,9,15,19,13,3,2,4,7,128,21
SAMN09415133,46,45,16,31,52,42,15,5,6,12,12,282,12
SAMN09413789,0,0,0,0,0,0,0,0,0,0,0,0,0
SAMN09417449,0,0,0,0,0,0,0,0,0,0,0,0,0
SAMN09412688,0,0,0,0,0,0,0,0,0,0,0,0,0
SAMN09413758,0,0,0,0,0,0,0,0,0,0,0,0,0
SAMN09419403,1,0,0,0,0,0,0,0,0,0,0,1,0
SAMN09417691,0,0,0,0,0,0,0,0,0,0,0,0,0
SAMN09418947,12,2,2,1,6,1,3,2,0,2,0,31,2
SAMN09408194,199,101,67,62,171,112,46,26,30,23,34,871,87
SAMN09416153,1251,714,395,572,995,660,419,157,134,179,189,5665,176
SAMN09410069,0,0,1,0,0,1,0,0,0,0,0,2,0
SAMN09419396,16,9,10,17,15,11,5,4,0,2,3,92,12
SAMN09414887,0,0,1,0,0,0,0,0,0,0,1,2,0
SAMN09410872,0,0,0,0,0,0,0,0,0,0,0,0,0
SAMN09412372,25,24,4,13,28,18,10,5,4,4,4,139,7
SAMN09417090,130,61,36,54,106,60,41,16,13,17,19,553,37
SAMN09419654,0,0,0,0,0,0,0,0,0,0,0,0,0
SAMN09412480,0,0,0,0,0,0,0,0,0,0,0,0,0
SAMN09408319,1601,926,401,482,1121,702,470,211,162,196,235,6507,475
SAMN09419022,36,35,20,20,44,28,19,3,6,14,16,241,6
SAMN09415053,59,37,16,24,51,26,17,10,6,9,19,274,20
SAMN09420370,0,0,0,0,0,0,0,0,0,0,0,0,0
SAMN09409573,489,359,171,153,440,259,154,74,79,90,98,2366,149
SAMN09418012,23,8,3,7,14,10,5,1,1,1,2,75,5
SAMN09421146,0,0,0,0,0,0,0,0,0,0,0,0,0
SAMN09419983,0,0,0,0,0,0,0,0,0,0,0,0,0
SAMN09416635,69,29,23,32,37,32,19,5,6,8,12,272,14
SAMN09410060,7,1,1,0,1,2,1,1,0,1,1,16,1
SAMN09411571,0,0,0,0,0,0,0,0,0,0,0,0,0
SAMN09415748,0,0,0,0,0,0,0,0,0,0,0,0,0
SAMN09420052,0,0,0,0,0,0,0,0,0,0,0,0,0
SAMN09412699,28,17,9,16,28,6,18,0,0,4,1,127,5
SAMN09419277,3,4,1,4,5,5,3,0,2,0,1,28,1
SAMN09416870,0,0,0,0,0,0,0,0,0,0,0,0,0
SAMN09420880,0,0,1,0,2,1,0,0,0,0,1,5,1
SAMN09414862,0,0,0,0,0,0,0,0,0,1,0,1,0
SAMN09412213,1,0,0,1,1,2,2,0,0,0,1,8,1
SAMN09418930,0,0,0,0,0,0,0,0,0,0,0,0,0
SAMN09413125,1,0,0,0,0,0,0,0,0,0,0,1,0
SAMN09415326,0,0,0,0,0,0,0,0,0,0,0,0,0
SAMN09417156,262,144,90,92,258,129,79,29,26,35,50,1194,154
SAMN09412518,0,0,0,0,0,0,0,0,0,0,0,0,0
SAMN09409726,0,0,0,0,0,0,0,0,0,0,0,0,0
SAMN09418887,18,10,7,8,17,11,8,3,2,4,4,92,5
SAMN09418776,438,152,164,150,388,254,157,60,62,48,89,1962,292
SAMN09411119,65,34,15,28,55,28,19,8,0,7,11,270,20
SAMN09409330,0,0,0,0,0,1,0,0,0,0,0,1,0
SAMN09409438,40,22,10,17,31,20,12,7,7,8,7,181,5
SAMN09410697,0,0,0,0,0,0,0,0,0,0,0,0,0
SAMN09409199,0,0,0,0,2,0,0,0,0,0,0,2,0
SAMN09420431,3,1,2,2,4,2,1,0,0,0,0,15,0
SAMN09411178,0,0,0,0,0,0,0,0,0,0,0,0,0
SAMN09411698,4,6,5,0,3,1,1,0,0,0,2,22,2
SAMN09412073,0,0,0,0,0,0,0,0,0,0,0,0,0
SAMN09417180,0,0,0,0,0,0,0,0,0,0,0,0,0
SAMN09417684,0,0,0,0,0,0,0,0,0,0,0,0,0
SAMN09410012,0,0,53,65,107,0,50,0,0,17,33,325,44
SAMN09417843,0,0,0,0,0,0,0,0,0,0,0,0,0
SAMN09409810,0,0,0,0,0,0,0,0,0,0,1,1,0
SAMN09415493,0,0,0,0,0,0,0,0,0,0,0,0,0
SAMN09420549,0,0,0,0,0,0,0,0,0,0,0,0,0
SAMN09417845,144,33,45,27,101,70,47,21,22,19,23,552,57
SAMN09408729,1,3,2,2,0,2,1,1,1,1,0,14,3
SAMN09419976,1,0,0,1,2,0,1,0,0,0,0,5,0
SAMN09417635,2,2,1,2,0,1,1,0,0,0,0,9,3
SAMN09409108,3,1,0,0,0,1,0,1,0,0,1,7,1
SAMN09412410,7,4,2,4,4,2,2,2,2,1,1,31,3
SAMN09408911,0,0,0,0,0,0,0,0,0,0,0,0,0
SAMN09410461,0,0,0,0,0,0,0,0,0,0,0,0,0
SAMN09415039,221,120,58,121,149,127,83,40,21,29,35,1004,32
SAMN09409579,2,1,1,2,5,2,1,1,0,1,0,16,5
SAMN09419243,0,0,0,0,0,0,0,0,0,0,0,0,0
SAMN09419170,0,0,0,0,0,0,0,0,0,0,0,0,0
SAMN09408939,24,7,6,10,14,9,4,1,1,0,6,82,12
SAMN09416053,19,11,2,10,17,12,11,3,3,2,3,93,15
SAMN09410939,0,0,0,0,0,0,0,0,0,0,0,0,0
SAMN09420464,10,5,2,3,3,3,3,1,1,3,2,36,1
SAMN09412594,8,4,1,1,3,2,0,1,0,2,0,22,4
SAMN09409569,102,44,37,38,70,81,32,15,19,11,17,466,58
SAMN09410245,0,1,0,0,2,0,0,0,0,0,0,3,0
SAMN09410299,616,372,192,282,488,282,184,89,79,97,93,2774,105
SAMN09408345,1,0,0,0,0,0,0,0,0,0,0,1,1
SAMN09409372,0,0,0,0,0,0,0,0,0,0,0,0,0
SAMN09417757,17,15,6,3,13,4,6,2,7,1,1,75,5
SAMN09413902,0,0,0,0,0,0,0,0,0,0,0,0,0
SAMN09420972,0,0,0,0,0,0,0,0,0,0,0,0,0
SAMN09413937,0,0,0,0,0,0,0,0,0,0,0,0,0
SAMN09410347,1,0,2,2,4,1,0,0,1,1,1,13,0
SAMN09414582,1,0,0,0,0,0,0,0,1,0,0,2,1
SAMN09408642,0,0,0,0,0,0,0,0,0,0,0,0,0
SAMN09411059,3,1,1,4,4,1,0,0,0,1,2,17,0
SAMN09417492,0,0,0,0,2,0,0,0,0,0,0,2,0
SAMN09408777,0,0,0,0,0,0,0,0,0,0,0,0,0
SAMN09412821,0,0,0,0,0,0,0,0,0,0,0,0,0
SAMN09415318,307,210,96,136,301,169,100,44,40,40,58,1501,99
SAMN09418747,5,0,1,2,5,4,3,1,0,0,1,22,3
SAMN09418607,137,90,57,48,158,82,49,23,17,32,22,715,62
SAMN09417432,11,10,6,7,16,4,6,4,2,5,1,72,4
SAMN09412273,0,0,0,0,0,0,0,0,0,0,0,0,0
SAMN09408525,15,5,5,7,18,11,7,3,1,2,4,78,1
SAMN09414703,0,0,1,0,0,0,0,0,0,0,0,1,0
SAMN09408691,1,0,0,0,0,0,0,0,0,0,0,1,1
SAMN09416334,181,139,57,107,203,112,62,43,25,49,39,1017,61
SAMN09420368,3,3,0,1,2,4,1,1,0,1,1,17,1
SAMN09414268,276,162,79,111,192,113,73,32,25,37,48,1148,60
SAMN09415485,0,0,0,0,1,0,0,0,0,0,1,2,0
SAMN09413521,17,7,6,5,6,12,6,2,3,4,1,69,9
SAMN09411758,0,0,0,0,1,0,0,0,0,0,0,1,0
SAMN09417770,33,27,9,16,43,19,15,2,1,11,7,183,14
SAMN09419098,5,6,2,1,3,1,2,1,0,0,1,22,0
SAMN09408084,131,77,47,43,111,60,51,20,12,17,26,595,58
SAMN09419080,142,71,39,73,111,69,26,23,17,12,19,602,32
SAMN09415940,0,0,0,0,0,0,0,0,0,0,0,0,0
SAMN09417280,127,82,38,39,112,70,34,13,19,11,25,570,57
SAMN09411188,0,0,0,0,0,0,0,0,0,0,0,0,0
SAMN09408704,0,0,0,0,0,0,0,0,0,0,0,0,0
SAMN09412158,1,1,0,0,0,1,0,0,0,0,0,3,1
SAMN09408930,0,0,0,0,0,0,0,0,0,0,0,0,0
SAMN09420508,0,0,0,0,0,0,0,0,0,0,0,0,0
SAMN09418966,8,0,3,3,3,2,2,0,0,0,0,21,2
SAMN09417777,0,0,0,0,0,0,0,0,0,0,0,0,0
SAMN09408090,0,0,0,0,0,0,0,0,0,0,0,0,0
SAMN09415031,98,73,35,38,97,49,40,18,20,22,20,510,49
SAMN09408374,0,0,0,0,0,0,0,0,0,0,0,0,0
SAMN09417754,0,0,0,0,0,0,0,0,0,0,0,0,0
SAMN09412770,0,1,0,1,1,0,0,0,0,0,0,3,0
SAMN09416654,0,0,0,0,0,0,0,0,0,0,0,0,0
SAMN09412537,139,61,30,62,76,70,41,14,8,15,17,533,33
SAMN09420146,0,0,0,0,0,0,0,0,0,0,0,0,0
SAMN09416740,6,5,4,3,10,4,2,1,0,0,1,36,7
SAMN09408059,0,0,0,0,0,0,0,0,0,0,0,0,0
SAMN09410230,0,0,0,0,0,0,0,0,0,0,0,0,0
SAMN09415101,0,0,0,0,0,0,0,0,0,0,0,0,0
SAMN09410121,0,0,0,0,0,0,0,0,0,0,0,0,0
SAMN09417289,0,0,3,1,11,0,4,0,0,5,2,26,1
SAMN09420729,484,335,158,152,397,269,168,68,52,76,97,2256,136
SAMN09412575,0,0,0,0,0,0,0,0,0,0,0,0,0
SAMN09416775,2,0,1,0,1,0,0,0,0,0,0,4,0
SAMN09413737,12,6,4,3,12,9,3,2,1,2,3,57,5
SAMN09420964,0,0,0,0,0,0,0,0,0,0,0,0,0
SAMN09411921,146,84,51,74,130,86,54,26,14,23,18,706,55
SAMN09411077,0,0,0,0,0,0,0,0,0,0,0,0,0
SAMN09420590,264,190,87,75,192,134,62,31,27,40,46,1148,99
SAMN09417196,14,5,3,3,12,10,4,2,2,1,4,60,3
SAMN09408109,0,0,0,0,0,0,0,0,0,0,0,0,0
SAMN09420161,22,16,8,20,27,21,6,5,5,9,10,149,2
SAMN09418235,0,0,0,0,0,0,0,0,0,0,0,0,0
SAMN09416427,3,3,0,1,3,0,1,1,0,1,0,13,0
SAMN09411148,0,0,0,0,0,0,0,0,0,0,0,0,0
SAMN09414951,0,0,0,0,0,0,0,0,0,0,0,0,0
SAMN09420021,0,0,0,0,0,0,0,0,0,0,0,0,0
SAMN09415321,0,0,0,0,0,0,0,0,0,0,0,0,0
SAMN09410803,0,0,0,0,0,0,0,0,0,0,0,0,0
SAMN09418440,0,0,0,0,1,0,0,0,0,0,0,1,0
SAMN09419806,1,0,0,0,0,0,0,0,0,0,0,1,0
SAMN09418621,102,58,31,38,76,58,37,17,13,12,17,459,27
SAMN09420636,0,0,0,0,1,0,0,0,0,0,0,1,0
SAMN09411280,0,0,0,0,0,0,0,0,0,0,0,0,0
SAMN09415660,0,0,0,0,0,0,0,0,0,0,0,0,0
SAMN09413467,306,225,109,137,297,213,113,51,49,67,62,1629,76
SAMN09416002,0,0,0,0,0,0,0,0,0,0,0,0,0
SAMN09419974,0,0,0,0,0,0,0,0,0,0,0,0,0
SAMN09418606,0,0,0,0,0,0,0,0,0,0,0,0,0
SAMN09415416,0,0,0,0,0,0,0,0,0,0,0,0,0
SAMN09413699,0,0,0,0,0,0,0,0,0,0,0,0,0
SAMN09415410,30,16,8,26,30,25,12,5,3,2,11,168,13
SAMN09418426,0,0,0,0,0,0,0,0,0,0,0,0,0
SAMN09412013,0,0,0,0,0,0,0,0,0,0,0,0,0
SAMN09410612,1,0,2,2,1,1,0,0,0,0,0,7,0
SAMN09415437,2,1,1,1,0,0,0,2,0,1,0,8,1
SAMN09412571,22,12,4,6,24,11,4,2,2,3,0,90,2
SAMN09411635,1,0,0,0,0,0,0,0,1,0,0,2,0
SAMN09412931,5,0,0,0,1,1,0,0,0,0,1,8,1
