Tag,GA3_TssC,GA3_Hcp,GA3_TssR,GA3_TssG,GA3_ClpV,GA3_TssO,GA3_TssK,GA3_TssF,GA3_TssP,GA3_TssB,GA3_TssQ,total,skipped
G80158,188,38,257,94,301,65,160,291,112,48,57,1611,448
G78791,0,0,3,0,1,0,0,0,1,0,0,5,2
G78823,71,16,1,0,90,0,0,0,0,30,0,208,49
G80474,0,0,0,0,1,0,0,0,0,0,0,1,0
G78555,1,0,0,0,1,0,0,0,0,0,0,2,0
G80306,126,20,204,80,197,29,71,154,93,36,44,1054,166
G80314,0,0,1,0,0,0,0,0,0,0,0,1,0
G78656,12,17,16,1,16,3,2,9,10,4,2,92,118
G80436,8,3,20,3,20,7,10,18,5,7,6,107,19
G78561,0,0,1,0,0,0,0,0,0,0,0,1,0
G78658,0,0,4,0,0,0,0,0,0,0,0,4,2
G80591,3,1,6,1,8,0,2,0,1,0,0,22,6
G69237,1,1,1,2,1,0,0,0,2,0,1,9,8
G80392,114,23,90,57,183,28,94,83,78,36,48,834,205
G80381,17,1,31,11,25,6,15,24,21,2,8,161,29
G78537,26,2,42,14,45,11,12,26,37,11,13,239,84
G69186,0,0,0,0,2,0,0,0,0,0,2,4,0
G78876,29,5,48,14,45,10,21,34,16,9,6,237,45
G78746,4,1,0,4,6,1,0,0,0,0,0,16,3
G78508,0,0,0,0,3,5,2,0,0,0,0,10,465
G78902,3,0,2,0,6,0,2,3,3,1,1,21,5
G80596,138,18,274,50,239,56,46,122,99,38,55,1135,277
G78719,49,7,72,13,78,12,11,29,35,13,16,335,81
G78807,0,0,1,1,0,0,1,1,0,0,0,4,1
G80565,1,0,1,0,4,0,0,0,1,0,0,7,2
G80418,22,4,53,8,44,12,10,19,9,11,6,198,48
G80285,0,0,1,0,3,0,1,1,4,0,0,10,1
G78778,0,0,1,0,0,0,0,1,1,0,0,3,0
G78728,0,0,0,0,0,0,0,0,0,0,0,0,0
G80484,0,0,0,0,0,0,0,0,0,0,0,0,1
G78680,39,12,68,33,44,15,24,30,18,9,17,309,115
G80360,0,0,1,1,0,0,0,0,0,0,0,2,1
G69159,40,16,48,12,54,15,20,18,18,12,13,266,63
G80535,0,0,0,0,0,0,0,0,0,0,0,0,0
G80615,1,0,2,0,5,1,3,0,1,0,1,14,5
G69232,33,2,43,16,42,6,9,16,17,6,2,192,60
G78663,0,0,0,0,0,0,0,0,0,0,0,0,1
G78809,44,7,83,38,60,11,17,71,23,8,12,374,150
G69171,36,3,43,15,43,4,6,9,17,6,9,191,63
G78842,0,0,0,0,1,0,0,0,0,0,0,1,0
G80539,0,0,1,0,1,0,1,1,2,0,0,6,1
G80583,0,0,0,0,3,0,1,0,0,1,0,5,2
G78622,32,6,72,16,61,15,28,34,25,17,13,319,70
G78774,0,0,0,0,1,0,0,0,0,0,0,1,0
G78620,0,0,0,0,0,0,0,0,0,0,0,0,0
G78710,0,0,1,0,1,0,0,0,0,0,0,2,1
G80469,801,136,1612,524,1368,245,644,868,526,202,285,7211,1074
G78629,11,1,14,1,9,1,6,13,8,1,0,65,25
G80365,271,51,449,126,424,100,121,288,136,72,96,2134,411
G78587,0,0,0,0,0,0,0,0,0,0,0,0,2
G78515,0,0,0,0,0,0,0,0,0,0,0,0,2
G80364,0,0,0,0,0,1,0,0,1,0,0,2,1
G80560,0,0,0,0,0,0,0,0,0,0,0,0,0
G78913,0,0,0,0,2,1,0,0,1,0,0,4,2
G80579,0,0,1,0,9,1,1,1,1,0,0,14,6
G80292,0,0,0,0,0,1,0,0,0,0,0,1,0
G80274,0,0,0,0,0,0,0,1,0,0,0,1,0
G80343,0,0,66,6,0,8,0,0,23,0,7,110,16
G80529,0,0,0,0,0,0,0,0,0,0,0,0,0
G78799,0,0,0,0,0,0,0,0,0,0,0,0,0
G69287,8,2,32,2,26,0,7,15,9,3,5,109,16
G78737,34,3,62,9,54,6,9,28,22,12,10,249,80
G78647,0,0,0,0,0,0,0,0,0,0,0,0,0
G80307,1,0,0,2,0,0,0,0,0,0,0,3,1
G80498,1,0,0,0,0,1,0,0,0,0,0,2,2
G78514,16,5,1,7,27,34,17,1,0,0,0,108,1924
G78706,0,0,0,0,0,0,0,0,0,0,0,0,2
G78633,0,0,0,0,0,0,0,0,0,0,0,0,0
G78835,10,1,19,5,10,3,4,4,3,2,3,64,23
G78769,0,0,2,0,0,0,2,1,0,0,0,5,0
G78911,135,29,223,48,157,49,36,145,97,43,49,1011,319
G80416,29,7,50,20,45,5,17,44,32,15,7,271,75
G80286,20,7,47,12,46,9,7,34,23,3,7,215,42
G78818,0,0,0,0,0,0,0,0,0,0,0,0,0
G80512,1,0,0,0,0,0,0,0,0,1,0,2,1
G69213,0,0,0,0,0,0,0,0,0,0,0,0,0
G80291,0,0,0,0,1,0,0,0,0,0,0,1,0
G80502,0,0,0,0,0,0,0,0,0,0,0,0,0
G78682,94,16,148,58,156,25,57,86,36,14,21,711,139
G80537,0,0,0,0,0,0,0,1,0,0,0,1,1
G78519,83,18,126,38,102,41,38,59,54,25,16,600,184
G80421,4,1,15,2,18,1,3,5,3,3,2,57,7
G69219,63,8,105,32,99,34,43,75,40,13,20,532,113
G80297,351,78,639,228,667,129,223,450,222,96,113,3196,494
G80428,27,9,18,20,41,5,17,13,18,11,9,188,70
G78762,0,0,0,0,0,0,0,0,0,0,0,0,0
G80448,356,81,664,213,593,105,184,467,249,102,113,3127,374
G69223,0,0,0,0,0,0,0,1,0,0,0,1,0
G80410,0,0,1,0,0,0,0,0,0,0,0,1,0
G80478,0,0,0,0,0,0,0,0,0,0,0,0,6
G78730,2,1,4,0,3,1,1,0,1,2,0,15,6
G78675,0,0,0,0,0,0,0,0,0,0,0,0,0
G78891,21,7,36,9,35,12,13,7,13,3,8,164,29
G78816,0,0,0,0,0,0,0,0,0,0,0,0,2
G78615,46,4,88,25,66,19,32,41,40,13,11,385,91
G78568,180,24,261,78,247,37,52,79,145,53,30,1186,438
G80376,955,200,1556,537,1561,290,463,1043,589,291,268,7753,1834
G78578,1,1,5,4,7,0,4,3,4,0,2,31,8
G78712,84,19,115,25,103,23,32,32,50,22,15,520,283
G69199,0,0,0,0,0,0,1,0,0,0,0,1,0
G69164,0,0,0,0,0,0,0,0,0,0,0,0,0
G80595,3,0,6,2,3,0,2,1,1,0,0,18,7
G80431,0,0,2,0,4,0,1,0,1,0,0,8,0
G69206,315,56,575,158,479,91,217,414,222,81,120,2728,497
G80496,0,0,0,0,0,0,0,0,0,0,0,0,1
G80452,15,4,35,6,23,8,13,20,5,5,5,139,13
G80494,0,0,0,0,0,0,0,0,0,0,0,0,1
G78616,0,0,0,0,1,0,0,0,0,0,0,1,0
G78550,0,0,1,0,0,0,0,0,1,0,0,2,2
G80278,67,12,120,35,112,15,39,68,38,14,13,533,69
G80491,0,0,0,0,0,0,0,0,0,0,0,0,0
G80485,0,0,1,0,1,0,1,1,0,0,0,4,1
G78834,1,0,1,0,0,0,1,0,1,0,0,4,1
G78582,71,2,148,39,82,33,42,93,45,14,22,591,168
G80545,0,0,0,0,0,0,0,0,1,0,0,1,1
G78720,183,18,212,54,193,36,54,103,78,32,30,993,359
G80269,0,0,0,0,2,0,1,0,0,0,0,3,0
G78840,0,0,1,0,0,0,0,0,0,1,0,2,1
G78523,0,0,0,0,5,0,0,0,0,0,0,5,1
G78797,0,0,0,0,0,0,0,0,0,0,0,0,1
G78805,36,6,52,19,39,6,18,40,16,6,5,243,75
G78856,27,6,56,20,45,9,18,39,36,3,12,271,63
G80355,0,0,0,0,0,0,0,1,0,0,0,1,0
G78624,13,0,16,10,14,1,3,12,15,5,4,93,37
G78500,26,5,27,15,26,9,16,26,14,8,3,175,40
G80397,1,0,3,1,5,1,1,0,2,1,1,16,3
G80433,0,0,2,0,5,2,0,2,2,0,2,15,1
G78853,0,0,0,0,0,0,0,0,0,0,0,0,0
G78591,94,11,109,29,116,16,23,78,59,29,23,587,220
G78559,0,0,1,0,1,0,0,0,0,0,0,2,0
G69166,47,11,59,17,36,13,13,46,16,10,7,275,71
G80290,171,39,288,118,341,52,73,189,127,34,52,1484,298
G69225,46,5,89,31,73,18,29,49,29,8,10,387,69
G80385,67,8,90,23,90,14,43,71,45,17,27,495,122
G80350,0,0,0,0,0,0,0,0,0,0,0,0,0
G80441,0,0,0,0,0,0,0,0,0,0,0,0,1
G80330,0,0,0,0,0,0,0,0,0,0,0,0,0
G80438,0,0,0,0,0,0,0,0,0,0,0,0,0
G80603,2,0,2,2,4,0,0,2,0,0,0,12,2
G78836,16,5,35,10,33,7,13,27,18,6,5,175,42
G80273,20,2,16,4,14,4,6,12,6,6,6,96,22
G78487,2,0,0,0,1,0,0,0,0,0,0,3,2
G80353,0,0,0,0,0,0,0,0,0,0,0,0,0
G69168,0,0,0,0,0,0,1,1,0,0,0,2,0
G80573,0,0,1,0,1,0,0,0,0,0,0,2,0
G78581,9,0,12,3,10,3,2,1,3,3,1,47,15
G78576,0,0,0,0,0,0,0,0,0,0,0,0,1
G69203,0,0,0,0,0,0,0,0,0,0,0,0,0
G69154,0,0,1,0,0,0,0,0,0,0,0,1,0
G80326,0,0,0,0,0,0,0,0,0,0,0,0,0
G80557,215,47,316,114,314,77,180,115,135,48,80,1641,477
G80370,173,40,273,107,292,66,110,248,115,45,52,1521,322
G69174,268,48,479,151,448,83,235,379,176,62,84,2413,296
G80457,0,0,0,0,0,0,0,0,0,0,0,0,0
G80316,200,60,432,134,408,71,120,273,157,66,85,2006,528
G78830,37,4,44,9,34,10,7,30,19,7,7,208,69
G80446,0,0,0,0,0,0,0,1,0,0,0,1,1
G80587,0,0,0,0,0,0,0,0,0,0,0,0,0
G78828,19,3,28,7,25,7,5,19,16,8,9,146,74
G80593,1,0,1,1,5,0,1,1,0,1,0,11,3
G80581,1,0,0,0,0,0,0,0,0,1,0,2,3
G80570,0,0,0,0,1,0,0,2,0,0,0,3,1
G78593,178,29,229,74,253,46,46,233,108,37,37,1270,342
G78742,0,0,0,0,1,0,1,0,0,0,0,2,1
G78878,148,23,286,76,154,68,106,129,85,34,39,1148,374
G80516,42,16,109,22,75,21,24,43,40,12,15,419,75
G78543,95,11,177,61,130,30,83,50,61,25,26,749,282
G69185,426,85,792,302,833,122,369,603,236,119,134,4021,553
G78882,1,0,0,0,0,0,0,0,0,0,0,1,0
G80342,0,0,0,0,0,0,0,0,0,0,0,0,1
G69286,0,0,0,0,0,0,0,0,0,0,0,0,2
G80348,26,5,47,21,51,8,30,16,18,8,7,237,76
G78517,1,0,0,0,0,0,0,0,0,0,1,2,2
G78566,114,19,211,68,177,24,59,163,79,36,35,985,223
G80396,0,0,0,0,0,0,0,0,0,0,0,0,0
G78718,1,0,0,1,0,0,0,1,0,0,0,3,0
G69233,105,22,172,49,162,38,59,123,53,22,36,841,156
G78751,3,4,10,1,3,3,0,4,0,0,1,29,20
G69175,161,33,332,102,297,69,88,189,110,53,62,1496,253
G80523,0,0,0,0,1,0,0,0,0,0,0,1,0
G69146,9,1,18,4,23,3,4,24,7,1,8,102,23
G80420,14,2,18,4,29,0,5,7,3,6,1,89,18
G78844,1,0,0,1,0,1,0,1,1,0,0,5,1
G78583,699,125,1026,338,889,245,428,737,476,190,164,5317,1126
G80327,0,0,0,0,0,0,0,0,0,0,0,0,0
G78877,0,0,1,0,2,0,2,1,0,1,0,7,4
G69191,15,2,29,5,20,3,19,12,9,5,1,120,23
G78865,2,1,2,1,2,0,0,3,0,0,1,12,1
G80549,0,0,0,0,0,0,0,0,0,0,0,0,3
G80562,0,0,1,1,0,0,3,0,1,0,0,6,3
G80488,0,0,0,0,0,0,0,0,0,0,0,0,0
G80321,381,74,728,230,711,126,191,498,289,114,135,3477,628
G78776,0,0,2,1,0,0,0,1,2,0,0,6,3
G78655,0,0,0,0,0,0,1,1,0,0,0,2,1
G78780,5,0,3,1,5,1,1,5,0,2,1,24,6
G80415,0,0,0,0,0,0,0,0,0,0,0,0,1
G78885,0,0,0,0,0,0,0,0,0,0,0,0,2
G80575,2,0,0,0,0,1,0,1,0,0,1,5,2
G78708,40,5,76,14,79,9,28,59,18,10,20,358,47
G78747,0,0,0,0,1,0,0,0,0,0,0,1,0
G80263,0,0,0,0,0,0,0,0,0,0,0,0,0
G78852,135,36,224,58,200,29,101,181,93,29,53,1139,227
G80526,42,5,43,8,53,10,9,25,27,4,6,232,76
G80412,0,0,0,0,1,0,0,0,0,0,0,1,1
G78713,99,13,169,54,167,33,56,108,71,24,23,817,226
G69198,0,0,0,0,0,0,0,0,0,0,0,0,0
G78677,0,0,0,0,0,0,0,0,0,0,0,0,0
G80506,0,0,0,0,1,0,0,0,0,0,0,1,0
G78727,0,0,0,0,0,0,0,0,0,0,0,0,0
G80295,101,13,166,47,159,25,47,133,68,31,26,816,110
G78880,0,0,0,0,2,0,0,0,0,0,0,2,1
G78565,1,0,1,0,0,0,0,0,0,0,0,2,1
G78654,0,0,0,0,0,0,0,0,0,0,0,0,0
G80589,2,0,2,0,1,1,0,1,0,0,0,7,3
G69152,0,0,0,0,1,0,0,0,0,0,0,1,0
G69273,1206,227,2012,561,1806,358,528,1309,765,319,379,9470,2288
G78518,0,0,6,0,2,0,0,2,0,0,0,10,1
G78875,1,0,0,0,0,0,0,0,0,0,0,1,0
G78575,59,8,77,29,78,19,18,38,31,11,16,384,114
G80281,0,0,0,0,0,0,0,0,0,0,0,0,0
G80578,2,0,1,1,1,1,1,2,3,0,1,13,5
G69167,18,1,31,7,29,5,4,10,13,14,4,136,40
G78679,0,0,0,1,0,0,0,0,0,0,0,1,1
G78637,1,0,0,0,1,0,0,0,0,0,0,2,1
G80580,121,18,170,55,162,36,95,142,94,38,40,971,202
G78579,0,0,1,0,1,0,1,0,0,0,0,3,4
G80553,685,87,1048,290,1024,215,368,651,476,185,207,5236,352
G80614,0,0,0,0,0,0,0,0,0,0,0,0,0
G80532,646,131,1135,316,1205,206,308,802,395,146,218,5508,826
G78528,89,14,166,23,126,34,24,97,63,20,25,681,183
G80325,0,0,0,0,0,0,0,0,1,0,0,1,0
G80554,1,0,2,4,3,1,1,1,1,2,1,17,7
G78777,0,0,0,0,0,0,0,0,0,0,0,0,0
G78542,11,3,14,5,21,10,11,12,12,1,10,110,94
G80552,3,0,5,3,9,2,0,3,5,2,2,34,21
G78525,7,0,12,5,10,5,7,13,4,6,5,74,31
G80293,58,7,119,28,139,12,30,45,46,16,22,522,115
G80476,470,91,855,276,853,147,360,503,282,116,149,4102,561
G78914,120,27,182,54,156,47,93,148,63,27,28,945,183
G78526,796,111,1323,318,1030,204,446,756,570,212,195,5961,1541
G78652,22,10,56,11,48,17,15,32,21,6,13,251,48
G80301,0,0,0,0,0,0,0,1,0,0,0,1,0
G80505,0,0,0,0,0,0,0,0,0,0,0,0,0
G80514,0,0,0,0,0,0,0,0,0,0,0,0,1
G69188,0,0,0,0,0,0,0,0,0,0,0,0,0
G80459,0,0,0,0,0,0,0,0,0,0,0,0,0
G80340,0,1,8,1,1,1,0,1,2,0,3,18,2
G78798,0,0,0,1,1,1,0,0,1,1,0,5,2
G78782,1,0,1,0,0,0,0,0,0,0,0,2,1
G69295,2,0,0,3,0,0,0,0,0,0,0,5,1
G80277,39,15,77,21,71,5,27,46,24,8,10,343,34
G78598,1,0,0,0,1,0,0,0,0,0,0,2,0
G80303,38,4,61,25,58,9,22,63,34,3,18,335,69
G78857,73,8,91,18,63,9,33,59,31,19,12,416,126
G80594,0,0,0,0,0,0,0,0,0,0,0,0,0
G78688,0,0,0,0,2,0,0,0,0,0,0,2,2
G69236,91,10,211,118,347,28,127,161,93,20,24,1230,144
G80536,0,0,0,0,0,0,0,0,0,0,0,0,0
G69218,85,16,159,42,114,36,29,98,51,24,14,668,339
G80624,32,8,46,11,40,7,10,14,20,5,10,203,98
G80538,1,0,2,0,0,0,0,1,0,0,0,4,0
G78804,25,6,32,10,32,7,18,11,12,1,12,166,86
G80572,3,0,3,1,2,0,1,2,1,0,0,13,7
G80413,2,0,0,0,0,0,0,0,1,0,0,3,1
G78717,0,0,0,0,3,0,0,2,0,0,0,5,1
G69149,121,17,138,57,164,37,29,112,49,20,29,773,195
G78854,31,3,57,21,52,7,17,30,31,8,7,264,38
G78585,0,0,3,1,3,0,4,3,0,0,0,14,5
G80318,0,0,0,0,0,0,0,0,0,0,0,0,0
G78690,0,0,0,0,0,0,0,0,0,0,0,0,0
G78664,161,25,234,76,212,39,117,163,79,37,46,1189,311
G80332,615,92,1038,299,974,174,425,627,320,147,198,4909,897
G78529,9,2,10,5,9,1,3,9,6,0,0,54,50
G80331,0,1,0,0,2,0,1,0,0,0,0,4,1
G80308,1,0,1,0,0,0,0,0,1,0,0,3,0
G78793,1,0,0,0,0,0,0,0,0,0,0,1,0
G78548,0,1,5,2,4,0,0,2,0,0,0,14,6
G69210,0,0,3,0,0,0,0,0,0,0,0,3,0
G78495,0,0,0,0,1,0,0,0,0,0,0,1,0
G80310,0,0,1,0,0,0,0,2,0,1,0,4,1
G78707,0,0,0,0,0,0,0,0,0,0,0,0,0
G80347,55,10,67,22,75,15,12,42,30,7,16,351,83
G80398,0,0,0,0,0,0,0,0,0,0,0,0,0
G78832,0,0,3,0,1,1,0,1,1,0,0,7,1
G78819,0,0,0,0,1,0,1,0,0,0,0,2,2
G80477,1,0,1,0,0,0,0,1,1,1,0,5,1
G80599,0,0,0,0,3,0,1,0,0,0,0,4,3
G80324,0,0,0,0,0,0,0,0,0,0,0,0,0
G78909,0,0,0,0,1,0,0,0,0,0,0,1,1
G78790,0,0,0,0,1,0,0,0,0,0,0,1,2
G78783,11,10,12,0,0,0,1,4,2,0,2,42,20
G78554,0,1,0,0,0,0,0,0,0,0,0,1,1
G78692,35,5,49,25,43,13,13,26,26,14,9,258,53
G78544,17,1,35,15,20,11,9,3,12,4,2,129,57
G78874,0,0,1,0,1,0,0,0,0,0,0,2,1
G78601,66,11,113,25,103,15,23,62,40,16,20,494,128
G69187,0,0,1,0,0,0,0,4,0,0,0,5,3
G80319,34,3,62,26,69,3,19,35,22,8,10,291,40
G78547,36,4,70,22,55,11,15,24,22,5,4,268,91
G78763,0,0,0,0,0,0,0,0,0,0,0,0,0
G80531,1,0,1,0,1,0,0,0,1,0,0,4,2
G69178,0,0,0,0,0,0,0,0,0,0,0,0,0
G80369,6,0,11,4,11,2,8,2,5,0,3,52,6
G86986,0,0,0,0,0,0,0,0,0,0,0,0,1
G78574,0,0,0,0,0,0,0,0,0,0,0,0,2
G78837,3,0,3,0,6,2,0,2,1,0,0,17,4
G78558,8,3,34,8,14,5,8,9,8,1,7,105,27
G80616,673,80,896,267,893,233,309,673,366,172,170,4732,361
G78741,123,37,179,39,160,33,55,123,62,36,18,865,412
G80425,23,5,43,13,46,5,21,37,19,9,4,225,16
G80372,0,0,0,0,0,0,0,0,0,0,0,0,0
G69211,0,0,1,0,0,0,0,0,0,0,0,1,0
G78669,193,49,380,116,336,85,160,286,195,67,65,1932,576
G78605,74,10,147,52,138,31,69,99,68,19,29,736,157
G78589,1,0,0,0,0,0,0,0,0,0,0,1,1
G80567,255,45,450,133,420,94,185,328,204,58,82,2254,300
G80422,0,0,1,0,0,0,0,2,1,0,0,4,1
G78551,201,40,271,50,151,62,50,173,93,41,52,1184,440
G78822,0,0,0,0,1,0,0,0,0,0,0,1,1
G78595,2,0,2,0,2,3,2,1,0,0,0,12,65
G78619,232,42,393,94,357,55,82,228,147,62,41,1733,576
G78524,223,39,301,64,256,62,67,180,138,45,57,1432,456
G78499,51,5,102,35,62,25,17,57,48,8,8,418,132
G78772,0,0,0,0,0,0,0,0,0,0,0,0,1
G78498,0,0,1,0,0,0,0,0,1,0,0,2,3
G80608,3,1,3,1,3,0,0,2,2,1,0,16,6
G78489,1,0,3,1,4,1,0,4,2,1,2,19,2
G78665,29,6,60,8,41,12,14,32,20,7,11,240,72
G78635,35,3,39,19,48,4,10,13,23,12,10,216,98
G80482,0,0,2,0,2,0,0,2,0,0,1,7,3
G80394,0,0,0,0,0,0,0,0,0,0,0,0,0
G78556,276,39,569,146,408,54,88,132,239,73,81,2105,875
G78520,0,0,0,0,1,0,0,0,0,0,0,1,0
G78557,130,25,216,61,166,55,70,107,91,30,45,996,310
G80363,17,5,24,10,22,5,1,5,9,5,4,107,36
G80542,0,0,0,0,1,1,0,2,1,0,1,6,3
G69172,0,0,0,0,1,0,0,0,0,0,0,1,0
G80275,0,0,1,0,1,0,0,0,0,0,0,2,0
G80550,0,0,0,0,0,0,0,0,0,0,0,0,0
G78795,474,72,684,216,543,92,176,170,305,110,83,2925,1379
G78859,118,17,216,56,166,46,72,127,73,21,37,949,204
G78773,10,0,9,2,5,0,6,8,10,3,0,53,25
G80345,0,0,0,0,3,0,0,0,0,0,0,3,0
G78897,0,0,0,0,0,0,0,0,0,0,0,0,1
G78749,1,0,0,0,0,0,0,1,0,0,0,2,1
G80543,495,121,813,267,777,157,284,445,322,144,147,3972,642
G80577,98,11,141,42,142,22,33,44,60,26,26,645,208
G80585,2,0,5,0,4,1,0,0,1,0,1,14,9
G78541,143,16,206,58,162,38,81,49,85,37,28,903,266
G80405,0,0,0,1,0,0,0,2,1,0,0,4,2
G69253,2,0,2,3,1,0,1,4,1,0,0,14,1
G80288,49,12,118,42,91,22,36,58,44,22,20,514,107
G69201,26,4,66,17,55,7,12,42,15,8,11,263,62
G80534,0,0,0,0,1,0,0,0,0,0,0,1,0
G80503,0,0,0,0,0,0,0,0,0,0,0,0,0
G78808,31,6,66,17,56,13,27,42,25,14,10,307,142
G69193,0,0,0,0,0,0,0,0,0,0,0,0,0
G78649,126,17,166,65,167,22,44,65,70,24,33,799,390
G78612,0,0,1,1,0,0,0,0,0,0,0,2,0
G80555,1,2,1,1,3,1,0,0,3,0,1,13,5
G80276,3,0,4,5,1,0,1,3,2,0,0,19,5
G78904,0,0,0,0,0,0,0,1,0,0,0,1,0
G69190,0,0,0,0,1,0,0,0,0,0,0,1,1
G80328,0,0,0,0,0,0,0,0,0,0,0,0,0
G78567,0,0,0,0,0,0,0,0,0,0,0,0,0
G78586,0,0,0,0,0,0,0,0,0,0,0,0,1
G69183,0,0,3,0,0,0,2,0,0,0,0,5,0
G80371,0,0,0,0,0,0,0,0,0,0,0,0,0
G78661,0,0,0,0,2,0,0,0,0,0,0,2,1
G78879,36,9,44,15,46,16,19,24,28,10,10,257,79
G78699,0,0,0,0,0,0,0,0,0,0,0,0,0
G80375,0,0,0,0,0,0,0,0,0,0,0,0,0
G78765,0,0,0,0,0,0,0,0,0,0,0,0,0
G69196,2,0,0,0,3,0,2,0,0,0,0,7,0
G80606,1,0,2,1,3,0,0,1,1,0,0,9,1
G78826,153,11,251,90,229,57,73,121,114,38,42,1179,396
G78609,140,20,203,60,174,40,84,64,99,34,32,950,282
G80620,3,0,2,0,3,1,0,2,1,1,1,14,6
G78530,0,1,3,1,4,0,1,0,2,0,1,13,6
G69177,1,0,6,0,9,0,1,1,1,1,2,22,1
G78815,0,0,0,0,1,0,0,0,0,0,0,1,0
G69231,0,0,0,0,0,0,0,0,0,0,0,0,0
G78893,0,0,0,0,1,0,0,0,1,1,0,3,1
G80508,0,0,0,0,1,0,1,2,0,0,0,4,3
G78871,2,0,15,5,20,11,10,9,9,7,3,91,26
G78502,0,0,1,0,0,0,0,0,0,0,0,1,0
G65860,1,1,2,2,10,0,2,0,0,0,0,18,3
G80407,19,7,60,15,54,3,13,11,26,7,9,224,64
G80455,0,0,1,0,0,0,0,0,0,0,0,1,0
G80558,1,2,1,0,1,0,1,2,0,0,0,8,1
G80403,0,0,0,0,2,0,0,0,0,0,0,2,2
G80387,0,0,0,0,1,0,0,0,0,0,0,1,0
G80605,50,3,57,20,66,10,21,44,25,21,8,325,60
G78696,0,0,1,0,0,0,0,0,0,0,0,1,0
G80470,5,1,8,1,1,3,2,8,3,2,0,34,13
G80357,31,6,58,14,37,8,14,26,15,9,22,240,57
G78683,82,12,159,30,130,17,22,43,65,22,18,600,202
G78868,0,0,0,0,0,1,0,0,0,0,0,1,0
G80517,899,253,1616,538,1492,300,443,1295,594,246,290,7966,1500
G80500,0,0,0,0,2,0,0,0,0,0,0,2,2
G78538,49,6,47,21,52,11,23,12,27,9,8,265,100
G78758,0,0,0,0,0,0,0,2,2,0,0,4,1
G78750,0,0,1,0,0,0,0,0,0,0,0,1,1
G78803,0,0,1,0,0,0,0,1,0,0,0,2,1
G69192,0,0,0,0,0,0,0,0,0,0,0,0,0
G80346,57,11,81,30,86,27,20,78,39,14,14,457,100
G78611,0,0,0,0,0,0,0,0,1,0,0,1,2
G78625,0,0,0,0,0,0,0,0,0,0,0,0,0
G78722,0,0,0,0,0,0,0,0,0,0,0,0,0
G78636,6,2,23,6,7,4,5,7,4,1,5,70,30
G78676,218,17,345,100,291,79,120,249,130,55,70,1674,369
G78653,0,0,0,0,0,0,0,0,0,0,0,0,0
G78492,4,0,7,1,1,2,0,1,1,0,2,19,8
G80283,0,0,0,0,0,0,0,0,0,0,0,0,0
G80611,1,0,0,1,4,2,0,2,2,1,0,13,5
G80563,241,34,362,106,355,84,117,305,171,62,51,1888,384
G80548,0,0,2,0,2,0,0,0,0,0,0,4,1
G78788,0,0,0,0,1,0,0,0,0,0,0,1,2
G78775,0,0,0,0,0,0,0,0,0,0,0,0,0
G78670,0,0,0,0,1,0,1,0,0,0,0,2,1
G80592,546,96,706,270,819,179,327,479,297,158,166,4043,1015
G78789,0,0,0,0,0,1,0,0,0,0,0,1,0
G80333,54,16,126,27,101,17,34,77,46,16,17,531,110
G80483,0,0,1,0,1,0,0,0,0,0,0,2,0
G78494,100,12,152,31,108,36,35,65,63,22,29,653,232
G78866,0,0,0,0,0,0,1,0,0,0,0,1,3
G78806,0,0,0,0,0,0,0,0,0,0,0,0,1
G78694,143,20,136,131,250,38,128,95,50,20,58,1069,373
G69230,6,3,13,1,13,1,1,19,3,0,0,60,1
G78849,1,0,1,0,3,1,0,0,0,1,1,8,3
G78685,0,0,0,0,0,0,0,0,0,0,0,0,0
G80574,0,0,0,0,0,0,0,0,0,0,0,0,1
G78841,7,3,23,5,27,0,8,4,6,3,4,90,17
G78536,1,0,0,0,0,0,0,0,0,0,0,1,6
G78887,0,0,0,0,0,0,0,0,0,0,0,0,0
G69163,12,2,10,7,23,3,2,5,6,1,4,75,21
G80613,2,0,6,1,5,0,2,1,4,1,2,24,4
G80621,2,0,2,0,1,1,1,0,0,0,0,7,1
G80547,1,0,0,0,0,0,0,0,0,0,0,1,2
G80590,1097,162,1716,426,1853,323,541,925,719,304,311,8377,1683
G78862,1,0,1,0,0,0,0,0,0,0,0,2,1
G80518,130,24,234,50,206,43,68,161,79,43,46,1084,224
G78493,0,0,1,0,1,0,0,1,0,0,0,3,0
G80566,0,0,0,0,2,0,0,1,1,0,0,4,0
G78533,9,2,17,2,14,4,3,8,6,2,2,69,29
G78674,402,32,582,191,501,109,215,346,239,97,91,2805,830
G80393,0,0,0,0,0,0,0,0,0,0,0,0,0
G69161,1,0,2,0,0,0,0,1,0,0,0,4,0
G80465,0,0,0,0,0,0,0,0,0,0,0,0,2
G78901,4,0,10,0,8,0,0,0,0,0,0,22,5
G78570,0,0,0,0,0,0,0,0,1,0,0,1,0
G78883,0,0,1,0,0,0,1,1,0,0,0,3,0
G80302,1,0,0,0,0,0,0,0,0,0,0,1,0
G80267,0,0,0,0,0,0,0,0,0,0,0,0,0
G78621,1,1,0,0,0,0,0,0,0,0,0,2,0
G90147,0,0,0,0,0,0,0,0,0,0,0,0,0
G78614,6,3,8,1,12,2,5,3,5,2,0,47,12
G69179,1,0,0,0,0,0,0,0,0,0,0,1,1
G78740,2,0,6,4,3,1,1,2,1,0,0,20,9
G78626,8,0,14,1,6,2,6,6,1,0,1,45,10
G80356,1,0,2,1,8,0,0,0,0,1,0,13,1
G80329,0,0,0,0,0,0,1,1,0,0,0,2,1
G86980,38,1,30,15,46,7,7,35,8,5,6,198,49
G80569,0,0,1,0,2,0,1,1,0,0,0,5,2
G80427,57,12,98,23,70,11,20,57,25,21,13,407,150
G80513,0,0,0,0,0,0,1,0,0,0,0,1,0
G69176,4,1,12,1,11,0,4,9,5,1,2,50,7
G78640,92,23,180,66,183,40,73,134,102,33,27,953,443
G69169,1,0,0,0,0,0,0,0,0,0,0,1,0
G69173,19,4,32,12,40,11,29,38,21,8,5,219,25
G69214,4,0,10,0,4,1,1,4,3,1,1,29,8
G78824,0,0,0,0,0,0,0,0,0,0,0,0,3
G78552,78,18,103,23,67,16,21,69,37,14,26,472,139
G78886,1,0,0,0,0,0,0,0,0,0,0,1,1
G78843,0,0,0,0,1,0,0,0,0,0,0,1,1
G78715,173,38,333,84,323,80,107,170,146,49,75,1578,430
G69227,597,99,1100,361,1032,185,481,722,426,152,212,5367,547
G78738,55,17,78,31,103,15,21,31,33,22,17,423,199
G78594,0,0,1,0,0,0,0,0,0,0,0,1,1
G78608,0,0,0,0,0,0,0,0,0,0,0,0,0
G78545,3,2,5,5,5,1,0,1,1,2,2,27,13
G78490,103,17,163,36,100,34,30,93,49,29,23,677,214
G78833,50,10,99,30,87,5,32,51,27,7,21,419,100
G80361,70,8,102,26,95,19,42,36,56,18,20,492,63
G80313,297,65,595,184,520,118,129,384,216,92,102,2702,513
G80501,0,0,0,0,0,0,0,0,0,0,0,0,0
G80423,32,5,58,10,39,11,17,42,20,8,9,251,46
G69222,0,0,0,0,0,0,0,0,0,0,0,0,0
G80358,30,8,35,7,33,8,12,26,12,6,6,183,42
G78662,0,0,0,0,0,0,0,0,0,1,0,1,0
G78892,3,0,5,1,6,2,1,13,1,0,1,33,6
G78630,15,2,39,10,46,6,16,14,17,4,3,172,42
G78539,2,0,3,1,3,0,1,0,0,0,0,10,3
G80150,0,0,0,0,0,0,0,0,0,0,0,0,0
G80359,0,0,0,0,0,0,0,0,0,0,0,0,0
G78671,0,0,1,0,0,0,0,0,0,0,0,1,0
G78521,0,0,1,0,0,0,0,0,0,0,0,1,1
G80312,0,0,0,0,0,0,0,0,0,0,0,0,0
G78684,49,10,92,28,90,6,21,47,36,16,14,409,203
G78488,0,0,0,0,1,0,0,0,0,0,0,1,0
G69165,0,0,1,1,0,0,0,0,1,0,0,3,0
G80399,0,0,0,0,0,0,0,0,0,0,1,1,0
G78839,63,6,99,9,72,10,21,53,40,12,16,401,140
G69205,0,0,0,0,0,0,0,0,0,0,0,0,0
G69156,0,0,0,0,0,0,0,0,0,0,1,1,0
G80309,0,0,0,0,0,0,0,0,0,0,0,0,0
G80490,0,0,0,0,0,0,0,0,0,0,0,0,0
G80464,0,0,0,0,0,0,0,0,0,0,0,0,0
G80604,0,0,0,0,3,0,1,3,0,0,0,7,1
G78610,86,15,133,43,115,41,66,45,84,21,12,661,218
G78627,30,4,37,13,39,12,19,22,18,5,6,205,82
G78505,21,7,53,13,40,5,10,37,17,8,7,218,70
G69155,364,70,568,212,673,93,299,456,214,85,113,3147,473
G80294,157,21,214,74,235,39,101,189,92,24,52,1198,164
G80528,207,41,360,108,408,76,116,222,138,45,59,1780,452
G80380,15,6,31,14,37,3,9,29,21,1,5,171,36
G80481,170,32,268,94,246,43,132,185,78,46,42,1336,251
G69216,0,0,0,0,0,0,0,0,0,0,0,0,0
G80522,0,0,0,0,0,0,0,0,0,0,0,0,0
G80582,0,0,1,2,2,0,0,0,0,0,0,5,4
G78743,19,2,19,4,18,2,7,14,5,2,5,97,25
G78732,0,0,0,0,0,0,0,0,0,0,0,0,0
G78592,306,54,461,87,416,101,67,345,181,82,75,2175,706
G78910,595,91,849,294,786,191,346,577,383,171,173,4456,714
G78602,0,0,1,0,1,0,0,0,0,0,0,2,1
G80272,0,0,0,0,0,0,0,0,0,0,0,0,0
G80515,0,0,0,0,0,0,0,1,0,0,0,1,0
G78646,314,49,484,159,444,55,126,153,214,120,99,2217,1020
G69158,5,1,8,1,2,1,1,0,1,0,2,22,1
G78906,0,0,0,0,0,0,0,0,0,0,0,0,2
G80439,0,0,0,0,0,0,0,0,0,0,0,0,0
G78687,10,4,23,12,35,3,1,18,10,2,6,124,53
G80419,366,79,655,242,687,115,195,433,275,96,120,3263,594
G80406,1330,271,2407,765,2293,378,929,1450,869,381,431,11504,1859
G78896,0,0,0,0,0,0,0,0,0,0,0,0,0
G78667,4,0,4,1,1,0,4,0,3,1,0,18,7
G69212,0,0,1,1,1,0,1,1,0,0,0,5,1
G78895,0,0,0,0,0,0,0,0,0,0,0,0,1
G80571,0,0,1,0,1,0,0,1,0,0,0,3,1
G80374,54,8,105,33,83,17,28,48,26,11,15,428,103
G78884,0,0,0,0,0,0,0,0,0,0,0,0,1
G78553,0,0,0,0,0,0,0,0,0,0,0,0,0
G80424,118,29,218,65,185,48,75,97,78,39,43,995,156
G78540,2,1,9,2,0,4,0,0,2,0,0,20,14
G78716,706,93,1088,364,939,229,424,601,476,154,208,5282,1481
G69217,0,0,0,2,0,0,0,0,0,0,0,2,2
G78744,0,0,1,0,0,0,0,0,0,0,0,1,1
G78821,0,0,0,0,0,0,0,0,0,0,0,0,0
G80437,42,5,51,21,44,13,24,45,19,5,11,280,49
G78645,61,13,76,32,66,22,33,50,39,18,6,416,147
G78532,7,0,9,1,5,0,4,10,1,0,0,37,13
G69221,0,0,0,0,0,0,0,0,0,0,0,0,0
G80598,0,0,1,0,5,0,1,0,1,0,0,8,5
G80417,0,0,0,1,1,0,1,3,0,2,0,8,3
G78739,524,84,876,243,771,140,212,271,334,151,133,3739,1009
G80426,0,0,0,0,1,1,0,0,0,0,0,2,0
G69189,0,0,0,0,0,0,0,0,0,0,0,0,0
G78606,1,0,3,0,0,0,1,0,0,0,0,5,1
G69195,153,27,215,75,264,35,81,93,101,32,42,1118,391
G78604,113,14,184,44,140,39,71,132,82,20,25,864,273
G80322,40,4,45,11,49,11,16,53,18,12,8,267,40
G80300,131,27,236,74,186,63,101,180,105,33,57,1193,160
G78860,0,0,1,0,1,0,0,0,0,0,0,2,1
G78792,0,0,0,0,0,0,0,0,0,0,0,0,0
G80588,1,0,3,1,3,1,0,1,0,0,0,10,2
G80609,0,0,0,0,0,0,0,0,0,0,0,0,0
G78623,1,0,1,0,0,0,0,0,0,0,0,2,1
G78851,0,0,1,0,1,0,0,1,0,0,0,3,3
G78599,22,4,39,9,31,1,10,21,13,8,5,163,58
G69209,0,1,1,0,13,1,4,0,1,0,1,22,9
G80493,0,0,0,0,0,0,0,0,1,0,0,1,1
G80402,0,0,0,0,1,0,0,0,0,0,0,1,0
G80451,0,0,0,0,0,0,0,0,0,0,0,0,0
G78590,9,3,16,3,16,3,12,14,7,3,3,89,37
G78905,0,0,2,0,2,0,0,0,0,0,1,5,0
G80377,30,4,31,16,24,5,14,18,13,13,3,171,70
G78496,1,0,1,0,1,0,0,0,0,0,0,3,0
G78752,0,0,0,0,0,0,0,0,0,0,0,0,0
G78638,0,0,0,0,0,0,0,0,0,0,0,0,0
G80366,18,2,30,3,24,1,6,8,8,2,5,107,14
G78829,10,1,10,7,26,2,6,10,7,6,2,87,29
G80287,93,14,208,54,156,41,86,100,74,28,34,888,165
G78504,0,0,0,0,0,0,0,0,0,0,0,0,0
G78899,0,0,2,0,0,0,0,1,0,0,0,3,1
G80400,81,12,147,41,128,25,67,93,64,27,25,710,80
G78858,0,1,1,0,0,0,0,0,1,0,0,3,1
G78597,8,0,11,4,6,0,4,9,4,1,0,47,19
G80336,0,0,0,0,0,0,0,0,0,0,0,0,1
G78847,0,0,0,0,0,0,0,0,0,0,0,0,2
G78651,0,0,0,0,0,0,0,0,0,0,0,0,2
G80338,40,15,93,33,66,9,23,56,32,14,11,392,86
G78507,0,0,0,0,0,0,0,0,0,0,0,0,0
G78642,0,0,0,0,0,0,0,0,0,0,0,0,3
G78673,0,0,0,0,0,0,0,0,0,0,0,0,0
G78650,0,1,1,0,1,0,0,0,0,0,0,3,2
G69274,441,102,686,210,679,140,186,405,283,128,110,3370,870
G80304,0,0,0,0,0,0,0,0,0,0,0,0,0
G80414,27,2,49,18,54,7,35,18,15,6,7,238,25
G78757,0,0,0,0,0,0,0,0,0,0,0,0,0
G69151,0,0,0,0,0,0,0,0,0,0,0,0,0
G80391,25,7,34,17,47,7,26,39,13,11,8,234,42
G78889,0,0,0,0,0,0,0,0,0,0,0,0,0
G78867,0,0,0,0,0,0,1,0,0,0,0,1,1
G78903,1,0,1,0,0,0,0,1,1,0,0,4,0
G69150,0,0,0,0,0,0,0,0,0,0,0,0,0
G80540,66,30,127,39,110,24,42,84,60,27,23,632,144
G78796,65,9,100,23,94,25,46,64,47,13,16,502,136
G80284,0,0,0,0,0,0,0,0,0,0,0,0,0
G69157,85,17,208,54,190,44,56,57,53,30,25,819,227
G78825,0,0,0,0,1,0,0,0,0,0,0,1,0
G78510,6,3,16,8,12,1,7,6,8,1,4,72,28
G78613,85,8,141,43,91,36,49,97,60,25,31,666,130
G80383,58,13,64,17,58,16,20,51,15,13,12,337,75
G78881,1,0,2,0,0,0,1,1,0,0,0,5,0
G78516,0,0,0,0,0,0,0,0,0,0,0,0,3
G78810,0,0,0,0,1,0,0,1,0,0,0,2,0
G80489,0,0,0,0,0,0,0,0,0,0,0,0,0
G69234,0,0,3,0,0,0,4,1,0,0,0,8,4
G80449,0,0,0,0,0,0,0,0,0,0,0,0,0
G78890,165,16,271,70,222,58,104,94,91,35,53,1179,268
G80499,3384,595,6217,1813,5602,1020,1586,3724,2271,909,1093,28214,4957
G78511,7,3,6,1,5,3,2,1,5,0,1,34,5
G78894,0,0,0,0,0,0,0,0,0,0,0,0,1
G80475,0,0,1,0,3,0,0,1,0,0,0,5,0
G80282,115,24,163,63,166,30,60,117,82,37,24,881,186
G80568,0,0,0,0,0,0,0,0,0,0,0,0,0
G69256,2,0,4,0,2,1,0,0,0,0,0,9,3
G69265,0,1,0,0,1,0,0,0,0,0,0,2,0
G80454,0,0,0,1,0,0,0,0,0,0,0,1,0
G80351,372,73,659,197,684,105,321,471,273,88,98,3341,468
G78697,0,0,0,0,0,0,0,0,0,0,0,0,0
G80334,0,0,0,0,0,0,0,0,0,0,0,0,0
G80462,11,1,11,6,10,6,9,4,11,5,11,85,23
G80584,370,41,651,180,516,116,206,378,289,72,116,2935,495
G78733,0,0,0,1,1,0,0,0,0,0,0,2,0
G78787,0,0,0,0,0,0,0,0,0,0,0,0,1
G80395,0,0,0,0,1,0,0,0,0,0,0,1,0
G78546,4,1,2,0,9,2,3,5,1,1,0,28,3
G78869,20,3,29,7,30,6,18,22,10,4,4,153,45
G80271,0,0,0,0,0,0,0,0,1,0,0,1,1
G78512,0,0,0,0,0,0,0,0,0,0,0,0,0
G80487,0,0,0,0,1,1,0,1,1,1,0,5,3
G78701,0,0,0,0,0,0,0,0,0,0,0,0,0
G78666,0,0,0,0,0,0,0,0,0,0,0,0,0
G78831,0,0,1,0,1,0,0,0,0,0,0,2,1
G69147,0,0,0,0,0,0,0,0,0,0,0,0,0
G78864,21,1,45,6,27,5,15,21,9,9,4,163,47
G78644,0,0,0,0,0,0,0,0,0,1,0,1,1
G80434,0,0,0,0,0,0,0,0,0,0,0,0,0
G80430,0,0,0,0,0,0,0,0,0,0,0,0,0
G78571,10,5,17,8,17,3,4,15,11,2,7,99,17
G78735,16,9,31,8,38,10,11,27,16,3,6,175,43
G78912,0,0,0,0,0,0,0,0,0,0,0,0,2
G80339,1,0,0,0,0,0,0,0,0,0,0,1,0
G80341,198,60,417,129,398,67,124,262,134,70,62,1921,497
G80520,0,0,0,0,0,0,0,0,1,0,0,1,0
G78577,0,0,0,0,0,0,0,0,0,0,0,0,0
G78668,0,0,0,0,1,0,0,0,0,0,0,1,0
G78580,0,0,0,0,1,0,0,0,0,0,0,1,3
G80510,6,1,14,6,16,3,3,13,7,0,4,73,18
G78802,0,0,0,0,1,0,1,1,0,0,0,3,0
G78794,551,91,974,284,804,132,225,230,386,163,125,3965,2055
G80617,16,5,23,10,16,4,8,18,8,2,5,115,7
G78845,0,0,0,0,0,1,0,0,0,0,0,1,2
G80378,0,0,0,0,0,0,0,0,0,0,0,0,0
G80472,0,0,0,0,0,0,0,0,0,0,0,0,0
G80265,31,4,47,8,39,5,17,26,9,10,7,203,68
G69194,4,0,15,7,16,2,6,2,1,0,0,53,11
G80530,0,0,1,0,0,0,1,0,0,0,0,2,3
G80388,157,28,296,118,276,69,111,97,109,45,54,1360,296
G78603,420,81,729,164,541,103,177,399,330,142,114,3200,1084
G80264,41,8,78,15,73,20,25,57,30,15,10,372,68
G80266,0,0,0,0,0,0,0,0,0,0,0,0,0
G80335,15,2,27,9,27,5,5,34,7,6,7,144,50
G80435,22,4,23,10,32,3,14,18,5,2,5,138,23
G78714,0,0,0,0,0,0,0,0,0,0,0,0,0
G69224,0,0,0,0,0,0,0,0,0,0,0,0,0
G80460,0,0,1,0,0,0,0,0,2,0,0,3,0
G78513,0,0,0,0,0,0,0,0,0,0,0,0,0
G80404,0,0,0,0,0,0,0,0,0,0,0,0,0
G80479,0,0,2,1,0,0,0,1,0,0,0,4,8
G69197,0,0,1,0,0,0,0,0,0,0,1,2,1
G78596,0,0,0,0,0,0,0,0,0,0,0,0,0
G69268,0,0,0,0,0,0,0,0,0,0,0,0,1
G90143,296,76,541,149,454,92,128,255,223,72,88,2374,462
G69226,0,0,3,0,0,0,0,0,1,0,0,4,1
G69182,91,15,149,43,175,22,47,94,67,31,21,755,196
G78838,0,0,0,1,3,0,0,0,0,0,0,4,1
G80401,27,5,68,19,60,18,19,53,27,11,14,321,57
G80296,0,0,0,0,0,0,0,0,0,0,0,0,0
G69148,0,0,0,0,0,0,0,0,0,0,0,0,0
G78784,8,1,19,7,22,7,0,7,0,8,3,82,112
G69291,614,149,1160,358,1052,223,309,689,398,187,218,5357,1176
G80533,1457,277,2530,794,2309,486,729,1964,995,420,486,12447,2284
G78827,3,0,1,0,1,0,1,1,0,1,0,8,0
G69208,0,0,0,0,0,0,0,0,0,0,0,0,0
G78855,17,2,34,7,19,6,12,13,17,2,3,132,38
G80527,0,0,0,0,0,0,0,0,0,0,0,0,9
G80468,391,77,637,201,567,158,160,498,279,87,139,3194,996
G80362,113,11,274,64,193,41,62,75,86,31,36,986,201
G80320,0,0,0,0,0,0,0,1,0,0,0,1,0
G80280,0,0,0,0,0,0,0,0,0,0,0,0,0
G78686,0,0,2,0,0,0,0,0,0,0,0,2,0
G80411,51,8,47,19,48,11,14,37,21,8,8,272,78
G80486,72,15,104,43,108,25,54,92,43,14,24,594,106
G78801,31,6,37,12,33,4,13,11,20,5,7,179,118
G78573,0,0,0,0,1,0,0,1,0,0,0,2,0
G78564,0,0,1,0,1,0,0,0,0,0,0,2,0
G78870,4,0,11,2,6,1,1,8,5,0,1,39,9
G80382,0,0,0,0,0,0,0,1,0,0,0,1,0
G78618,0,0,0,1,0,0,0,0,0,0,0,1,2
G80556,408,55,747,213,680,130,223,496,278,109,133,3472,884
G80352,0,0,0,0,0,0,0,0,0,0,0,0,0
G80564,225,60,223,132,362,65,158,128,130,66,67,1616,556
G69153,165,27,266,91,258,54,65,211,118,41,40,1336,217
G78861,0,0,0,0,1,0,0,1,0,0,0,2,0
G78850,0,1,1,0,0,0,0,0,0,0,0,2,0
G80447,0,0,0,0,0,0,0,0,0,0,0,0,1
G78672,0,0,0,0,0,0,0,1,0,0,0,1,0
G78607,0,0,1,0,0,0,0,0,0,0,0,1,2
G78563,0,0,0,0,0,0,0,0,0,1,0,1,1
G78562,461,50,583,169,532,149,197,557,207,91,125,3121,1018
G78908,0,0,1,0,0,0,2,2,0,0,0,5,4
G78863,0,0,0,0,0,0,0,0,0,0,0,0,1
G80623,0,0,1,1,1,0,0,0,0,0,0,3,1
G78600,8,0,6,0,2,2,4,2,1,2,0,27,18
G78634,55,7,94,17,71,25,19,20,31,8,11,358,167
G69162,0,0,0,0,0,0,0,0,0,0,0,0,0
G78770,0,0,0,0,0,0,0,0,0,0,0,0,1
G69184,3,0,17,7,10,2,3,4,6,6,2,60,21
G69202,0,0,0,0,1,0,0,0,0,0,0,1,12
G80601,353,30,479,149,419,98,117,377,238,109,74,2443,624
G78534,1,2,0,0,0,0,0,1,0,0,0,4,1
G80299,247,53,405,125,423,93,191,307,145,68,77,2134,271
G80456,0,0,0,0,1,0,0,0,0,0,0,1,0
G80379,2,1,6,1,6,0,0,2,0,2,0,20,2
G78631,1,0,0,0,3,0,0,1,1,0,0,6,2
G80408,0,0,1,1,0,0,0,1,1,1,1,6,1
G80444,45,10,65,21,71,15,35,59,22,13,18,374,57
G69207,0,0,0,0,0,0,0,0,0,0,0,0,0
G80279,0,0,0,0,1,0,0,0,0,0,0,1,0
G80390,0,0,0,0,2,0,0,0,0,0,0,2,0
G80384,0,0,1,0,0,0,0,0,0,0,0,1,1
G80268,0,0,0,0,0,0,0,0,0,0,0,0,0
G80317,0,0,0,0,0,0,0,1,0,0,0,1,0
G69228,0,0,0,0,2,0,0,0,2,0,0,4,0
G80602,503,75,787,174,798,167,212,462,340,122,126,3766,815
G78811,0,0,0,0,0,0,0,0,0,0,0,0,0
G80386,0,0,0,0,0,0,0,0,0,0,0,0,0
G80344,0,0,0,0,0,0,0,1,0,0,0,1,0
G78572,0,0,0,0,1,0,0,0,0,0,0,1,0
G69180,160,29,312,74,259,46,133,212,85,45,47,1402,338
G80389,177,31,297,99,290,47,125,231,100,50,65,1512,262
G80450,0,0,0,0,0,0,0,0,0,0,0,0,0
G78527,2,0,2217,586,1,306,620,611,737,0,402,5482,2444
G78617,1,0,0,0,1,1,0,1,0,0,0,4,1
G69215,0,0,0,0,0,0,0,0,0,0,0,0,0
G80305,7,0,14,6,8,4,10,2,1,3,4,59,12
G69280,0,0,0,0,0,0,0,0,0,0,0,0,0
G78814,0,0,0,0,0,0,0,0,0,0,0,0,0
G80373,0,0,0,0,0,0,0,1,0,0,0,1,0
G78898,193,29,297,79,266,77,96,199,130,42,47,1455,464
G69160,0,0,0,0,0,0,0,0,0,0,0,0,0
G78721,20,3,32,17,25,1,8,23,14,7,1,151,59
G78693,0,0,0,0,1,0,0,0,0,0,0,1,0
G78588,28,1,44,9,30,9,13,14,13,4,4,169,79
G78907,1,0,3,0,4,0,0,0,1,0,0,9,5
G80541,0,0,0,0,0,0,0,0,0,0,0,0,0
G80612,610,100,1091,274,897,212,469,753,435,162,157,5160,692
G78766,0,0,1,0,1,0,0,0,0,0,0,2,0
G80497,0,0,0,0,0,0,0,0,0,0,0,0,1
G80409,16,6,37,15,50,6,15,30,15,8,8,206,20
G69229,8,0,27,11,28,5,5,17,4,1,2,108,17
G80576,0,0,0,0,1,0,0,0,0,0,0,1,4
G78681,0,0,3,0,0,0,0,0,1,0,0,4,0
G80354,66,9,113,38,94,17,32,65,44,9,21,508,199
G78872,0,0,0,0,0,0,0,0,0,0,0,0,0
G78628,215,45,292,108,313,51,89,202,112,56,61,1544,231
G78535,15,1,18,1,22,0,5,9,9,2,2,84,30
G80337,0,0,0,0,0,0,0,0,0,0,0,0,0
G78820,0,0,0,0,0,0,0,0,0,0,0,0,0
G78748,0,0,0,0,1,0,0,0,0,0,0,1,0
G78522,0,0,0,0,0,0,0,0,1,0,0,1,3
G80509,0,1,0,0,0,0,0,0,1,0,0,2,1
G78660,71,5,85,32,93,9,50,69,29,20,18,481,172
G78768,1,0,0,1,0,0,0,0,0,0,0,2,1
G80432,56,4,76,23,81,19,35,41,33,9,10,387,75
G80440,52,12,98,36,98,20,35,65,27,17,22,482,95
G80315,135,22,231,67,287,51,114,170,91,28,47,1243,268
G80323,194,41,328,108,323,68,133,182,106,46,68,1597,250
G69181,0,0,0,0,0,0,0,0,0,0,0,0,1
G80298,1,0,0,0,0,0,0,0,0,0,0,1,1
G78734,0,0,0,0,0,0,0,0,0,0,0,0,1
G69238,0,0,0,0,3,0,0,1,2,0,0,6,3
G78759,29,1,84,20,57,13,26,42,36,13,17,338,48
G69170,0,0,0,0,0,0,0,0,0,0,0,0,0
G80368,5,2,23,8,27,6,7,16,15,4,1,114,34
G80492,1795,379,3214,976,3070,554,857,2321,1217,463,607,15453,3013
G80524,0,0,1,0,0,0,1,1,1,0,0,4,0
G80619,1,0,1,0,1,0,1,2,1,0,0,7,1
G78873,0,0,0,0,1,0,0,0,0,0,0,1,1
G80561,1,2,1,0,4,0,0,2,0,0,1,11,89
G78900,0,0,0,1,0,0,0,0,0,0,0,1,1
G69204,107,19,173,45,132,39,33,76,83,28,27,762,273
G78648,97,11,148,35,104,22,19,30,57,31,15,569,427
G69235,0,0,0,0,0,0,0,0,0,0,0,0,0
G78531,0,0,1,3,0,1,2,1,0,0,0,8,0
G78817,0,0,0,0,0,0,0,0,0,0,0,0,0
G80610,2,0,0,1,3,0,2,0,0,0,0,8,3
G80507,1453,231,2708,789,2618,416,1055,1613,968,375,453,12679,2053
G78704,0,0,0,0,0,0,0,0,0,0,1,1,0
G78509,0,0,0,0,0,0,0,0,0,0,0,0,1
