Tag,ti|18|gi|199,ti|18|gi|98,ti|18|gi|128,ti|18|gi|180,ti|18|gi|18,ti|18|gi|200,ti|18|gi|154,ti|18|gi|171,ti|18|gi|14,ti|18|gi|56,ti|18|gi|130,ti|18|gi|97,ti|18|gi|198,ti|18|gi|33,ti|18|gi|67,ti|18|gi|118,ti|18|gi|69,ti|18|gi|106,ti|18|gi|28,ti|18|gi|1,ti|18|gi|182,ti|18|gi|195,ti|18|gi|11,ti|18|gi|85,ti|18|gi|55,ti|18|gi|53,ti|18|gi|3,ti|18|gi|44,ti|18|gi|29,ti|18|gi|176,ti|18|gi|157,ti|18|gi|77,ti|18|gi|26,ti|18|gi|135,ti|18|gi|145,ti|18|gi|187,ti|18|gi|164,ti|18|gi|22,ti|18|gi|94,ti|18|gi|30,ti|18|gi|43,ti|18|gi|179,ti|18|gi|68,ti|18|gi|38,ti|18|gi|155,ti|18|gi|25,ti|18|gi|36,ti|18|gi|70,total,skipped
DRR171564,0,0,0,0,0,0,0,0,0,0,0,0,0,0,0,0,0,0,0,0,0,0,0,0,0,0,0,0,0,0,0,0,0,0,0,0,0,0,0,0,0,0,0,0,0,0,0,0,0,0
DRR127616,0,0,0,0,0,0,0,0,0,0,0,0,0,0,0,0,0,0,0,0,0,0,0,0,0,0,0,0,0,0,0,0,0,0,0,0,0,0,0,0,0,0,0,0,0,0,0,0,0,0
DRR171508,1,0,0,0,0,0,1,0,0,0,0,0,0,0,0,1,0,1,2,0,0,0,0,0,0,0,0,0,0,0,0,0,1,1,0,0,0,0,0,0,1,0,0,0,0,0,0,0,9,2
DRR171515,0,0,0,0,0,0,0,0,0,0,0,0,0,0,0,0,0,0,0,0,0,0,0,0,0,0,0,0,0,0,0,0,0,0,0,0,0,0,0,0,0,0,0,0,0,0,0,0,0,0
DRR171749,0,0,0,0,0,0,0,0,0,0,0,0,0,0,0,0,0,0,0,0,0,0,0,0,0,0,0,0,0,0,0,0,0,0,0,0,0,0,0,0,0,0,0,0,0,0,0,0,0,0
DRR171808,0,0,0,0,0,0,0,0,0,0,0,0,0,0,0,0,0,0,0,0,0,0,0,0,0,0,0,0,0,0,0,0,0,0,0,0,0,0,0,0,0,0,0,0,0,0,0,0,0,0
DRR171738,1,0,0,0,0,0,0,0,0,0,0,0,0,0,0,0,0,1,0,0,0,0,0,0,0,0,0,0,0,0,0,0,0,0,0,0,0,0,0,0,0,0,0,0,0,0,0,0,2,0
DRR171810,389,167,49,130,35,193,244,25,255,193,12,133,477,49,83,447,72,352,307,159,170,97,56,99,57,122,171,119,92,66,67,94,129,264,131,133,121,92,173,139,94,112,89,335,219,213,165,635,8025,375
DRR171981,0,0,0,0,0,0,0,0,0,1,0,0,0,0,0,0,0,0,0,0,0,0,0,0,0,0,0,0,0,0,0,0,0,0,0,0,0,0,0,0,0,0,0,0,0,0,0,0,1,0
DRR171882,0,0,0,0,0,0,0,0,0,0,0,0,0,0,0,0,0,0,0,0,0,0,0,0,0,0,0,0,0,0,0,0,0,0,0,0,0,0,0,0,0,0,0,0,0,0,0,0,0,0
DRR171786,0,0,0,0,0,0,0,0,0,0,0,0,0,0,0,0,0,0,0,0,0,0,0,0,0,0,0,0,0,0,0,0,0,0,0,0,0,0,0,0,0,0,0,0,0,0,0,0,0,1
DRR171616,0,0,0,0,0,0,0,0,0,0,0,0,0,0,0,0,0,0,0,0,0,0,0,0,0,0,0,0,0,0,0,0,0,0,0,0,0,0,0,0,0,0,0,0,0,0,0,0,0,0
DRR171873,0,6,0,2,0,2,2,0,0,1,0,0,8,0,0,1,0,1,0,0,0,1,0,1,0,0,0,0,0,1,2,0,0,0,1,0,0,0,0,10,0,0,0,0,1,0,1,3,44,106
DRR171726,0,0,0,0,0,0,0,0,0,0,0,0,0,0,0,0,0,0,0,0,0,0,0,0,0,0,0,0,0,0,0,2,0,0,0,0,0,0,0,0,0,0,0,0,0,0,0,0,2,0
DRR171879,9,14,1,1,5,11,10,0,16,21,0,8,23,3,8,34,4,12,13,9,13,6,1,8,4,5,9,10,10,8,6,5,9,12,7,12,3,10,16,4,1,9,4,22,5,11,8,22,442,35
DRR171609,1,0,0,2,0,1,2,1,3,6,0,4,4,0,0,7,2,2,3,3,1,0,1,1,1,6,1,1,1,0,2,1,2,4,4,3,1,2,2,1,1,3,0,3,1,4,2,6,96,7
DRR171693,121,101,13,58,16,69,99,8,106,123,15,67,209,18,28,234,46,156,111,105,83,34,34,86,28,61,96,60,63,42,31,48,65,108,55,59,38,30,95,67,38,71,35,167,77,85,71,245,3675,160
DRR171936,0,0,0,0,0,0,0,0,0,0,0,0,0,0,0,0,0,0,0,0,0,0,0,0,0,0,0,0,0,0,0,0,0,0,0,0,0,0,0,0,0,0,0,0,0,0,0,0,0,0
DRR171834,0,0,0,0,0,0,0,0,0,0,0,0,0,0,0,0,0,0,0,0,0,0,0,0,0,0,0,0,0,0,0,0,0,0,0,0,0,0,0,0,0,0,0,0,0,0,0,0,0,0
DRR127685,0,0,0,0,0,0,0,0,0,0,0,0,0,0,0,0,0,0,0,0,0,0,0,0,0,0,0,0,0,0,0,0,0,0,0,0,0,0,0,0,0,0,0,0,0,0,0,0,0,0
DRR172001,901,830,105,628,119,651,631,101,797,1115,122,622,1259,143,219,1683,321,1206,895,842,576,305,291,545,284,325,912,378,439,332,284,425,379,1043,489,524,290,231,577,539,341,687,168,1190,402,666,439,1373,27624,2287
DRR162776,84,61,10,36,9,65,84,8,60,105,9,29,193,20,13,153,23,129,106,63,61,20,11,38,21,40,65,44,48,12,33,14,42,86,34,62,21,42,86,29,45,65,30,131,107,68,59,195,2769,119
DRR171500,1,0,0,1,0,2,4,0,0,1,2,2,4,1,1,7,2,2,3,0,2,2,2,0,4,3,2,2,2,1,5,1,5,3,1,2,2,0,6,1,1,2,3,4,0,1,1,8,99,7
DRR171601,0,220,0,0,0,65,204,0,3,0,1,0,608,0,0,42,0,0,0,0,65,178,2,0,0,0,0,0,0,96,39,0,0,0,87,0,0,0,0,168,0,0,0,0,37,52,192,0,2059,5325
DRR171591,0,0,0,0,0,0,0,0,0,0,0,0,0,0,0,0,0,0,0,0,0,0,0,0,0,0,0,0,0,0,0,0,0,0,0,0,0,0,0,0,0,0,0,0,0,0,0,0,0,0
DRR127720,0,0,0,0,0,0,0,0,0,0,0,0,0,0,0,0,0,0,0,0,0,0,0,0,0,0,0,0,0,0,0,0,0,0,0,0,0,0,0,0,0,0,0,0,0,0,0,0,0,0
DRR171986,0,0,0,0,0,0,0,0,0,0,0,0,0,0,0,0,0,0,0,0,0,0,0,0,0,0,0,0,0,0,0,0,0,0,0,0,0,0,0,0,0,0,0,0,0,0,0,0,0,0
DRR127674,0,19,0,0,0,5,25,0,0,0,0,0,51,0,0,6,0,1,0,0,0,16,0,0,0,0,0,0,0,3,0,0,0,0,7,0,0,0,0,10,0,0,0,0,4,6,16,0,169,560
DRR171933,5,2,0,6,1,6,1,0,3,1,0,3,0,0,0,6,0,1,5,1,3,1,1,1,0,0,2,3,1,1,0,0,1,1,2,0,1,1,3,3,3,1,0,2,0,1,0,9,82,7
DRR127647,121,67,10,40,2,69,40,10,48,121,11,56,124,15,27,120,21,113,88,90,51,11,20,49,18,27,87,26,38,12,28,28,67,101,31,31,34,19,36,47,20,68,11,82,43,45,39,126,2388,89
DRR171939,11,4,0,8,0,12,10,1,6,14,3,8,21,0,0,13,4,19,8,12,7,8,5,10,9,4,6,5,5,3,4,6,5,12,2,11,3,4,14,3,5,7,2,20,7,8,8,22,359,28
DRR171836,0,0,0,0,0,0,0,0,0,0,0,0,0,0,0,0,0,0,0,0,0,0,0,0,0,0,0,0,0,0,0,0,0,0,0,0,0,0,0,0,0,0,0,0,0,0,0,0,0,0
DRR171660,0,0,0,0,0,0,0,0,0,0,0,0,0,0,0,0,0,0,0,0,0,0,0,0,0,0,0,0,0,0,0,0,0,0,0,0,0,0,0,0,0,0,0,0,0,0,0,0,0,0
DRR171722,0,0,0,0,0,0,0,0,0,0,0,0,0,0,0,0,0,0,0,0,0,0,0,0,0,0,0,0,0,0,0,0,0,0,0,0,0,0,0,0,0,0,0,0,0,0,0,0,0,0
DRR171663,0,0,0,0,0,0,0,0,21,0,0,0,0,0,0,0,0,4,0,0,0,0,22,0,0,0,0,0,0,0,0,0,0,15,0,1,0,0,0,0,0,0,0,0,0,1,0,0,64,0
DRR127718,0,0,0,0,0,0,0,0,0,0,0,0,0,0,0,0,0,0,0,0,0,0,0,0,0,0,0,0,0,0,0,0,0,0,0,0,0,0,0,0,0,0,0,0,0,0,0,0,0,0
DRR171584,3,2,0,1,2,2,0,0,0,3,0,2,6,0,1,3,1,6,3,4,3,0,1,1,1,2,2,1,0,2,0,0,1,1,3,5,2,2,1,0,2,3,0,7,3,0,1,3,86,7
DRR127524,7,0,0,0,0,1,0,0,1,0,0,1,0,0,0,0,0,2,0,1,0,0,0,0,0,0,0,3,0,0,0,1,0,1,1,1,0,0,0,1,0,2,0,2,0,0,2,0,27,1
DRR171556,1,0,0,1,0,1,0,0,1,2,1,0,0,0,0,3,1,2,1,3,1,1,0,0,0,1,1,0,0,0,0,0,3,1,0,2,2,0,1,2,1,2,1,0,1,1,1,4,43,2
DRR171519,81,59,8,38,4,51,40,10,59,89,3,36,117,15,24,126,20,75,60,41,33,20,21,45,18,29,30,26,32,21,20,27,39,87,31,38,16,17,78,48,39,38,22,91,31,47,31,109,2040,102
DRR171518,67,70,10,40,8,57,47,5,41,116,4,45,87,12,25,123,29,109,83,82,51,15,30,38,19,34,78,21,34,32,15,38,32,84,29,30,26,12,35,36,22,66,7,113,35,42,38,99,2171,137
DRR171890,0,0,0,0,0,0,0,0,0,1,0,0,0,0,0,0,0,0,0,0,0,0,0,0,0,0,0,0,0,0,0,0,0,0,0,0,0,0,0,0,0,0,0,0,0,0,0,0,1,1
DRR171917,0,0,0,1,0,0,1,0,0,1,0,1,3,0,1,1,0,0,3,1,0,0,1,1,0,0,0,0,0,0,0,0,0,1,0,0,0,0,4,0,0,1,0,1,0,1,0,3,26,6
DRR171860,0,0,0,0,0,0,0,0,0,0,0,0,0,0,0,0,0,0,0,0,0,0,0,0,0,0,0,0,0,0,0,0,0,0,0,0,0,0,0,0,0,0,0,0,0,0,0,0,0,0
DRR171798,3314,2170,352,1543,225,2066,2174,187,2057,3149,245,1773,4777,412,754,5149,987,3634,2981,2139,1881,871,774,1515,733,1381,1030,1121,1323,954,665,1218,1547,3130,1288,1546,926,855,2238,976,1047,1753,762,3781,1597,2191,1434,5258,83883,4481
DRR171570,72,59,13,37,4,55,49,6,56,91,4,39,140,14,11,142,28,77,86,66,60,24,16,35,21,37,32,22,43,22,7,29,39,65,32,51,23,21,54,36,22,49,14,109,30,59,45,107,2153,123
DRR171927,0,0,0,0,0,0,0,0,0,0,0,0,0,0,0,0,0,0,0,0,0,0,0,0,0,0,0,0,0,0,0,0,0,0,0,0,0,0,0,0,0,0,0,0,0,0,0,0,0,1
DRR171827,10,5,0,3,7,10,9,2,14,21,2,3,26,3,1,33,4,7,15,5,5,3,2,4,4,1,14,3,3,3,8,2,6,14,4,4,8,3,14,5,1,4,1,14,14,9,8,28,369,22
DRR171680,0,0,0,0,0,0,0,0,0,0,0,0,0,0,0,0,0,0,0,0,0,0,0,0,0,0,0,0,0,0,0,0,0,0,0,0,0,0,0,0,0,0,0,0,0,0,0,0,0,0
DRR171673,0,0,0,0,0,0,0,0,0,0,0,0,0,0,0,0,0,0,0,0,0,0,0,0,0,0,0,0,0,0,0,0,0,0,0,0,0,0,0,0,0,0,0,0,0,0,0,0,0,0
DRR171789,0,0,0,0,0,0,0,0,0,0,0,0,0,0,0,0,0,0,0,0,0,0,0,0,0,0,0,0,0,0,0,0,0,0,0,0,0,0,0,0,0,0,0,0,0,0,0,0,0,0
DRR171568,0,0,0,0,0,0,0,0,0,0,0,0,0,0,0,0,0,0,0,0,0,0,0,0,0,0,0,0,0,0,0,0,0,0,0,0,0,0,0,0,0,0,0,0,0,0,0,0,0,0
DRR127634,0,0,0,0,0,0,0,0,0,0,0,0,0,0,0,0,0,0,0,0,0,0,0,0,0,0,0,0,0,0,0,0,0,0,0,0,0,0,0,0,0,0,0,0,0,0,0,0,0,0
DRR127700,0,6,0,0,0,2,2,0,0,0,0,0,19,0,0,0,0,0,0,0,3,9,0,0,0,0,0,0,0,2,4,0,0,0,3,0,0,0,0,9,0,0,0,0,1,4,8,0,72,206
DRR171492,132,91,10,52,15,103,97,8,65,133,5,72,215,14,27,172,37,134,99,79,76,29,28,62,26,59,62,28,43,28,32,48,55,130,46,76,30,49,126,53,48,68,43,141,66,87,74,187,3360,160
DRR171689,1,0,0,0,0,0,0,0,0,2,1,1,0,0,0,0,0,0,0,0,0,0,0,0,0,0,0,0,0,0,0,0,0,0,1,0,1,0,0,0,0,2,0,0,0,1,0,1,11,2
DRR171878,1,1,0,3,0,0,1,0,0,1,0,0,2,0,0,0,0,1,0,0,0,2,0,0,0,0,0,0,2,0,0,2,0,1,0,0,1,0,1,1,0,0,0,0,0,0,2,2,24,31
DRR171884,0,0,0,0,0,0,0,0,0,0,0,0,0,0,0,0,0,0,0,0,0,0,0,0,0,0,0,0,0,0,0,0,0,0,0,0,0,0,0,0,0,0,0,0,0,0,0,0,0,0
DRR171937,25,15,3,21,1,22,13,5,26,22,7,25,64,6,6,51,12,38,28,22,17,11,13,14,3,10,16,13,13,19,12,10,6,19,8,26,5,18,22,21,13,23,11,25,16,14,17,29,836,51
DRR171495,0,0,0,0,0,0,0,0,0,0,0,0,0,0,0,0,0,0,0,0,0,0,0,0,0,0,0,0,0,0,0,0,0,0,0,0,0,0,0,0,0,0,0,0,0,0,0,0,0,0
DRR171617,0,0,0,0,0,0,0,0,0,0,0,0,0,0,0,0,0,0,0,0,0,0,0,0,0,0,0,0,0,0,0,0,0,0,0,0,0,0,0,0,0,0,0,0,0,0,0,0,0,0
DRR127583,7,5,0,1,0,6,5,4,7,8,0,4,11,0,1,14,4,8,6,5,4,5,3,5,3,1,3,1,2,0,2,4,5,9,1,1,2,5,3,6,3,6,5,6,2,5,4,10,202,15
DRR171656,0,0,0,0,0,0,0,0,0,0,0,0,0,0,0,0,0,0,0,0,0,0,0,0,0,0,0,0,0,0,0,0,0,0,0,0,0,0,0,0,0,0,0,0,0,0,0,0,0,0
DRR172015,0,0,0,1,0,0,0,0,0,0,0,0,0,0,0,0,0,0,0,0,0,0,0,0,0,0,0,0,0,0,0,0,0,0,0,0,0,0,0,0,0,0,0,0,1,0,0,0,2,0
DRR171664,0,0,0,0,0,0,0,0,0,0,0,0,0,0,0,0,0,0,0,0,0,0,0,0,0,0,0,0,0,0,0,0,0,0,0,0,0,0,0,0,0,0,0,0,0,0,0,0,0,0
DRR171700,2,2,2,3,1,2,0,0,0,3,0,5,10,0,0,5,2,6,4,2,4,0,1,1,3,3,1,1,0,0,0,1,1,2,1,2,0,3,1,1,0,2,5,8,0,2,2,13,107,5
DRR171644,0,0,0,0,0,0,0,0,0,0,0,0,0,0,0,0,0,0,0,0,0,0,0,0,0,0,0,0,0,0,0,0,0,0,0,0,0,0,0,0,0,0,0,0,0,0,0,0,0,0
DRR171811,0,0,0,0,0,0,0,0,0,0,0,0,0,0,0,0,0,0,0,0,0,0,0,0,0,0,0,0,0,0,0,0,0,0,0,0,0,0,0,0,0,0,0,0,0,0,0,0,0,0
DRR171979,0,1,0,0,0,0,0,0,0,1,0,0,0,0,0,1,0,0,0,0,0,0,0,0,0,0,0,0,0,0,0,0,0,0,0,0,0,0,0,0,0,0,0,0,0,0,0,0,3,0
DRR171761,0,0,0,1,0,0,0,0,0,0,0,0,0,0,0,0,0,0,0,0,0,0,0,0,0,0,0,0,1,0,0,0,0,0,0,0,0,0,0,0,0,0,0,0,0,0,1,0,3,0
DRR171482,0,0,0,0,0,0,0,0,0,0,0,0,0,0,0,0,0,0,0,0,0,0,0,0,0,0,0,0,0,0,0,0,0,0,0,0,0,0,0,0,0,0,0,0,0,0,0,0,0,0
DRR127755,0,5,0,0,0,5,7,0,0,0,0,0,16,0,0,0,0,0,0,0,0,5,0,0,0,0,0,0,0,0,0,0,0,0,0,6,1,8,0,5,0,0,1,0,0,1,4,0,64,138
DRR171468,22,40,6,22,10,31,35,3,38,60,4,19,84,6,22,77,12,54,43,39,10,14,16,13,19,10,58,13,22,22,12,7,16,28,13,21,7,12,41,19,27,34,13,60,46,12,24,73,1289,98
DRR171481,711,496,68,319,109,406,506,46,456,700,99,489,1484,94,141,1077,235,748,850,455,409,166,191,342,145,269,695,217,390,217,130,236,312,647,283,494,195,308,677,364,246,377,229,1001,356,456,355,1044,20240,881
DRR171976,0,0,0,0,0,0,0,0,0,0,0,0,0,0,0,0,0,0,0,0,0,0,0,0,0,0,0,0,0,0,0,0,0,0,0,0,0,0,0,0,0,0,0,0,0,0,0,0,0,0
DRR171485,5,2,1,0,1,2,3,0,4,5,0,5,7,2,2,8,1,4,8,3,1,5,0,6,1,1,3,0,2,2,0,1,7,9,3,4,1,1,0,1,2,4,0,7,5,2,3,10,144,11
DRR171765,0,0,0,0,0,0,0,0,0,0,0,0,0,0,0,0,0,0,0,0,0,0,0,0,0,0,0,0,0,0,0,0,0,0,0,0,0,0,0,0,0,0,0,0,0,0,0,0,0,0
DRR171488,1,0,0,0,0,0,0,0,0,0,0,0,1,0,0,0,0,0,0,0,0,0,0,0,0,0,0,0,0,0,0,0,0,0,0,0,0,0,0,0,0,0,0,0,0,0,0,0,2,0
DRR171645,0,0,0,0,0,0,0,0,0,0,0,0,0,0,0,0,0,0,0,0,0,0,0,0,0,0,0,0,0,0,0,0,0,0,0,0,0,0,0,0,0,0,0,0,0,0,0,0,0,0
DRR171928,1,5,0,0,2,3,1,0,0,8,1,0,6,1,0,2,0,5,1,0,0,0,3,0,0,2,5,0,4,1,0,0,0,3,0,3,0,0,3,0,0,5,1,5,1,0,2,1,75,2
DRR171980,46,51,8,37,14,47,38,8,35,49,0,28,90,6,11,88,19,53,54,37,39,27,8,21,8,24,22,18,24,17,17,18,16,52,17,29,11,15,44,20,19,23,7,60,41,32,37,129,1514,146
DRR171536,0,0,0,0,0,0,0,0,0,0,0,0,0,0,0,0,0,0,0,0,0,0,0,0,0,0,0,0,0,0,0,0,0,0,0,0,0,0,0,0,0,0,0,0,0,0,0,0,0,0
DRR171637,0,0,0,0,0,0,0,0,0,0,0,0,0,0,0,0,0,0,0,0,0,0,0,0,0,0,0,0,0,0,0,0,0,0,0,0,0,0,0,0,0,0,0,0,0,0,0,0,0,0
DRR171897,0,0,0,0,0,0,0,0,0,1,0,0,1,0,0,0,0,0,0,0,0,0,0,0,0,1,0,0,0,0,0,0,0,0,0,0,0,0,0,0,0,0,0,1,0,2,0,0,6,0
DRR171785,0,0,0,0,0,0,0,0,0,0,0,0,0,0,0,0,0,0,0,0,0,0,0,0,0,0,0,0,0,0,0,0,0,0,0,0,0,0,0,0,0,0,0,0,0,0,0,0,0,1
DRR171737,202,144,25,99,16,135,110,22,140,207,30,92,298,40,50,314,60,222,142,139,112,53,55,86,35,70,154,74,77,71,52,92,74,190,81,94,50,62,133,63,61,167,54,184,110,109,93,282,5225,471
DRR171629,0,0,0,0,0,0,0,0,0,0,0,0,0,0,0,0,0,0,0,0,0,0,0,0,0,0,0,0,0,0,0,0,0,0,0,0,0,0,0,0,0,0,0,0,0,0,0,0,0,1
DRR171828,0,0,0,0,0,0,0,0,0,0,0,0,0,0,0,0,0,0,0,0,0,0,0,0,0,0,0,0,0,0,0,0,0,0,0,0,0,0,0,0,0,0,0,0,0,0,0,0,0,0
DRR127579,0,0,0,0,0,0,0,0,0,0,0,0,0,0,0,0,0,0,0,0,0,0,0,0,0,0,0,0,0,0,0,0,0,0,0,0,0,0,0,0,0,0,0,0,0,0,0,0,0,0
DRR171669,0,0,0,0,0,0,0,0,0,0,0,0,0,0,0,0,0,0,0,0,0,0,0,0,0,0,0,0,0,0,0,0,0,0,0,0,0,0,0,0,0,0,0,1,0,0,0,0,1,0
DRR171941,0,0,0,0,0,0,0,0,0,0,0,0,0,0,0,0,0,0,0,0,0,0,0,0,0,0,0,0,0,0,0,0,0,0,0,0,0,0,0,0,0,0,0,0,0,0,0,0,0,0
DRR171652,9,6,1,5,0,7,4,0,2,9,0,6,18,2,0,8,3,12,9,2,3,2,4,8,3,4,6,3,2,2,1,5,3,7,8,8,1,4,6,2,2,2,4,9,4,3,5,14,228,19
DRR127638,11,7,1,7,0,4,18,0,4,10,0,2,21,2,2,16,4,15,8,5,6,5,1,3,1,4,6,4,7,2,2,4,8,19,6,8,2,4,16,10,7,5,0,10,9,10,8,20,324,10
DRR171577,44,31,3,20,0,0,26,5,20,42,4,27,63,7,5,70,18,50,40,27,26,13,10,18,13,10,15,18,17,17,13,24,21,35,13,7,14,7,25,20,13,18,8,51,13,27,11,61,1040,52
DRR171957,0,0,0,0,0,0,0,0,0,0,0,0,0,0,0,0,0,0,0,0,0,0,0,0,0,0,0,0,0,0,0,0,0,0,0,0,0,0,0,0,0,0,0,0,0,0,0,0,0,0
DRR171683,16,12,3,5,5,10,7,1,14,18,1,9,29,2,1,15,4,21,15,10,14,3,7,9,1,5,10,8,4,8,2,5,8,9,6,9,3,6,11,10,2,7,4,20,8,8,8,32,425,19
DRR171816,0,0,0,0,0,39,0,0,1,0,0,0,391,1,0,30,0,0,0,0,0,0,2,0,0,0,0,0,0,35,24,0,0,0,42,0,0,0,0,148,0,0,0,0,33,23,0,0,769,3116
DRR171682,39,18,4,20,0,20,15,2,20,29,2,14,46,1,7,61,9,32,18,29,20,6,10,26,2,13,22,12,9,4,7,13,17,25,6,20,13,10,12,14,5,20,8,32,14,16,7,38,787,29
DRR171503,84,44,9,30,19,59,60,6,43,50,8,46,149,17,15,102,32,79,58,52,37,29,17,30,11,27,63,22,25,19,25,23,15,59,27,25,20,13,65,38,32,37,26,119,37,51,31,104,1989,168
DRR171623,0,0,0,0,0,0,0,0,0,0,0,0,0,0,0,0,0,0,0,0,0,0,0,0,0,0,0,0,0,0,0,0,0,0,0,0,0,0,0,0,0,0,0,0,0,0,0,0,0,0
DRR171719,0,0,0,0,0,0,0,0,0,0,0,0,0,0,0,0,0,0,0,0,0,0,0,0,0,0,0,0,0,0,0,0,0,0,0,0,0,0,0,0,0,0,0,0,0,0,0,0,0,1
DRR171491,2,0,0,0,0,0,0,0,0,1,0,0,0,0,0,0,0,0,0,1,1,0,0,0,1,0,0,2,1,0,0,0,1,0,0,0,0,0,3,0,0,0,0,0,0,0,0,0,13,0
DRR171507,0,0,0,0,0,0,0,0,0,0,0,0,0,0,0,0,0,0,0,0,0,0,0,0,0,0,0,0,0,0,0,0,0,0,0,0,0,0,0,0,0,0,0,0,0,0,0,0,0,0
DRR171881,9,12,2,4,1,2,10,0,8,15,2,3,14,1,1,15,0,8,7,8,4,2,2,4,1,4,9,5,2,3,1,3,5,16,2,7,6,4,5,5,6,5,2,10,6,7,2,26,276,17
DRR171633,9,1,0,0,0,5,3,2,9,6,0,9,24,0,2,22,8,10,5,13,0,3,8,5,4,3,7,5,3,0,3,4,4,9,4,6,0,4,9,7,5,2,3,9,10,8,9,19,281,20
DRR172010,0,0,0,0,0,0,1,0,0,0,0,0,0,0,0,0,0,1,0,0,0,0,0,0,0,0,0,0,0,0,0,0,0,1,0,0,0,0,0,0,0,0,0,0,0,0,0,0,3,0
DRR171745,0,0,0,0,0,0,0,0,0,0,0,0,0,0,0,0,0,0,0,0,0,0,0,0,0,0,0,0,0,0,0,0,0,0,0,0,0,0,0,0,0,0,0,0,0,0,0,0,0,2
DRR171925,60,57,6,37,5,52,42,4,39,62,15,49,100,20,15,114,36,87,53,40,38,26,17,21,12,29,41,27,20,22,22,17,27,61,21,39,8,25,49,15,27,52,19,56,49,40,36,113,1822,224
DRR171666,0,0,0,0,0,1,0,0,0,0,0,0,0,0,0,0,0,0,0,0,0,0,0,2,0,0,0,0,1,0,0,0,0,1,0,0,0,0,0,0,0,1,0,0,0,0,1,1,8,0
DRR171973,112,96,16,58,14,53,73,9,62,96,10,54,136,19,21,165,49,102,96,53,59,37,21,35,25,37,33,35,40,35,29,55,44,86,50,35,35,41,80,40,36,77,24,103,75,61,38,168,2728,306
DRR171597,0,0,0,0,0,0,0,0,0,0,0,0,0,0,0,0,0,0,0,0,0,0,0,0,0,0,0,0,0,0,0,0,0,0,0,0,0,0,0,0,0,0,0,0,0,0,0,0,0,0
DRR162777,55,34,4,28,5,30,34,1,26,51,5,25,76,4,10,83,16,42,53,31,33,15,13,29,6,16,17,16,14,14,16,21,28,46,24,39,22,19,40,22,19,30,15,67,24,25,30,97,1370,68
DRR171523,125,103,12,70,15,85,75,7,82,170,15,101,223,20,29,188,49,161,149,121,90,32,44,49,24,42,64,34,82,46,47,63,46,115,72,67,31,24,90,65,52,94,17,169,73,91,41,194,3658,281
DRR171758,4,0,1,5,0,1,1,0,0,3,0,0,5,0,0,3,0,0,2,0,0,0,0,0,0,0,0,0,2,1,0,0,0,0,0,3,0,1,0,2,0,1,0,1,6,1,0,2,45,3
DRR171783,11,35,4,10,2,12,13,2,8,17,2,4,53,2,3,26,6,19,20,7,5,8,3,7,1,4,30,11,9,7,6,8,10,12,11,11,1,7,12,6,9,18,3,16,6,13,12,33,535,79
DRR127728,83,58,8,46,24,70,60,5,56,96,18,53,207,21,20,153,45,98,67,83,50,35,27,58,19,43,58,47,46,34,39,42,29,106,36,58,20,48,95,38,43,72,31,126,62,77,66,110,2786,421
DRR171593,0,0,0,0,0,0,0,0,0,0,0,0,0,0,0,0,0,0,0,0,0,0,0,0,0,0,0,0,0,0,0,0,0,0,0,0,0,0,0,0,0,0,0,0,0,0,0,0,0,0
DRR171531,0,0,0,0,0,0,0,0,0,0,0,0,0,0,0,0,0,0,0,0,0,0,0,0,0,0,0,0,0,0,0,0,0,0,0,0,0,0,0,0,0,0,0,0,0,0,0,0,0,0
DRR127672,109,64,6,57,4,59,58,4,57,90,5,54,141,11,19,136,33,95,94,66,66,20,22,32,26,26,62,37,36,30,20,27,57,91,25,49,34,25,68,44,31,48,27,115,63,72,38,141,2494,111
DRR171802,9,8,0,7,1,5,2,0,6,14,0,9,24,1,1,27,8,13,16,7,4,0,3,6,0,4,7,3,7,3,5,3,2,13,2,7,1,2,15,9,10,2,3,13,5,4,6,21,318,8
DRR127628,77,52,0,37,5,69,61,6,44,89,7,47,140,13,21,104,26,81,85,49,35,28,16,32,20,33,53,23,29,24,15,25,33,77,23,48,33,23,52,57,24,48,14,83,50,40,31,120,2102,102
DRR172004,0,0,0,0,0,0,0,0,0,0,0,0,0,0,0,0,0,0,0,0,0,0,0,0,0,0,0,0,0,0,0,0,0,0,0,0,0,0,0,0,0,0,0,0,0,0,0,0,0,0
DRR171964,0,0,0,0,0,0,0,0,0,0,0,0,0,0,0,0,0,0,0,0,0,0,0,0,0,0,0,0,0,0,0,0,0,0,0,0,0,0,0,0,0,0,0,0,0,0,0,0,0,0
DRR171822,0,0,0,0,0,0,0,0,0,0,0,0,0,0,0,0,0,0,0,0,0,0,0,0,0,0,0,0,0,0,0,0,0,0,0,0,0,0,0,0,0,0,0,0,0,0,0,0,0,0
DRR127774,0,0,0,0,0,0,0,0,0,0,0,0,0,0,0,0,0,0,0,0,0,0,0,0,0,0,0,0,0,0,0,0,0,0,0,0,0,0,0,0,0,0,0,0,0,0,0,0,0,0
DRR171921,11,6,0,2,0,1,1,0,8,4,0,1,3,0,4,10,3,6,3,4,3,2,3,1,0,0,6,6,2,0,1,1,1,2,2,0,1,1,6,3,0,1,1,9,2,5,0,9,135,12
DRR171857,6,1,0,2,0,2,2,0,5,7,0,4,6,3,3,5,4,4,6,6,3,0,3,3,0,2,5,1,5,0,2,1,2,10,2,4,0,3,6,1,3,4,0,9,0,7,1,12,155,11
DRR171740,23,10,0,13,0,12,9,2,0,12,4,13,30,7,5,18,7,20,16,9,5,2,1,5,1,3,7,1,8,1,6,3,12,13,19,8,1,5,14,9,8,14,10,10,9,11,10,30,436,49
DRR171830,0,0,0,0,0,0,0,0,0,0,0,0,0,0,0,0,0,0,0,0,0,0,0,0,0,0,0,0,0,0,0,0,0,0,0,0,0,0,0,0,0,0,0,0,0,0,0,0,0,0
DRR171974,14,5,4,11,0,6,4,0,8,12,2,4,30,4,0,7,2,17,10,8,2,0,6,4,8,1,9,2,6,4,0,6,4,10,2,3,6,4,10,2,7,8,5,12,10,6,5,23,313,33
DRR171474,172,126,27,72,19,120,137,10,163,166,9,76,344,27,34,326,64,193,185,110,122,72,52,66,34,65,163,60,81,63,53,73,79,184,78,124,57,84,158,94,72,102,49,220,108,139,113,359,5304,213
DRR171471,0,0,0,0,0,0,0,0,0,0,0,0,0,0,0,0,0,0,0,0,0,0,0,0,0,0,0,0,0,0,0,0,0,0,0,0,0,0,0,0,0,0,0,0,0,0,0,0,0,0
DRR171748,17,5,0,4,0,12,11,1,5,4,2,6,13,1,0,11,3,11,22,2,3,8,2,8,5,5,3,4,7,4,3,2,12,5,8,3,6,4,12,6,3,3,2,13,7,12,2,14,296,14
DRR171990,0,0,0,0,0,0,0,0,0,0,0,0,0,0,0,0,0,0,1,0,0,0,0,0,0,0,0,0,0,0,0,0,0,0,0,0,0,0,0,0,0,0,0,0,0,0,0,0,1,0
DRR171509,0,0,0,0,0,0,0,0,0,0,0,0,0,0,0,0,0,0,0,0,0,0,0,0,0,0,0,0,0,0,0,0,0,0,0,0,0,0,0,0,0,0,0,0,0,0,0,0,0,0
DRR171583,0,0,0,0,0,0,0,0,0,0,0,0,0,0,0,0,0,0,0,0,0,0,0,0,0,0,0,0,1,0,0,0,0,0,0,0,0,0,1,0,0,1,0,0,0,1,0,0,4,1
DRR171542,0,0,0,0,0,0,0,0,0,0,0,0,0,0,0,0,0,0,0,0,0,0,0,0,0,0,0,0,0,0,0,0,0,0,0,0,0,0,0,0,0,0,0,0,0,0,0,0,0,2
DRR127731,181,130,22,126,34,126,86,8,147,193,23,96,256,26,46,221,54,186,152,169,93,58,50,83,43,52,113,69,67,53,52,75,89,221,57,82,41,38,114,85,75,135,44,201,110,119,75,244,4820,547
DRR171858,41,30,5,26,3,24,45,0,25,31,8,14,87,11,6,124,0,53,24,42,35,9,11,28,10,26,26,12,31,16,10,20,12,16,21,26,20,8,22,39,26,34,10,46,51,29,9,99,1301,43
DRR171512,17,20,0,12,2,8,12,3,14,16,1,7,37,1,3,20,5,16,23,10,10,9,6,5,6,6,13,4,10,4,5,3,6,9,8,6,8,1,16,11,8,6,6,34,7,10,10,21,475,35
DRR171967,1,1,0,6,0,0,0,0,3,1,0,5,3,1,0,5,0,7,1,1,1,2,2,2,1,1,0,3,3,0,0,0,0,1,0,0,0,2,3,4,0,1,1,1,3,1,1,2,70,1
DRR171920,0,0,0,0,0,0,0,0,0,0,0,0,0,0,0,0,0,0,0,0,0,0,0,0,0,0,0,0,0,0,0,0,0,0,0,0,0,0,0,0,0,0,0,0,0,0,0,0,0,1
DRR171951,176,134,17,103,7,124,115,9,119,216,18,104,281,36,34,292,73,234,156,143,111,47,51,71,46,94,75,66,92,49,40,64,99,172,84,101,64,79,144,60,58,130,43,212,111,122,137,278,5091,373
DRR171598,0,0,0,0,0,0,0,0,0,0,0,0,0,0,0,0,0,0,0,0,0,0,0,0,0,0,1,0,0,0,0,0,0,0,0,0,0,0,0,0,0,0,0,0,0,0,0,0,1,0
DRR171469,0,0,0,0,0,0,0,0,0,0,0,0,0,0,0,0,0,0,0,0,0,0,0,0,0,0,0,0,0,0,0,0,0,0,0,0,0,0,0,0,0,0,0,0,0,0,0,0,0,0
DRR171888,0,0,0,0,0,1,0,0,0,0,0,0,0,0,0,0,0,0,0,0,0,0,0,0,0,0,0,0,0,0,0,0,0,0,0,0,0,0,0,0,0,0,0,0,0,0,0,0,1,0
DRR171855,0,0,0,0,0,0,0,0,0,0,0,0,0,0,0,0,0,0,0,0,0,0,0,0,0,0,0,0,0,0,0,0,0,0,0,0,0,0,0,0,0,0,0,0,0,0,0,0,0,0
DRR171792,1113,637,107,477,223,625,690,67,723,925,122,441,1602,145,197,1601,322,1174,968,627,572,318,243,424,218,402,674,336,425,231,272,356,385,899,342,519,298,364,782,409,318,493,232,1151,663,763,584,1840,27299,1176
DRR171460,0,0,0,0,0,0,0,0,0,0,0,0,0,0,0,0,0,0,0,0,0,0,0,0,0,0,0,0,0,0,0,0,0,0,0,0,0,0,0,0,0,0,0,0,0,0,0,0,0,0
DRR171732,0,0,0,0,0,0,0,0,0,0,0,0,0,0,0,0,0,0,0,0,0,0,0,0,0,0,0,0,0,0,0,0,0,0,0,0,0,0,0,0,0,0,0,0,0,0,0,0,0,1
DRR127588,0,0,0,0,0,0,0,0,0,0,0,0,0,0,0,0,0,0,0,0,0,0,0,0,0,0,0,0,0,0,0,0,0,0,0,0,0,0,0,0,0,0,0,0,0,0,0,0,0,0
DRR127646,0,0,0,1,1,0,2,0,0,0,1,1,1,2,0,1,0,1,1,1,0,1,0,0,0,1,1,0,1,0,0,0,0,0,0,1,0,0,1,0,0,1,2,0,1,1,0,2,26,2
DRR171627,6,1,1,2,0,2,1,0,3,2,0,0,7,0,0,6,2,0,4,3,2,0,0,3,3,2,4,0,1,1,1,2,1,7,1,4,1,2,0,2,1,2,0,8,4,1,2,12,107,4
DRR171560,97,115,9,71,2,68,93,10,87,154,13,80,161,9,39,181,29,146,119,109,71,25,40,79,32,33,63,33,69,28,41,76,61,155,49,65,32,21,71,69,33,76,18,150,43,102,48,132,3307,197
DRR171910,0,0,0,0,0,0,0,0,0,0,0,0,0,0,0,0,0,0,0,0,0,0,0,0,0,0,0,0,0,0,0,0,0,0,0,0,0,0,0,0,0,0,0,0,0,0,0,0,0,0
DRR171818,0,0,23,14,0,0,0,0,0,0,0,0,0,0,0,3,0,11,0,20,2,0,0,0,0,0,0,0,0,0,0,59,0,15,0,0,0,0,0,0,0,0,0,1,0,0,5,2,155,0
DRR172009,197,81,15,120,20,130,101,24,194,284,15,125,352,30,41,379,63,284,228,181,18,38,74,88,47,74,102,75,111,68,55,113,127,246,98,104,81,38,132,104,80,135,33,294,114,170,70,311,5864,620
DRR171483,0,0,0,0,0,0,0,0,0,0,0,0,0,0,0,0,0,0,0,0,0,0,0,0,0,0,0,0,0,0,0,0,0,0,0,0,0,0,0,0,0,0,0,0,0,0,0,0,0,0
DRR171587,14,10,0,5,0,8,7,3,8,25,1,10,17,1,1,12,5,12,13,8,7,3,7,7,4,6,3,6,3,4,6,5,1,15,2,5,3,1,4,2,1,2,0,18,6,7,1,16,305,13
DRR171982,0,0,0,0,0,0,0,0,0,0,0,1,0,0,0,0,0,0,0,0,0,0,0,0,0,0,0,0,0,0,0,0,0,0,0,0,0,0,0,0,0,0,0,0,0,0,0,0,1,0
DRR127485,2,1,0,4,0,1,2,0,1,0,0,0,4,0,0,4,0,3,1,0,8,0,0,0,2,0,4,0,2,0,5,2,3,4,1,1,2,0,3,0,0,3,0,6,0,1,0,5,75,8
DRR127603,0,0,0,0,0,0,0,0,0,0,0,0,0,0,0,0,0,0,0,0,0,0,0,0,0,0,0,0,0,0,0,0,0,0,0,0,0,0,0,0,0,0,0,0,0,0,0,0,0,0
DRR171955,0,0,0,0,0,0,0,0,0,0,0,0,0,0,0,0,0,0,0,0,0,0,0,0,0,0,0,0,0,0,0,0,0,0,0,0,0,0,0,0,0,0,0,0,0,0,0,0,0,0
DRR171547,0,0,0,0,0,0,0,0,0,0,0,0,0,0,0,0,0,0,0,0,0,0,0,0,0,0,0,0,0,0,0,0,0,0,0,0,0,0,0,0,0,0,0,0,0,0,0,0,0,0
DRR171545,11,8,5,4,2,3,9,2,6,10,1,5,14,1,2,20,2,10,12,1,1,7,4,6,2,2,14,5,5,2,5,1,9,10,3,6,5,1,4,5,1,7,2,13,5,1,11,20,285,32
DRR171996,7,4,0,3,1,2,2,0,3,3,1,2,7,0,0,4,1,10,1,4,6,2,2,4,1,3,5,2,4,1,2,0,2,5,4,4,2,3,5,1,4,4,1,3,2,4,5,2,138,13
DRR171892,2,0,0,0,0,1,2,0,4,3,0,2,5,0,0,3,0,2,5,1,1,1,1,0,0,0,1,0,1,2,2,2,0,0,0,2,0,0,1,0,0,1,0,1,2,0,1,2,51,5
DRR171677,0,1,0,0,0,0,0,0,0,1,0,0,2,0,0,0,0,0,0,0,1,1,0,0,0,0,0,0,0,0,0,0,2,0,1,0,1,0,0,0,0,0,0,0,0,2,0,3,15,0
DRR171923,24,26,5,19,0,13,8,2,7,15,2,9,23,6,4,34,8,24,18,13,11,17,7,18,7,6,28,9,8,0,9,4,3,15,9,9,12,10,15,11,9,15,9,18,11,10,10,24,574,44
DRR171993,0,0,0,0,0,0,0,0,0,0,0,0,0,0,0,0,0,0,0,0,0,0,0,0,0,0,0,0,0,0,0,0,0,0,0,0,0,0,0,0,0,0,0,0,0,0,0,0,0,0
DRR171812,0,0,0,0,0,0,0,0,0,0,0,0,0,0,0,0,0,0,0,0,0,0,0,0,0,0,0,0,0,0,0,0,0,0,0,0,0,0,0,0,0,0,0,0,0,0,0,0,0,0
DRR127594,0,2,0,2,0,2,1,0,1,1,0,3,7,0,0,4,1,0,1,3,1,0,0,3,1,2,3,0,2,0,3,0,0,0,0,2,0,0,1,2,1,1,0,2,1,1,2,1,57,2
DRR171998,0,0,0,0,0,0,0,0,0,0,0,0,0,0,0,0,0,0,0,0,0,0,0,0,0,0,0,0,0,0,0,0,0,0,0,0,0,0,0,0,0,0,0,0,0,0,0,0,0,0
DRR171874,56,40,9,19,3,38,37,0,20,58,9,42,99,5,8,78,18,73,66,31,40,9,16,15,13,17,51,30,19,20,14,21,32,40,18,33,19,14,46,38,18,48,16,72,29,30,24,91,1542,88
DRR171771,1,0,0,0,0,0,0,0,1,3,0,0,5,0,0,2,0,0,0,0,0,0,0,1,2,0,0,0,0,4,0,0,1,3,5,3,0,2,0,0,0,2,0,0,0,1,1,2,39,1
DRR171466,0,0,0,0,0,0,0,0,0,0,0,0,0,0,1,0,0,0,0,0,0,0,0,0,0,0,0,0,0,0,0,0,0,0,0,0,0,0,0,1,0,0,0,0,0,0,0,0,2,0
DRR127776,0,0,0,0,0,0,0,0,0,0,0,0,0,0,0,0,0,0,0,0,0,0,0,0,0,0,0,0,0,0,0,0,0,0,0,0,0,0,0,0,0,0,0,0,0,0,0,0,0,1
DRR171953,0,0,0,0,0,0,0,0,0,0,0,0,0,0,0,0,0,0,0,0,0,0,0,0,0,0,0,0,0,0,0,0,0,0,0,0,0,0,0,0,0,0,0,0,0,0,0,0,0,0
DRR171566,5,6,1,1,2,5,6,1,7,9,0,4,16,1,1,28,3,7,12,9,6,3,6,3,1,5,10,1,1,4,1,3,4,16,3,0,0,3,2,6,6,6,4,18,3,4,4,15,262,13
DRR127737,0,0,0,0,0,0,0,0,0,0,0,0,0,0,0,0,0,0,0,0,0,0,0,0,0,0,0,0,0,0,0,0,0,0,0,0,0,0,0,0,0,0,0,0,0,0,0,0,0,1
DRR127708,0,0,0,0,0,0,0,0,0,0,0,0,0,0,0,1,0,1,0,0,0,0,0,0,0,0,0,0,0,0,0,0,0,0,0,0,0,0,0,0,0,0,0,0,0,0,0,0,2,0
DRR171733,0,0,0,0,0,0,0,0,0,0,0,0,0,0,0,0,0,0,0,0,0,0,0,0,0,0,0,0,0,0,0,0,0,0,0,0,0,0,0,0,0,0,0,0,0,0,0,0,0,0
DRR171906,0,0,1,0,0,0,1,0,0,0,0,1,0,0,0,4,0,2,1,0,0,0,0,0,0,0,0,0,0,1,0,0,1,0,1,0,0,0,0,0,0,1,0,1,0,0,3,0,18,0
DRR171734,0,0,0,0,0,0,0,0,0,0,0,0,0,0,0,0,0,0,0,0,0,0,0,0,0,0,0,0,0,0,0,0,0,0,0,0,0,0,0,0,0,0,0,0,0,0,0,0,0,0
DRR171975,0,7,0,0,0,2,4,0,0,0,0,0,17,0,0,2,0,0,0,0,1,6,1,0,0,0,0,0,0,0,0,0,0,0,2,0,0,0,0,4,0,0,0,0,2,0,6,0,54,151
DRR171578,2,1,0,0,0,0,0,0,2,0,0,1,1,0,0,0,3,5,0,1,1,0,0,0,0,0,1,0,0,0,0,0,0,0,0,1,0,1,0,1,0,1,1,0,0,0,0,1,24,3
DRR127752,104,71,18,54,29,91,69,11,66,116,16,65,203,19,17,133,25,124,86,62,63,32,27,49,31,30,54,36,53,36,34,38,50,89,42,61,30,56,91,52,45,80,27,123,66,53,64,153,2944,197
DRR172007,0,0,0,0,0,0,0,0,0,0,0,0,0,0,0,0,0,0,0,0,0,0,0,0,0,0,0,0,0,0,0,0,0,0,0,0,0,0,0,0,0,0,0,0,0,0,0,0,0,0
DRR171596,0,0,0,0,0,0,1,0,0,0,0,0,0,0,0,0,0,0,0,0,0,0,0,0,0,0,0,0,0,0,0,0,0,0,0,0,0,0,0,0,0,0,0,0,0,0,0,0,1,0
DRR171537,0,0,0,0,0,0,0,0,0,0,0,0,0,0,0,0,0,0,0,0,0,0,0,0,0,0,0,0,0,0,0,0,0,0,0,0,0,0,0,0,0,0,0,0,0,0,0,0,0,0
DRR127613,0,0,0,0,0,0,0,0,0,0,0,0,0,0,0,0,0,0,0,0,0,0,0,0,0,0,0,0,0,0,0,0,0,0,0,0,0,0,0,0,0,0,0,0,0,0,0,0,0,0
DRR171730,2,1,0,0,0,0,0,0,2,2,1,2,1,1,0,9,1,2,2,3,0,2,0,3,1,1,1,0,0,0,1,0,1,2,4,0,0,3,0,0,1,2,1,1,2,0,4,1,60,7
DRR171989,0,0,0,0,0,0,0,0,0,0,0,0,0,0,0,0,0,0,0,0,0,0,0,0,0,0,0,0,0,0,0,0,0,0,0,0,0,0,0,0,0,0,0,1,0,0,0,0,1,0
DRR127721,0,0,0,0,0,0,0,0,0,0,0,0,0,0,0,0,0,0,0,0,0,0,0,0,0,0,0,0,0,0,0,0,0,0,0,0,0,0,0,0,0,0,0,0,0,0,0,0,0,0
DRR171573,237,161,0,134,62,87,114,21,110,97,8,129,268,13,0,232,0,199,201,58,30,74,34,140,87,101,141,56,86,15,20,46,64,106,41,65,24,108,67,153,35,56,56,189,103,62,27,290,4407,290
DRR171604,3,2,0,0,0,3,1,0,2,3,0,2,3,0,0,6,0,3,0,2,0,1,0,0,0,1,1,0,1,0,0,0,1,0,0,1,0,0,3,3,1,2,0,5,2,2,1,6,61,2
DRR171902,0,0,0,0,0,0,0,0,0,0,0,0,0,0,0,0,0,0,0,0,0,0,0,0,0,0,0,0,0,0,0,0,0,0,0,0,0,0,0,0,0,0,0,0,0,0,0,0,0,0
DRR171751,2,2,0,2,0,0,0,0,2,3,1,0,9,4,2,5,0,3,1,0,0,1,1,0,0,0,2,0,0,1,0,1,0,2,1,1,0,0,2,3,0,1,1,4,0,0,0,6,63,7
DRR171779,0,0,0,0,0,0,0,0,0,0,0,0,0,0,0,0,0,0,0,0,0,0,0,0,0,0,0,0,0,0,0,0,0,0,0,0,0,0,0,0,0,0,1,0,1,0,0,0,2,1
DRR171807,0,0,0,0,0,0,0,0,0,0,0,0,0,0,0,0,0,0,0,1,0,0,0,0,0,0,0,0,0,0,0,0,0,0,0,0,0,0,0,0,0,0,0,0,0,0,0,0,1,0
DRR171498,0,0,0,0,0,0,0,0,0,0,0,0,0,0,0,0,0,0,0,0,0,0,0,0,0,0,0,0,0,0,0,0,0,0,0,0,0,0,0,0,0,0,0,0,0,0,0,0,0,0
DRR171551,0,0,0,0,0,0,0,0,0,0,0,0,0,0,0,0,0,0,0,0,0,0,0,0,0,0,0,0,0,0,0,0,0,0,0,0,0,0,0,0,0,0,0,0,0,0,0,0,0,0
DRR171478,39,25,5,22,2,16,27,1,30,59,1,20,88,11,8,83,14,43,40,38,34,17,15,21,15,11,35,17,35,14,11,15,18,31,11,36,13,22,43,25,12,32,22,70,14,27,28,88,1304,63
DRR171924,0,0,0,0,0,0,0,0,0,0,0,0,0,0,0,0,0,0,0,0,0,0,0,0,0,0,0,0,0,0,0,0,0,0,0,0,0,0,0,0,0,0,0,0,0,0,0,0,0,0
DRR171707,308,17,1,14,2,17,11,1,16,20,1,16,32,5,8,36,4,24,18,13,15,8,6,0,3,12,18,11,9,12,9,7,11,34,8,9,12,14,18,0,10,15,7,30,14,18,12,55,941,27
DRR171932,88,61,7,47,12,57,50,4,56,81,5,34,106,4,18,90,24,58,41,65,38,30,21,26,18,21,75,28,25,24,21,25,30,76,30,38,12,20,57,26,30,72,19,86,57,46,53,94,2006,183
DRR171688,0,0,0,0,0,0,0,0,0,0,0,0,0,0,0,0,0,0,0,0,0,0,0,0,0,0,0,0,0,0,0,0,0,0,0,0,0,0,0,0,0,0,0,0,0,0,0,0,0,0
DRR171493,0,0,0,0,0,0,0,0,0,0,0,0,0,0,0,0,0,0,0,0,0,0,0,0,0,0,0,0,0,0,0,0,1,0,0,0,0,0,0,0,0,0,0,0,0,0,0,0,1,0
DRR171944,6,0,0,3,0,2,1,0,2,1,0,1,8,1,4,1,0,2,4,1,0,1,1,0,5,0,4,1,1,1,4,0,1,2,1,3,0,1,4,1,0,5,0,3,2,2,0,1,81,14
DRR171595,19,8,2,10,1,9,7,5,20,13,1,3,36,3,1,27,3,12,13,12,3,6,2,6,1,3,8,2,1,5,3,12,12,14,4,3,1,6,9,8,1,15,5,15,10,9,15,30,414,20
DRR171567,0,0,0,0,0,0,0,0,0,0,0,0,0,0,0,0,0,0,0,0,0,0,0,0,0,0,0,0,0,0,0,0,0,0,0,0,0,0,0,0,0,0,0,0,0,0,0,0,0,0
DRR171532,0,0,0,0,0,0,0,0,0,0,0,0,0,0,0,0,0,0,0,0,0,0,0,0,0,0,0,0,0,0,0,0,0,0,0,0,0,0,0,0,0,0,0,0,0,0,0,0,0,0
DRR171735,14,31,1,17,2,10,14,4,18,25,2,17,55,3,4,35,8,29,39,19,20,14,5,17,3,17,27,19,6,5,10,13,9,30,5,15,8,9,20,14,6,13,10,30,32,15,22,68,809,38
DRR171948,0,2,0,0,0,2,1,0,2,12,0,4,13,0,0,13,5,7,3,10,2,1,4,4,0,4,0,1,2,3,1,0,1,2,3,2,4,3,3,6,2,6,1,8,2,2,0,10,151,24
DRR171667,0,0,0,0,0,0,0,0,0,0,0,0,0,0,0,0,0,0,0,0,0,0,0,0,0,0,0,0,0,0,0,0,0,0,0,0,0,0,0,0,0,0,0,0,0,0,0,0,0,0
DRR171705,3,1,0,4,1,2,0,0,2,4,0,0,3,1,0,3,1,3,1,3,2,0,0,1,1,0,2,3,2,0,0,1,1,3,1,1,2,0,2,0,0,1,0,1,2,1,1,6,66,1
DRR171991,0,0,0,0,0,0,0,0,0,0,0,0,0,0,0,0,0,0,0,0,0,0,0,0,0,0,0,0,0,0,0,0,0,0,0,0,0,0,0,0,0,0,0,0,0,0,0,0,0,0
DRR171541,0,0,0,0,0,0,0,0,0,0,0,0,0,0,0,0,0,0,0,0,0,0,0,0,0,0,0,0,0,0,0,0,0,0,0,0,0,0,0,0,0,0,0,0,0,0,0,0,0,0
DRR171710,0,0,0,0,0,0,0,0,0,0,0,0,0,0,0,0,0,0,0,0,0,0,0,0,0,0,0,0,0,0,0,0,0,0,0,0,0,0,0,0,0,0,0,0,0,0,0,0,0,0
DRR171966,0,0,0,0,0,0,0,0,0,0,0,0,0,0,0,0,0,0,0,0,0,0,0,0,0,0,0,0,0,0,0,0,0,0,0,0,0,0,0,0,0,0,0,0,0,0,0,0,0,0
DRR171871,6,14,1,8,6,6,8,0,6,17,0,4,9,1,0,15,4,8,11,11,10,3,0,6,2,5,10,0,6,9,1,2,5,14,5,6,3,2,18,9,2,6,5,9,13,5,4,15,310,15
DRR127736,0,0,0,0,0,0,0,0,0,0,0,0,0,0,0,0,0,0,0,0,0,0,0,0,0,0,0,0,0,0,0,0,0,0,0,0,0,0,0,0,0,0,0,0,0,0,0,0,0,0
DRR172013,0,0,0,0,0,0,0,0,0,0,0,0,0,0,0,0,0,0,0,0,0,0,0,0,0,0,0,0,0,0,0,0,0,0,0,0,0,0,0,0,0,0,0,0,0,0,0,0,0,0
DRR171970,10,5,0,3,0,3,9,0,7,11,0,5,2,0,3,16,0,6,9,1,0,2,3,3,2,1,7,5,2,2,1,5,3,3,2,2,2,1,2,9,3,4,0,5,2,2,4,15,182,14
DRR171554,0,8,0,0,0,2,5,0,0,0,0,0,13,0,0,1,0,0,0,0,4,2,0,0,0,0,0,0,0,3,0,0,0,0,1,0,0,0,0,8,0,0,0,0,0,3,5,0,55,142
DRR171580,0,1,1,1,0,4,3,0,4,1,0,1,2,0,0,11,2,5,4,3,3,2,1,0,0,3,2,0,0,1,0,1,0,2,5,1,2,1,2,0,2,1,0,5,2,2,2,6,89,5
DRR171844,0,0,0,0,0,0,0,0,0,0,0,0,0,0,0,0,0,0,0,0,0,0,0,0,0,0,0,0,0,0,0,0,0,0,0,0,0,0,0,0,0,0,0,0,0,0,0,0,0,0
DRR171648,271,170,23,139,37,186,174,17,179,276,18,142,358,48,47,361,85,263,240,189,127,64,80,116,48,84,207,85,120,65,56,86,97,225,97,132,67,72,220,78,75,137,56,353,113,172,111,320,6686,558
DRR171999,2,0,0,1,0,1,0,0,0,4,0,2,0,0,0,1,0,2,2,1,1,0,0,0,0,0,3,3,0,0,1,0,0,3,0,1,0,1,1,1,0,0,0,4,0,1,0,5,41,3
DRR171514,0,0,0,0,0,0,0,0,0,0,0,0,0,0,0,0,0,0,0,0,0,0,0,0,0,0,0,0,0,0,0,0,0,0,0,0,0,0,0,0,0,0,0,0,0,0,0,0,0,0
DRR171572,1,1,0,0,0,0,1,2,0,3,0,0,1,1,0,3,1,2,1,0,2,1,2,1,1,0,1,1,1,0,1,1,0,4,2,2,1,0,2,1,0,1,0,8,1,4,0,2,57,6
DRR171840,0,1,0,0,0,2,1,0,1,1,0,0,2,2,2,0,0,1,0,1,0,0,0,0,0,1,0,0,0,0,0,0,5,1,2,2,0,0,0,0,0,3,1,4,0,1,2,3,39,2
DRR171558,1603,999,149,777,241,950,1060,128,1060,1736,114,919,2230,204,326,2388,536,1763,1573,1096,901,378,423,669,368,607,1332,503,706,484,369,635,751,1498,645,981,427,459,1220,759,519,880,409,1954,733,966,697,2324,42449,2129
DRR171590,0,0,0,0,0,0,0,0,0,0,0,0,1,0,0,0,0,0,0,0,0,0,0,0,0,0,0,0,0,0,0,0,0,0,0,0,0,0,0,3,0,0,0,0,0,1,0,0,5,29
DRR127488,0,0,0,0,0,0,0,0,0,0,0,0,0,0,0,0,0,0,0,0,0,0,0,0,0,0,0,0,0,0,0,0,0,0,0,0,0,0,0,0,0,0,0,0,0,0,0,0,0,0
DRR171565,0,0,0,1,0,0,0,0,0,1,0,0,0,0,0,2,0,0,0,0,0,0,0,0,0,0,0,0,1,0,0,0,0,0,0,0,0,0,0,0,0,0,0,0,0,0,0,0,5,0
DRR171866,0,0,0,0,0,0,0,0,0,0,0,0,0,0,0,0,0,0,0,0,0,0,0,0,0,0,0,0,0,0,0,0,0,0,0,0,0,0,0,0,0,0,0,0,0,0,0,0,0,0
DRR171908,49,20,2,11,7,17,23,1,26,49,1,21,52,3,5,53,11,35,28,23,17,8,5,6,7,21,8,13,17,17,7,5,7,27,8,19,11,11,32,22,6,17,11,28,24,16,18,48,873,36
DRR171768,0,0,0,0,0,0,0,0,0,0,0,0,0,0,0,0,0,0,0,0,0,0,0,0,0,0,0,0,0,0,0,0,0,0,0,0,0,0,0,0,0,0,0,0,0,0,0,0,0,0
DRR127763,0,0,0,0,0,0,0,0,0,0,0,0,0,0,0,0,0,0,0,0,0,0,0,0,0,0,0,0,0,0,0,0,0,0,0,0,0,0,0,0,0,0,0,0,0,0,0,0,0,0
DRR171649,0,0,0,0,0,0,0,0,0,0,0,0,0,0,0,0,0,0,0,0,0,0,0,0,0,0,0,0,0,0,0,0,0,0,0,0,0,0,0,0,0,0,0,0,0,0,0,0,0,0
DRR171599,0,0,0,0,0,0,0,0,0,0,0,0,0,0,0,0,0,0,0,1,0,0,0,0,0,0,0,0,0,0,0,0,0,0,0,0,0,0,0,0,0,0,0,0,0,0,0,0,1,0
DRR127669,671,460,66,348,62,378,485,41,500,732,73,350,1222,101,145,1067,256,786,725,471,422,206,164,313,170,304,573,238,324,158,167,229,322,716,259,427,193,207,527,314,219,382,189,851,428,472,377,1175,19265,826
DRR171886,42,20,1,16,0,17,16,1,15,37,5,22,60,4,7,0,14,29,35,24,12,6,12,12,5,11,18,10,19,12,13,18,8,36,16,42,6,16,46,20,22,18,22,38,29,15,14,46,907,46
DRR171893,36,2,0,1,1,0,7,0,18,27,3,28,39,0,15,25,0,28,19,13,5,8,0,6,15,6,6,11,14,0,6,0,0,4,4,26,0,0,17,4,5,1,2,12,5,13,31,48,511,21
DRR171968,6,3,0,3,0,8,6,0,4,0,0,0,23,0,0,0,0,4,0,1,4,0,1,0,0,10,12,0,0,0,0,0,0,4,0,0,3,2,1,0,0,0,1,3,0,4,2,5,110,3
DRR171624,0,0,0,0,0,0,0,0,0,0,0,0,0,0,0,0,0,0,0,0,0,0,0,0,0,0,0,0,0,0,0,0,0,0,0,0,0,0,0,0,0,0,0,0,0,0,0,0,0,0
DRR171463,0,0,0,0,0,0,0,0,0,1,0,0,3,0,0,0,1,0,0,0,0,0,0,0,0,0,0,0,0,0,0,0,0,0,0,0,0,0,0,0,1,1,1,3,0,0,0,0,11,0
DRR171868,0,0,0,0,0,0,0,0,0,0,0,0,0,0,0,0,0,0,0,0,0,0,0,0,0,0,0,0,0,0,0,0,0,0,0,0,0,0,0,0,0,0,0,0,0,0,0,0,0,0
DRR171475,0,0,0,0,0,0,0,0,0,0,0,0,0,0,0,0,0,0,1,0,0,0,0,0,3,0,0,0,0,0,0,0,0,0,0,0,0,0,0,0,0,0,0,0,0,0,0,1,5,1
DRR171947,7,3,2,2,4,2,7,1,4,11,6,5,20,2,0,26,4,16,13,20,14,4,1,6,0,2,4,2,2,10,6,4,0,1,2,8,3,6,19,9,3,8,4,10,6,5,9,20,323,29
DRR171581,209,136,15,98,23,106,128,17,111,199,18,74,278,29,27,276,47,197,158,147,114,40,52,81,33,60,132,52,78,41,42,61,87,185,79,79,49,43,108,87,57,104,40,206,82,111,71,304,4771,452
DRR171753,0,0,0,0,0,0,0,0,0,0,0,0,0,0,0,0,0,0,0,0,0,0,0,0,0,0,0,0,1,0,0,0,0,0,0,0,0,0,0,0,0,0,0,0,0,0,0,0,1,0
DRR171655,17,7,0,5,0,10,6,1,6,6,1,5,31,0,3,10,3,25,10,3,8,3,1,5,1,5,3,6,5,1,5,7,4,5,6,11,8,3,10,4,3,6,5,13,8,8,6,13,312,25
DRR171543,5,9,1,5,0,5,9,1,8,10,0,1,12,0,1,17,4,10,11,6,4,5,4,6,3,5,11,6,2,3,2,2,2,7,1,4,4,3,4,4,5,3,1,13,4,13,4,16,256,12
DRR171614,0,0,0,0,0,0,0,0,0,0,0,0,0,0,0,0,0,0,0,0,0,0,0,0,0,0,0,0,0,0,0,0,0,0,0,0,0,0,0,0,0,0,0,0,0,0,0,0,0,0
DRR171467,92,85,7,45,10,58,54,6,72,137,18,82,192,16,18,110,35,132,96,53,50,31,27,33,20,32,133,47,36,43,39,22,32,73,26,78,12,53,77,61,28,74,32,125,59,53,35,85,2734,254
DRR171641,0,0,0,0,0,0,0,0,0,0,0,0,0,0,0,0,0,0,0,0,0,0,0,0,0,0,0,0,0,0,0,0,0,0,0,0,0,0,0,0,0,0,0,1,0,0,0,0,1,0
DRR171731,0,0,0,0,0,0,0,0,0,0,0,0,0,0,0,0,0,0,0,0,0,0,0,0,0,0,0,0,0,0,0,0,0,0,0,0,0,0,0,0,0,0,0,0,0,0,0,0,0,0
DRR171661,0,0,0,0,0,0,0,0,0,0,0,0,0,0,0,0,0,0,0,0,0,0,0,0,0,0,0,0,0,0,0,0,0,0,0,0,0,0,0,0,0,0,0,0,0,0,0,0,0,0
DRR171504,0,0,0,0,1,2,0,0,0,2,0,0,3,0,0,2,0,1,1,3,0,0,0,1,0,0,3,0,0,1,1,1,0,0,1,2,0,0,0,0,0,2,0,0,0,0,1,2,30,1
DRR171607,0,0,0,0,0,0,0,0,0,0,0,0,0,0,0,0,0,0,0,0,0,0,0,0,0,0,0,0,0,0,0,0,0,0,0,0,0,0,0,0,0,0,0,0,0,0,0,0,0,0
DRR171620,93,40,7,25,5,33,54,2,62,55,4,29,139,6,13,102,20,73,71,30,36,21,16,17,18,29,47,18,28,26,12,29,32,49,13,39,26,26,67,30,27,31,18,54,37,40,25,115,1789,65
DRR171865,100,83,5,49,2,59,77,12,72,81,8,64,153,11,24,148,36,118,123,75,46,32,30,49,21,36,23,41,43,28,20,40,51,85,46,58,41,46,70,39,29,60,26,113,70,66,50,185,2744,125
DRR172017,0,0,0,0,0,0,0,0,0,0,0,0,0,0,0,0,0,0,0,0,0,0,0,0,0,0,0,0,0,0,0,0,0,0,0,0,0,0,0,0,0,0,0,0,0,0,0,0,0,0
DRR171630,0,0,0,0,0,0,0,0,0,0,0,0,0,0,0,0,0,0,0,0,0,0,0,0,0,0,0,0,0,0,0,0,0,0,0,0,0,0,0,0,0,0,0,0,0,0,0,0,0,0
DRR171759,2,4,0,6,0,8,4,0,0,3,0,4,6,0,0,1,0,1,5,0,2,0,1,1,2,4,10,2,2,0,1,2,0,2,4,2,1,0,7,3,0,3,3,2,3,6,1,4,112,13
DRR171891,8,6,1,7,2,5,2,0,2,8,0,5,8,1,0,13,3,7,8,2,2,1,0,1,1,5,4,2,2,2,3,8,3,8,2,3,1,2,2,1,5,3,3,13,3,1,2,4,175,18
DRR171502,0,0,0,0,0,0,0,0,0,0,0,0,0,0,0,0,0,0,0,0,0,0,0,0,0,0,0,0,0,0,0,0,0,0,0,0,0,0,0,0,0,0,0,0,0,0,0,0,0,0
DRR171767,0,0,0,0,0,0,0,0,0,0,0,0,0,0,0,0,0,0,0,0,0,0,0,0,0,0,0,0,0,0,0,0,0,0,0,0,0,0,0,0,0,0,0,0,0,0,0,0,0,0
DRR171602,21,9,2,7,0,11,10,3,6,19,0,12,23,3,1,41,6,13,7,7,15,2,5,14,2,4,12,4,8,6,1,9,6,21,8,6,3,3,9,9,4,7,4,27,9,14,7,22,442,12
DRR171869,0,0,0,0,0,0,0,0,0,1,0,0,0,0,0,0,0,0,0,0,0,0,0,0,0,0,0,0,1,0,0,0,0,0,0,0,0,0,0,0,0,0,0,0,0,0,0,0,2,0
DRR171969,0,0,0,0,0,0,0,0,0,0,0,0,0,0,0,0,0,0,0,0,0,0,0,0,0,0,0,0,0,0,0,0,0,0,0,0,0,0,0,0,0,0,0,0,0,0,0,0,0,0
DRR171942,0,0,0,0,0,0,0,0,0,0,0,0,0,0,0,0,0,0,0,0,0,0,0,0,0,0,0,0,0,0,0,0,0,0,0,0,0,1,0,0,0,0,0,0,0,0,0,0,1,0
DRR171699,79,52,9,18,4,41,68,4,49,68,0,7,121,26,13,108,17,76,70,13,23,9,11,19,9,18,70,26,26,16,29,14,26,33,21,31,18,37,31,56,14,56,0,60,19,45,65,96,1721,94
DRR171698,0,0,0,0,0,0,0,0,0,0,0,0,0,0,0,0,0,0,0,0,0,0,0,0,0,0,0,0,0,0,0,0,0,0,0,0,0,0,0,0,0,0,0,0,0,0,0,0,0,0
DRR171909,0,0,0,0,0,0,0,0,0,1,0,0,0,0,0,0,0,0,0,0,0,0,0,0,0,0,0,0,0,0,0,0,0,0,0,0,0,0,1,0,0,0,0,0,0,0,0,0,2,0
DRR171496,0,0,0,0,0,0,0,0,0,0,0,0,0,0,0,0,0,0,0,0,0,0,0,0,0,0,0,0,0,0,0,0,0,0,0,0,0,0,0,0,0,0,0,0,0,0,0,0,0,0
DRR171870,0,0,0,0,0,0,0,0,0,0,0,0,0,0,0,0,0,0,0,0,0,0,0,0,0,0,0,0,0,0,0,0,0,0,0,0,0,0,0,0,0,0,0,0,0,0,0,0,0,0
DRR171769,3,0,1,0,0,1,0,0,0,1,2,4,7,0,0,2,5,1,6,1,0,0,0,0,0,0,2,5,0,0,1,2,0,0,4,4,0,0,1,5,4,0,0,3,0,0,0,6,71,3
DRR172006,0,0,0,0,0,0,0,0,0,0,0,0,0,0,0,0,0,0,0,0,0,0,0,0,0,0,0,0,0,0,0,0,0,0,0,0,0,0,0,0,0,0,0,0,0,0,0,0,0,0
DRR127625,0,0,0,0,0,0,0,0,0,0,0,0,0,0,0,0,0,0,0,0,0,0,0,0,0,0,0,0,0,0,0,0,0,0,0,0,0,0,0,0,0,0,0,0,0,0,0,0,0,0
DRR171724,0,0,0,1,0,0,0,0,0,0,0,0,0,0,0,0,0,0,0,0,0,0,0,0,0,0,0,0,0,0,0,0,0,0,0,0,0,0,0,0,0,0,0,0,0,0,0,0,1,0
DRR171814,134,61,5,49,12,66,81,11,86,100,9,51,122,7,20,163,28,131,102,91,59,34,24,38,20,40,67,29,47,28,14,32,45,81,49,38,34,39,58,67,42,49,23,128,81,92,34,194,2815,132
DRR171956,11,8,0,0,0,2,0,0,0,5,0,0,5,0,0,4,2,3,4,1,2,0,0,1,0,1,2,2,4,0,1,1,1,5,3,0,3,1,4,4,0,3,1,4,0,3,3,6,100,11
DRR171901,20,19,2,14,2,16,16,2,13,20,4,6,38,5,7,42,5,22,17,12,16,5,9,10,7,11,19,4,6,2,4,8,10,27,4,15,11,7,16,17,5,12,8,31,14,15,13,23,611,15
DRR171676,0,0,0,0,0,0,0,0,0,0,0,1,1,0,0,0,0,0,0,0,0,0,0,0,0,0,0,0,0,0,0,0,0,0,2,0,0,0,0,3,0,0,0,0,0,1,0,0,8,25
DRR171571,16,19,0,10,0,9,3,3,13,12,0,6,22,2,2,26,8,7,16,11,5,2,4,7,4,7,9,4,10,3,0,10,7,15,4,5,6,5,7,4,4,11,2,18,6,2,6,22,374,25
DRR171472,0,0,0,0,0,0,0,0,0,0,0,0,0,0,0,0,0,0,0,0,0,0,0,0,0,0,0,0,0,0,0,0,0,0,0,0,0,0,0,0,0,0,0,0,0,0,0,0,0,0
DRR172019,42,27,1,40,1,28,21,3,28,72,2,38,54,2,12,82,12,61,53,35,22,10,13,24,14,19,15,16,17,8,11,23,20,47,13,26,13,7,25,18,14,25,1,75,13,32,28,69,1232,75
DRR171592,0,0,0,0,0,0,0,0,0,0,0,0,0,0,0,0,0,0,0,0,0,0,0,0,0,0,0,0,0,0,0,0,0,0,0,0,0,0,0,0,0,0,0,0,0,0,0,0,0,0
DRR127567,150,87,16,86,11,101,92,8,120,166,19,135,292,18,43,256,46,174,158,143,93,53,40,55,47,58,151,47,84,36,32,74,66,152,65,103,60,71,142,76,33,95,63,210,79,121,80,269,4576,204
DRR171526,222,150,18,104,11,129,154,13,141,230,21,104,353,32,0,356,76,222,204,148,114,51,56,109,40,71,159,101,94,72,69,73,0,0,62,105,69,51,144,70,68,123,54,261,115,123,95,329,5366,302
DRR171918,0,0,0,0,0,0,0,0,0,0,0,0,0,0,0,0,0,0,0,0,0,0,0,0,0,0,0,0,0,0,0,0,0,0,0,0,0,0,0,0,0,0,0,0,0,0,0,0,0,0
DRR171539,48,33,3,22,9,34,32,4,51,66,1,35,77,5,10,100,21,58,39,48,32,18,12,21,8,26,39,23,28,25,21,22,22,49,17,26,16,12,40,33,16,27,14,65,23,40,25,79,1475,88
DRR171499,0,0,0,0,0,0,0,0,0,0,0,0,0,0,0,0,0,0,0,0,0,0,0,0,0,0,0,0,0,0,0,0,0,0,0,0,0,0,0,0,0,0,0,0,0,0,0,0,0,0
DRR171898,0,0,0,0,0,0,0,0,0,0,0,0,0,0,0,0,0,0,0,0,0,0,0,0,0,0,0,0,0,0,0,0,0,0,0,0,0,0,0,0,0,0,0,0,0,0,0,0,0,0
DRR127704,0,30,0,0,0,2,25,0,1,0,0,0,65,0,0,9,0,0,0,0,3,13,1,0,0,0,0,0,0,11,9,0,0,0,10,0,0,0,0,27,0,0,0,0,2,8,29,0,245,669
DRR171634,0,0,0,0,0,0,0,0,0,0,0,0,0,0,0,0,0,0,0,0,0,0,0,0,0,0,0,0,0,0,0,0,0,0,0,0,0,0,0,0,0,0,0,0,0,0,0,0,0,0
DRR171755,0,0,0,0,0,0,0,0,0,0,0,0,0,0,0,0,0,0,0,0,0,0,0,0,0,0,0,0,0,0,0,0,0,0,0,0,0,0,0,0,0,0,0,0,0,0,0,0,0,0
DRR171949,0,0,0,0,0,0,0,0,0,0,0,0,0,0,0,0,0,0,0,0,0,0,0,0,0,0,0,0,0,0,0,0,0,1,0,0,0,0,0,0,0,0,0,0,1,0,0,0,2,0
DRR127683,0,0,0,0,0,0,0,0,0,0,0,0,0,0,0,0,0,0,0,0,0,0,0,0,0,0,0,0,0,0,0,0,0,0,0,0,0,0,0,0,0,0,0,0,0,0,0,0,0,0
DRR171506,2,0,0,0,0,5,0,0,1,1,0,2,4,0,1,7,0,4,7,3,1,1,3,1,1,4,2,1,0,2,1,3,0,6,0,0,1,0,0,0,0,0,1,4,1,5,2,3,80,4
DRR171809,0,1,0,0,0,0,0,0,0,0,0,0,0,0,0,0,0,0,0,1,0,0,0,0,0,0,0,0,0,0,0,0,0,2,0,0,0,0,0,0,0,0,0,0,0,0,0,0,4,0
DRR171576,0,0,0,0,0,0,0,0,0,0,0,0,0,0,0,0,0,0,0,0,0,0,0,0,0,0,0,0,0,0,0,0,0,0,0,0,0,0,0,1,0,0,0,0,0,0,0,0,1,0
DRR171790,31,27,2,20,1,27,27,3,24,37,6,23,67,6,12,83,14,47,25,27,23,10,9,16,8,9,20,16,11,10,9,14,23,30,22,19,9,7,17,14,8,27,8,44,26,32,27,74,1051,63
DRR171550,0,0,0,0,0,0,0,0,0,0,0,0,0,0,0,0,0,0,0,0,0,0,0,0,0,0,0,0,0,0,0,0,0,0,0,0,0,0,0,0,0,0,0,0,0,0,0,0,0,0
DRR171794,0,0,0,0,0,0,0,0,0,0,0,0,0,0,0,0,0,0,0,0,0,0,0,0,0,0,0,0,0,0,0,0,0,0,0,0,0,0,0,0,0,0,0,0,0,0,0,0,0,0
DRR171852,0,0,0,0,0,0,0,0,0,0,0,0,0,0,0,0,0,0,0,0,0,0,0,0,0,0,0,0,0,0,0,0,0,0,0,0,0,0,0,0,0,0,0,0,0,0,0,0,0,0
DRR171691,0,0,0,0,0,0,0,0,0,0,0,0,0,0,0,0,0,0,0,0,0,0,0,0,0,0,0,0,0,0,0,0,0,0,0,0,0,0,0,0,0,0,0,0,0,0,0,0,0,0
DRR171824,1,0,0,1,0,1,0,0,2,5,0,2,3,0,1,3,0,3,2,0,2,0,0,0,1,0,2,0,0,1,1,0,2,0,1,2,0,0,1,1,4,1,1,3,2,0,0,3,52,2
DRR171899,26,16,6,9,2,15,17,2,17,18,0,10,23,8,9,50,12,29,34,34,13,16,3,3,8,11,36,4,4,13,3,6,9,42,14,16,6,8,12,17,12,11,2,20,12,22,18,42,720,40
DRR171867,31,16,2,18,3,30,21,2,40,49,1,23,57,5,7,59,16,37,30,13,15,9,3,9,8,18,9,8,16,6,9,14,16,24,7,16,11,12,26,9,22,27,6,33,16,23,19,47,898,32
DRR162779,0,0,0,0,0,24,0,0,0,0,0,0,263,0,0,18,0,0,0,0,0,0,1,0,0,0,0,0,0,30,15,0,0,0,36,0,0,0,0,119,0,0,0,0,19,28,0,0,553,2294
DRR171612,139,95,17,44,14,80,95,8,96,117,19,92,254,28,25,149,52,140,114,81,69,47,48,63,29,61,125,35,61,36,34,43,64,119,43,101,32,48,133,67,49,78,45,159,66,70,63,200,3647,224
DRR171931,10,1,0,4,0,3,3,0,2,11,2,5,16,0,7,12,2,15,10,8,4,3,1,6,3,2,5,5,4,4,2,0,1,4,4,2,1,1,15,2,2,3,0,6,3,1,1,11,207,13
DRR171762,1,0,0,0,0,0,0,0,0,0,0,0,0,0,0,0,0,0,0,1,0,0,0,0,0,0,0,1,0,1,0,0,0,1,0,1,0,0,0,0,0,0,0,0,0,0,0,0,6,0
DRR127476,0,0,0,0,0,0,0,0,0,0,0,0,0,0,0,0,0,0,0,0,0,0,0,0,0,0,0,0,0,0,0,0,0,0,0,0,0,0,0,0,0,0,0,0,0,0,0,0,0,1
DRR171746,0,0,0,0,0,0,0,0,0,0,0,0,0,0,0,0,0,0,0,0,0,0,0,0,0,0,0,0,0,0,0,0,0,0,0,0,0,0,0,0,0,0,0,0,0,0,0,0,0,1
DRR171784,0,0,0,0,0,0,0,0,0,0,0,0,0,0,0,0,0,0,0,0,0,0,0,0,0,0,0,0,0,0,0,0,0,0,0,0,0,0,0,0,0,0,0,0,0,0,0,0,0,0
DRR171801,0,0,0,0,0,0,0,0,0,0,0,0,0,0,0,0,0,0,0,0,0,0,0,0,0,0,0,0,0,0,0,0,0,0,0,0,0,0,0,0,0,0,0,1,0,0,0,0,1,0
DRR171776,1,0,0,0,0,0,0,0,0,0,0,0,0,0,0,0,0,1,2,0,0,0,0,0,0,0,1,0,0,0,0,0,0,0,0,0,0,0,0,0,0,1,0,0,0,0,0,2,8,2
DRR171747,157,100,19,100,24,112,85,13,105,188,38,118,331,50,42,267,52,216,143,122,118,64,43,67,34,57,99,44,121,72,62,68,60,140,67,115,33,80,188,67,78,145,63,239,87,88,82,252,4915,630
DRR171533,0,0,0,0,0,0,0,0,0,0,0,0,0,0,0,0,0,0,0,0,0,0,0,0,0,0,0,0,0,0,0,0,0,0,0,0,0,0,0,0,0,0,0,0,0,0,0,0,0,0
DRR171720,18,10,2,5,2,8,6,0,8,16,4,1,24,1,1,22,5,10,16,14,5,5,1,6,3,2,8,6,12,2,4,1,3,11,3,16,0,1,14,8,6,7,6,15,2,8,6,25,359,21
DRR127713,0,0,0,0,0,0,0,0,0,0,0,0,0,0,0,0,0,0,0,0,0,0,0,0,0,0,0,0,0,0,0,0,0,0,0,0,0,0,0,0,0,0,0,0,0,0,0,0,0,0
DRR127748,0,0,0,0,0,0,0,0,0,0,0,0,0,0,0,0,0,0,0,0,0,0,0,0,0,0,0,0,0,0,0,0,0,0,0,0,0,0,0,0,0,0,0,0,0,0,0,0,0,0
DRR171797,0,0,0,0,0,0,0,0,0,0,0,0,0,0,0,0,0,0,0,0,0,0,0,0,0,0,0,0,0,0,0,0,0,0,0,0,0,0,0,0,0,0,0,0,0,0,0,0,0,1
DRR171984,0,0,0,0,0,0,0,0,0,0,0,0,0,0,0,0,0,0,0,0,0,0,0,0,0,0,0,0,0,0,0,0,0,0,0,0,0,0,0,0,0,0,0,0,0,0,0,0,0,0
DRR171841,0,0,0,0,0,0,0,0,0,0,0,0,0,0,0,0,0,0,0,0,0,0,0,0,0,0,0,0,0,0,0,0,0,0,0,0,0,0,0,0,0,0,0,0,0,0,0,0,0,0
DRR171832,40,31,2,14,1,19,33,3,35,39,2,23,80,4,5,63,11,38,48,24,19,13,12,28,9,17,36,13,17,8,13,13,26,56,14,30,14,5,33,19,16,24,19,43,30,28,22,59,1151,56
DRR171729,0,0,0,0,0,0,0,0,0,0,0,0,0,0,0,0,0,0,0,0,0,0,0,0,0,0,0,0,0,0,0,0,0,0,0,0,0,0,0,0,0,0,0,0,0,0,0,0,0,0
DRR171653,0,0,0,0,0,0,0,0,0,181,0,0,2,0,0,0,0,0,17,0,0,86,0,0,0,0,0,0,0,0,0,0,0,0,0,0,0,33,0,1,0,0,0,0,0,0,0,10,330,1
DRR127537,0,0,0,0,0,0,0,0,0,0,0,0,0,0,0,0,0,0,0,0,0,0,0,0,0,0,0,0,0,0,0,0,0,0,0,0,0,0,0,0,0,0,0,0,0,0,0,0,0,0
DRR171916,0,1,0,0,0,3,1,2,0,0,0,0,0,0,0,0,0,0,0,0,0,0,1,0,0,0,1,0,0,0,2,2,0,1,0,0,0,1,0,0,0,0,0,0,0,0,0,1,16,1
DRR171632,0,0,0,0,0,0,0,0,0,0,0,0,0,0,0,0,0,0,0,0,0,0,0,0,0,0,0,0,0,0,0,0,0,0,0,0,0,0,0,0,0,0,0,0,0,0,0,0,0,0
DRR171741,1,0,0,0,0,0,0,0,0,0,0,1,0,0,0,0,0,0,0,0,0,0,0,0,0,0,0,0,0,1,0,0,0,0,0,0,0,0,0,0,0,1,0,0,0,0,0,0,4,1
DRR127536,89,55,14,55,16,79,48,9,55,103,21,58,128,22,20,125,38,97,92,66,41,24,28,52,23,34,57,36,37,32,23,32,33,92,53,41,19,29,54,51,36,64,25,87,58,49,35,157,2492,290
DRR171911,0,0,0,0,0,0,0,0,0,0,0,0,0,0,0,0,0,0,0,0,0,0,0,0,0,0,0,0,0,0,0,0,0,0,0,0,0,0,0,0,0,0,0,0,0,0,0,0,0,0
DRR171856,13,1,1,1,2,4,3,3,5,7,3,2,10,1,3,10,2,10,1,6,4,0,3,4,1,7,2,6,4,2,3,13,2,4,3,3,5,0,5,5,6,3,0,4,2,5,2,9,195,3
DRR171703,0,0,0,0,0,0,0,0,0,0,0,0,0,0,0,0,0,0,0,0,0,0,0,0,0,0,0,0,0,0,0,0,0,0,0,0,0,0,0,0,0,0,0,0,0,0,0,0,0,0
DRR127552,0,0,0,0,0,6,0,0,1,0,0,0,70,1,0,7,0,0,0,0,0,0,0,0,0,0,0,0,0,9,6,0,0,0,7,0,0,0,0,26,0,0,0,0,0,7,0,0,140,543
DRR171668,258,155,23,106,50,142,167,20,209,207,19,110,351,42,35,385,87,279,157,165,128,55,60,99,64,74,161,85,99,65,70,87,88,186,89,126,42,68,185,98,94,142,64,246,120,175,130,363,6230,332
DRR171696,0,0,0,0,0,0,0,0,0,0,0,0,0,0,0,0,0,0,0,0,0,0,0,0,0,0,0,0,0,0,0,0,0,0,0,0,0,0,0,0,0,0,0,0,0,0,0,0,0,0
DRR171889,99,62,5,47,16,51,42,4,54,97,15,46,132,5,12,131,32,76,59,74,43,26,16,41,22,19,35,39,30,23,24,35,45,83,39,53,23,27,53,42,19,55,29,84,31,47,35,132,2209,111
DRR127619,0,0,0,0,0,0,0,0,0,0,0,0,0,0,0,0,0,0,0,0,0,0,0,0,0,0,0,0,0,0,0,0,0,0,0,0,0,0,0,0,0,0,0,0,0,0,0,0,0,0
DRR171799,0,0,0,0,0,0,0,0,0,0,0,0,0,0,0,0,0,0,0,0,0,0,0,0,0,0,0,0,0,0,0,0,0,0,0,0,0,0,0,0,0,0,0,0,0,0,0,0,0,0
DRR171995,1,0,0,0,0,0,0,0,0,0,0,1,0,0,0,0,0,0,1,0,0,0,0,0,0,0,0,0,0,0,0,0,0,0,1,0,0,0,0,0,0,0,0,3,2,0,0,3,12,1
DRR171945,0,0,0,0,0,0,0,0,0,0,0,0,0,0,0,0,0,0,0,0,0,0,0,0,0,0,0,0,0,0,0,0,0,0,0,0,0,0,0,0,0,0,0,0,0,0,0,0,0,0
DRR127535,0,0,0,1,0,0,0,0,0,2,0,0,0,0,1,1,0,4,1,1,0,0,0,0,0,1,0,0,0,0,0,0,0,1,0,0,0,0,1,0,1,0,0,1,0,1,0,0,17,1
DRR171489,2,0,0,0,2,0,0,0,0,2,0,1,0,1,0,2,1,0,0,0,2,0,0,0,1,0,1,0,0,0,0,0,1,0,0,2,0,0,0,0,2,1,0,0,1,1,2,1,26,1
DRR171501,176,135,28,90,9,136,123,23,158,184,12,77,280,31,40,315,43,199,169,151,101,47,39,73,42,66,141,67,87,58,43,72,73,161,83,69,58,35,126,88,55,119,45,219,129,119,64,309,4967,343
DRR171819,1,1,0,1,0,0,3,0,5,1,0,0,3,0,0,5,0,3,4,0,0,0,1,0,0,2,1,0,1,0,0,0,0,0,0,1,0,0,1,1,0,0,0,3,1,0,1,2,42,5
DRR127649,0,0,0,1,0,0,0,0,0,0,0,0,0,0,0,0,0,0,1,0,0,0,0,0,0,0,0,0,0,0,0,0,0,0,0,0,0,0,0,0,0,0,0,0,0,0,0,0,2,0
DRR171626,0,0,0,0,0,1,0,0,0,2,0,2,7,1,0,2,0,0,1,0,0,0,0,0,0,1,0,0,1,2,0,4,0,0,0,3,0,2,0,2,0,0,2,3,0,0,2,0,38,37
DRR172016,38,20,6,16,7,14,30,2,29,51,2,16,70,5,3,63,11,39,32,27,21,12,14,20,14,11,16,9,15,14,13,23,9,36,11,18,11,8,17,30,7,17,3,44,19,26,20,73,1012,52
DRR171672,0,0,0,0,0,0,0,0,0,0,0,0,0,0,0,1,0,0,3,2,0,0,1,0,0,0,2,0,0,0,1,1,1,0,0,0,0,0,0,0,0,0,0,0,0,0,0,3,15,0
DRR171631,1,0,0,0,0,0,0,0,0,1,0,0,0,0,0,0,0,0,0,0,0,0,0,0,0,1,0,0,0,0,0,0,0,0,0,0,0,0,1,0,0,0,0,0,0,0,0,0,4,1
DRR171850,119,60,14,66,25,65,62,5,81,91,7,53,191,14,30,167,39,114,97,60,67,30,33,55,19,39,73,41,26,33,29,43,54,92,38,55,39,28,79,47,38,57,42,123,80,65,37,192,2914,146
DRR171613,0,0,0,0,0,0,0,0,0,0,0,0,0,0,0,0,0,0,0,0,0,0,0,0,0,0,0,0,0,0,0,0,0,0,0,0,0,0,0,0,0,0,0,0,0,0,0,0,0,0
DRR171670,170,120,18,79,34,103,108,9,120,163,8,65,237,25,38,276,43,202,160,111,101,32,36,81,30,80,57,46,57,37,26,51,75,164,75,87,45,59,111,80,40,82,34,206,106,104,99,291,4381,224
DRR127789,0,0,0,0,0,0,0,0,0,0,0,0,0,0,0,0,0,0,0,0,0,0,0,0,0,0,0,0,0,0,0,0,0,0,0,0,0,0,0,0,0,0,0,0,0,0,0,0,0,1
DRR127724,0,0,0,0,0,0,0,0,0,0,0,0,0,1,0,0,0,0,0,0,0,0,0,0,0,0,0,0,0,0,0,0,0,0,0,0,0,0,0,0,0,0,0,0,0,0,0,0,1,0
DRR171843,0,0,0,0,0,0,0,0,0,0,0,0,0,0,0,0,0,0,0,0,0,0,0,0,0,0,0,0,0,0,0,0,0,0,0,0,0,0,0,0,0,0,0,0,0,0,0,0,0,0
DRR171756,0,0,0,0,0,0,0,0,0,0,0,0,0,0,0,0,0,0,0,0,0,0,0,0,0,0,0,0,0,0,0,0,0,0,0,0,0,0,0,0,0,0,0,0,0,0,0,0,0,0
DRR171549,2,3,0,2,1,1,3,0,0,4,0,1,4,0,0,3,1,3,11,2,2,1,0,2,1,2,1,3,2,0,0,1,3,3,2,3,3,2,2,0,0,2,0,6,3,3,8,7,103,3
DRR171662,0,0,0,0,0,0,0,0,0,0,0,0,0,0,0,0,0,0,0,0,0,0,0,0,0,0,0,0,0,0,0,0,0,0,0,0,0,0,0,0,0,0,0,0,0,0,0,0,0,0
DRR171962,0,0,0,0,0,0,0,0,0,0,0,0,0,0,0,0,0,0,0,0,0,0,0,0,0,0,0,0,0,0,0,0,0,0,0,0,0,0,0,0,0,0,0,0,0,0,0,0,0,0
DRR171654,0,32,0,0,0,8,40,0,1,0,0,0,140,0,0,17,0,0,0,0,8,24,0,0,0,0,0,0,0,9,3,0,0,0,4,0,0,0,0,40,0,0,1,0,9,7,25,0,368,995
DRR171817,1,2,0,0,1,1,5,1,2,5,1,2,3,0,0,5,1,3,1,0,1,2,0,2,1,2,6,0,1,1,3,2,1,3,1,0,1,1,1,1,1,0,0,3,0,2,4,2,76,0
DRR171725,0,0,0,0,0,0,0,0,1,0,0,0,0,0,0,0,1,5,0,1,0,0,0,0,0,1,0,0,0,0,0,0,0,0,0,0,0,0,0,0,1,0,0,0,1,0,0,0,11,1
DRR171701,3,1,0,0,0,0,1,0,0,0,1,1,6,0,0,1,0,1,3,1,0,0,0,0,1,1,0,0,1,1,0,0,0,2,0,0,0,2,0,0,0,1,0,0,4,2,2,2,38,1
DRR171461,0,1,0,0,0,0,0,0,0,0,0,0,0,0,0,0,0,0,0,0,0,0,0,0,0,0,0,0,0,0,0,0,0,0,0,0,0,0,0,0,0,0,0,0,0,0,0,0,1,0
DRR171621,0,0,0,0,0,0,0,0,0,0,0,0,0,0,0,0,0,0,0,0,0,0,0,0,0,0,0,0,0,0,0,0,0,0,0,0,0,0,0,0,0,0,0,0,0,0,0,0,0,0
DRR127532,0,0,0,0,0,0,0,0,0,0,0,0,0,0,0,0,0,0,0,0,0,0,0,0,0,0,0,0,0,0,0,0,0,0,0,0,0,0,0,0,0,0,0,0,0,0,0,0,0,0
DRR171647,10,9,2,8,2,8,4,2,14,18,1,10,34,1,3,34,3,9,8,10,8,2,6,5,12,3,4,4,15,1,9,4,4,11,5,12,9,4,15,9,5,6,5,13,4,8,2,22,397,37
DRR127617,3,4,0,6,0,2,4,0,6,5,0,1,2,1,0,12,0,6,7,5,4,2,0,2,1,1,0,1,0,1,2,2,0,4,0,1,0,1,3,4,1,3,1,4,1,3,3,4,113,4
DRR127507,361,276,37,231,62,222,232,27,309,415,55,215,621,68,80,520,126,358,286,256,227,113,97,199,80,146,360,158,168,129,96,127,147,359,155,194,88,136,299,145,158,239,101,466,189,202,165,589,10289,742
DRR171829,1341,1043,138,659,75,790,660,88,894,1382,122,790,2349,166,247,2029,476,1494,1231,925,707,350,347,613,285,514,1156,445,651,449,332,514,551,1217,527,994,347,424,1095,677,415,793,409,1651,618,764,640,2023,36407,1944
DRR171804,61,44,7,40,9,36,33,7,36,55,8,54,103,10,9,81,23,61,63,50,35,19,9,28,21,24,60,17,33,23,17,26,30,65,32,54,15,26,57,31,21,40,21,78,27,51,24,78,1752,102
DRR171712,80,45,8,16,10,40,31,5,31,39,2,30,95,12,11,72,21,45,50,43,21,12,11,27,4,20,37,15,26,10,12,20,29,42,32,16,16,16,41,23,20,23,10,63,35,32,28,62,1389,106
DRR171994,0,0,0,0,0,0,0,0,0,0,0,0,0,0,0,0,0,0,0,0,0,0,0,0,0,0,0,0,0,0,0,0,0,0,0,0,0,0,0,0,0,0,0,0,0,0,0,0,0,0
DRR171875,707,469,95,299,0,392,432,52,485,764,75,452,1176,91,135,857,227,701,693,439,394,198,176,292,161,294,304,229,326,170,137,279,318,626,277,443,219,230,587,358,224,399,195,895,363,444,334,1057,18470,894
DRR171983,0,0,0,0,0,0,0,0,0,0,0,0,0,0,0,0,0,0,0,0,0,0,0,0,0,0,0,0,0,0,0,0,0,0,0,0,0,0,0,0,0,0,0,0,0,0,0,0,0,0
DRR171914,0,0,0,0,0,0,0,0,0,0,0,0,0,0,0,0,0,0,0,0,0,0,0,0,0,0,0,0,0,0,0,0,0,0,0,0,0,0,0,0,0,0,0,0,0,0,0,0,0,0
DRR171904,7,7,5,7,0,6,4,0,7,5,1,3,11,0,4,21,0,10,11,7,7,2,1,2,5,8,4,2,2,2,3,7,0,10,4,2,0,0,5,9,4,10,1,7,9,7,5,8,242,14
DRR171929,43,31,5,18,0,16,21,4,29,15,7,7,48,3,9,41,11,33,28,21,12,18,5,16,12,9,28,17,14,8,12,9,7,43,21,0,6,0,21,16,11,17,4,28,13,11,12,35,795,70
DRR171505,0,0,0,0,0,0,0,0,0,0,0,0,0,0,0,0,0,0,0,0,0,0,0,0,0,0,0,0,0,0,0,0,0,0,0,0,0,0,0,0,0,0,0,0,0,0,0,0,0,0
DRR171636,67,41,8,35,6,63,35,7,38,61,4,42,110,6,11,98,27,89,66,53,31,16,18,37,19,25,61,28,33,26,17,31,43,45,21,54,24,22,64,39,23,43,23,113,46,61,32,99,1961,102
DRR171764,0,0,0,0,0,0,0,0,0,0,0,0,0,0,0,0,0,0,0,0,0,0,0,0,0,0,0,0,0,0,0,0,0,0,0,0,0,0,0,0,0,0,0,0,0,0,0,0,0,0
DRR171806,358,257,30,187,11,215,225,24,276,415,12,228,560,40,68,571,131,398,340,269,191,97,98,198,85,170,308,138,153,107,89,139,181,357,153,242,106,93,267,164,118,221,90,438,166,266,164,562,9976,367
DRR171813,24,23,6,17,4,15,20,1,18,35,6,20,30,5,7,34,8,33,29,16,17,9,4,11,6,13,18,11,15,9,7,12,14,23,11,17,7,6,18,21,14,9,5,26,12,14,13,35,728,32
DRR171978,8,7,4,7,0,8,6,2,9,9,3,4,18,2,2,20,7,13,9,6,11,4,1,8,4,5,14,2,7,1,9,1,2,16,7,1,6,1,11,4,0,8,2,22,9,9,6,22,337,36
DRR171615,0,0,0,0,0,0,0,0,0,0,0,0,0,0,0,0,0,0,0,0,0,0,0,0,0,0,0,0,0,0,0,0,0,0,0,0,0,0,0,0,0,0,0,0,0,0,0,0,0,0
DRR171548,0,0,0,0,0,0,0,0,0,0,0,0,0,0,0,0,0,0,0,0,0,0,0,0,0,0,0,0,0,0,0,0,0,0,0,0,0,0,0,0,0,0,0,0,0,0,0,0,0,0
DRR171605,1,3,3,3,1,1,4,0,1,6,0,2,5,0,1,2,1,7,5,2,1,1,3,4,1,3,1,2,1,1,0,1,3,4,0,5,1,0,2,1,1,1,2,4,1,5,1,7,105,5
DRR171534,7,11,0,6,2,12,13,0,8,6,2,7,28,2,4,29,6,14,7,8,9,1,2,6,5,7,3,1,7,1,3,6,7,23,6,10,2,6,13,4,5,5,0,11,10,4,7,16,352,18
DRR171885,0,0,0,0,0,0,0,0,0,0,0,0,0,0,0,0,0,0,0,0,0,0,0,0,0,0,0,0,0,0,0,0,0,0,0,0,0,0,0,0,0,0,0,0,0,0,0,0,0,0
DRR171692,8,10,4,7,0,6,3,0,7,5,2,1,8,1,2,16,7,12,7,5,6,3,4,3,2,4,6,4,3,2,4,7,2,14,6,8,2,0,4,2,4,3,3,8,7,6,5,15,248,12
DRR171582,0,0,0,0,0,0,0,0,0,0,0,0,0,0,0,0,0,0,0,0,0,0,0,0,0,0,0,0,0,0,0,0,0,0,0,0,0,0,0,0,0,0,0,0,0,0,0,0,0,0
DRR171643,22,21,0,10,4,14,14,0,23,22,6,20,45,1,3,30,13,21,25,17,12,4,5,12,4,6,30,12,14,14,5,7,8,15,10,11,5,6,19,13,9,18,13,23,9,12,9,28,644,67
DRR127751,0,1,0,1,0,1,1,0,1,1,0,1,3,0,1,4,1,1,1,2,0,0,0,4,0,0,1,0,0,0,0,0,0,0,0,1,0,1,0,1,0,0,0,1,0,2,0,1,32,2
DRR171859,35,31,6,24,4,28,12,3,24,28,2,27,42,6,5,42,3,38,41,17,10,11,11,15,5,12,25,8,8,10,3,13,9,15,8,21,11,7,17,11,8,15,7,27,19,22,24,48,818,29
DRR171845,0,0,0,0,0,0,0,0,0,0,0,0,0,0,0,0,0,0,0,0,0,0,0,0,0,0,0,0,0,0,0,0,0,0,0,0,0,0,0,0,0,0,0,0,0,0,0,0,0,0
DRR171842,80,53,8,50,3,39,62,7,42,95,7,50,91,7,14,107,28,90,49,54,46,14,17,34,19,38,43,24,21,19,27,32,29,74,37,42,24,27,59,40,24,38,19,86,36,41,42,123,2011,72
DRR171872,0,0,0,0,0,0,0,0,0,0,0,0,0,0,0,0,0,0,0,0,0,0,0,0,0,0,0,0,0,0,0,0,0,0,0,0,0,0,0,0,0,0,0,0,0,0,0,0,0,0
DRR127777,3,1,0,2,1,1,2,0,3,3,0,6,5,0,0,4,0,3,2,2,0,0,0,1,3,1,3,1,3,1,0,0,2,3,0,3,0,0,6,1,0,6,0,2,0,1,4,5,84,7
DRR171611,0,0,0,0,0,0,0,0,0,0,0,0,0,0,0,0,0,0,0,0,0,0,0,0,0,0,0,0,0,0,0,0,0,0,0,0,0,0,0,0,0,0,0,0,0,0,0,0,0,0
DRR171826,0,0,0,0,0,0,0,0,0,0,0,0,0,0,0,0,0,0,0,0,0,0,0,0,0,0,0,0,0,0,0,0,0,0,0,0,0,0,0,0,0,0,0,0,0,0,0,0,0,0
DRR171913,0,0,0,0,0,0,0,0,0,0,0,0,0,0,0,0,0,0,0,0,0,0,0,0,0,0,0,0,0,0,0,0,0,0,0,0,0,0,0,0,0,0,0,0,0,0,0,0,0,0
DRR172014,0,0,0,0,0,0,0,0,0,0,0,0,0,0,0,0,0,0,0,0,0,0,0,0,1,0,0,0,0,0,0,0,0,0,0,0,0,0,0,0,0,0,0,0,0,0,0,0,1,0
DRR171622,0,0,0,0,0,0,0,0,0,0,0,0,0,0,0,0,0,0,0,0,0,0,0,0,0,0,0,0,0,0,0,0,0,0,0,0,0,0,0,0,0,0,0,0,0,0,0,0,0,0
DRR171675,2,0,0,0,0,0,0,0,0,0,0,0,0,0,0,2,0,0,0,1,0,0,0,0,1,0,0,1,0,0,0,1,0,0,0,1,0,2,0,0,0,2,0,0,0,0,0,1,14,0
DRR171718,0,0,0,0,0,0,0,0,0,0,0,0,0,0,0,0,0,0,0,0,0,0,0,0,0,0,0,0,0,0,0,0,0,0,0,0,0,0,0,0,0,0,0,0,0,0,0,0,0,0
DRR171815,0,0,0,0,1,0,0,0,0,0,0,0,0,0,0,0,0,0,0,0,0,0,0,0,0,0,0,0,0,0,0,0,0,0,0,0,0,0,0,0,0,0,0,0,0,0,0,0,1,0
DRR171851,44,8,2,9,2,12,9,0,14,22,4,14,37,0,4,26,7,18,24,10,8,1,5,6,4,6,4,9,3,5,4,15,10,25,17,13,3,15,14,11,3,5,8,21,4,15,4,37,541,26
DRR171963,0,0,0,0,0,0,0,0,0,0,0,0,0,0,0,0,0,0,0,0,0,1,0,0,0,0,0,0,0,0,0,0,0,0,0,0,0,0,0,0,0,0,0,0,0,0,0,0,1,0
DRR171895,0,0,0,0,0,0,0,0,0,0,0,0,0,0,0,0,0,0,0,0,0,0,0,0,0,0,0,0,0,1,0,0,0,0,0,0,0,0,0,0,0,0,0,0,0,0,0,0,1,0
DRR171685,75,49,4,37,5,29,65,2,39,63,8,48,137,14,10,114,24,97,67,58,48,22,18,32,8,28,56,24,40,17,17,26,29,63,31,59,15,31,48,19,31,44,21,95,49,52,37,127,2032,99
DRR171535,1,1,0,0,1,1,1,0,0,2,0,1,4,0,0,1,0,1,1,1,0,0,0,0,0,1,0,0,0,0,0,0,1,2,0,0,0,1,0,1,0,1,0,1,0,1,0,3,28,0
DRR171552,0,0,0,0,0,2,0,0,0,0,0,0,14,0,0,1,0,0,0,0,0,0,0,0,0,0,0,0,0,5,0,0,0,0,7,0,0,0,0,3,0,0,0,0,0,1,0,0,33,91
DRR171766,8,2,0,3,2,2,1,1,4,6,0,3,10,2,0,3,1,13,9,6,0,2,0,3,1,2,3,0,0,8,2,3,0,4,3,0,3,0,6,1,3,3,2,5,5,3,2,1,141,12
DRR171775,425,303,50,260,64,283,261,31,303,467,88,204,608,108,98,631,144,473,302,270,250,121,126,234,133,185,343,169,168,168,131,145,168,358,197,177,133,121,327,186,172,309,106,408,279,237,209,644,11577,1211
DRR171854,0,13,1,12,1,14,11,0,6,9,0,10,32,3,0,16,5,16,18,6,6,5,4,8,2,6,10,3,4,4,1,4,4,6,4,7,6,8,10,3,6,13,3,25,10,9,6,11,361,19
DRR171709,55,13,1,22,0,23,3,25,1,36,0,1,56,11,12,68,53,16,21,58,57,8,43,22,3,38,29,58,24,0,0,3,0,37,28,7,0,21,5,24,14,1,12,16,16,9,0,40,990,30
DRR171922,0,0,0,0,0,0,0,0,0,0,0,0,0,0,0,0,0,1,0,1,0,0,0,0,0,0,0,0,0,0,0,0,0,0,0,0,0,0,0,0,0,0,0,0,0,0,0,0,2,0
DRR171574,0,0,0,2,0,0,0,0,0,0,0,0,0,0,0,1,0,0,0,0,1,0,0,0,0,0,0,0,0,0,0,0,0,0,0,0,0,0,0,0,0,0,0,0,0,0,0,2,6,0
DRR171538,0,0,0,0,0,0,0,0,0,0,0,0,0,0,0,0,0,0,0,1,0,0,0,0,0,0,1,0,0,0,0,0,0,0,0,0,0,0,0,0,0,0,0,1,0,1,0,0,4,1
DRR127767,0,0,0,0,0,0,3,0,1,0,0,1,2,0,0,2,0,2,0,0,0,0,0,0,0,2,1,3,0,0,0,0,0,3,0,1,2,1,5,0,1,0,0,0,1,0,1,2,34,10
DRR171473,212,151,27,139,36,131,150,18,143,253,54,91,331,36,53,320,82,259,192,147,83,76,87,107,57,90,194,57,94,89,63,87,85,215,118,109,73,108,170,115,94,159,69,255,125,123,98,298,6123,711
DRR171524,34,13,3,13,8,15,23,3,22,39,3,19,31,3,4,44,8,28,24,14,17,7,12,15,8,8,7,8,7,8,6,10,11,18,14,10,4,5,18,13,10,17,11,37,15,19,10,40,716,33
DRR171905,20,15,1,3,0,10,19,1,27,14,1,6,32,2,2,31,9,28,15,14,13,6,6,6,1,12,7,6,4,7,8,11,6,19,7,12,8,6,13,12,7,10,5,23,14,8,9,25,521,27
DRR171781,12,2,2,13,0,3,10,0,7,14,3,4,19,4,0,20,3,21,2,10,10,4,4,6,0,9,12,6,3,8,5,4,4,3,4,3,1,1,18,16,4,10,2,11,13,5,8,22,345,52
DRR171586,0,0,0,0,0,0,0,0,0,0,0,0,0,0,0,0,0,0,0,0,0,0,0,0,0,0,0,0,0,0,0,0,0,0,0,0,0,0,0,0,0,0,0,0,0,0,0,0,0,0
DRR171702,0,0,0,0,0,0,0,0,0,0,0,0,0,0,0,0,0,0,0,0,0,0,0,0,0,0,0,0,0,0,0,0,0,0,0,0,0,0,0,0,0,0,0,0,0,0,0,0,0,0
DRR171665,0,0,0,0,0,0,0,0,0,0,0,0,0,0,0,0,0,0,0,0,0,0,0,0,0,0,0,0,0,0,0,0,0,0,0,0,0,0,0,0,0,0,0,0,0,0,0,0,0,1
DRR127692,5,3,0,0,1,0,0,0,1,1,0,3,3,0,0,5,0,0,3,1,2,2,0,0,1,2,0,0,0,0,1,2,5,0,2,1,0,4,2,2,1,1,0,2,0,0,0,0,56,1
DRR171721,0,0,0,0,0,0,0,0,0,0,0,0,0,0,0,0,0,0,0,0,0,0,0,0,0,0,0,0,0,0,0,0,0,0,0,0,0,0,0,0,0,0,0,0,0,0,0,0,0,0
DRR171687,193,92,0,29,0,102,54,0,87,116,0,196,166,0,7,106,79,202,117,0,83,0,0,56,0,133,86,28,84,27,12,120,109,108,0,37,40,66,12,4,0,30,0,80,35,37,68,59,2860,243
DRR171684,0,0,0,0,0,5,0,0,2,0,0,0,80,0,0,4,0,0,0,0,0,0,0,0,0,0,0,0,0,4,0,0,0,0,8,0,0,0,0,37,0,0,0,0,0,1,0,0,141,581
DRR171950,67,64,7,43,13,34,34,5,46,57,7,33,105,18,8,92,23,76,57,46,38,15,17,28,14,34,49,20,30,26,23,26,25,71,22,29,16,23,45,17,30,45,17,90,35,42,44,97,1803,185
DRR171988,0,0,0,0,0,0,0,0,0,0,0,0,0,0,0,0,0,0,0,0,0,0,0,0,0,0,0,0,0,0,0,0,0,0,0,0,0,0,0,0,0,0,0,0,0,0,0,0,0,2
DRR171896,10,9,0,7,4,5,3,2,9,15,0,10,11,5,3,18,6,15,13,15,6,4,2,2,4,3,7,2,3,3,2,8,6,14,3,8,4,3,9,2,5,9,2,16,7,3,2,27,326,17
DRR171862,0,0,0,0,0,0,0,0,0,0,0,0,0,0,0,0,0,0,0,0,0,0,0,0,0,0,0,0,0,0,0,0,0,0,0,0,0,0,0,0,0,0,0,0,0,0,0,0,0,0
DRR172002,0,0,0,0,0,0,0,0,1,0,0,0,1,0,0,1,0,1,0,0,0,0,1,0,0,1,1,0,0,0,1,1,0,1,0,0,0,0,0,0,0,1,0,4,0,0,1,1,17,1
DRR127756,615,479,99,385,121,408,367,62,373,574,116,348,1042,135,163,883,227,672,414,452,357,223,198,283,130,261,599,282,268,191,176,308,263,561,278,346,149,236,544,255,231,416,179,782,403,346,324,815,17339,1692
DRR127597,0,0,0,0,0,0,0,0,0,0,0,0,0,0,0,0,0,0,0,0,0,0,0,0,0,0,0,0,0,0,0,0,0,0,0,0,0,0,0,0,0,0,0,0,0,0,0,0,0,0
DRR171694,51,38,6,27,12,28,37,6,31,49,4,36,119,7,8,102,22,66,38,28,23,15,8,29,10,26,50,19,22,9,13,28,14,54,30,43,14,18,50,37,13,30,18,72,16,24,32,80,1512,55
DRR171459,300,240,32,146,21,165,209,14,183,311,16,175,534,30,72,498,82,336,269,181,188,88,69,133,77,96,118,93,118,88,57,120,150,310,99,176,61,86,226,95,94,148,99,344,141,189,104,490,7871,387
DRR171517,0,0,0,0,0,0,0,0,0,0,0,0,0,0,0,0,0,0,0,0,0,0,0,0,0,0,0,0,0,0,0,0,0,0,0,0,0,0,0,0,0,0,0,0,0,0,0,0,0,0
DRR171938,0,0,0,0,0,0,0,0,0,0,0,0,0,0,0,0,0,0,0,0,0,0,0,0,0,0,0,0,0,0,0,0,0,0,0,0,0,0,0,0,0,0,0,0,0,0,0,0,0,0
DRR171744,32,42,8,28,4,26,22,2,40,48,8,19,66,12,12,81,22,56,22,36,16,14,4,22,8,12,46,15,21,28,14,20,26,35,31,18,13,21,35,16,23,46,11,64,28,31,28,48,1280,127
DRR171848,87,60,5,37,4,34,56,4,46,49,8,26,136,4,18,117,11,54,74,31,37,21,20,33,11,27,38,40,25,19,18,16,38,51,28,34,35,18,45,31,17,53,15,78,43,42,39,100,1833,84
DRR127481,0,0,0,0,0,0,0,0,0,0,0,0,0,0,0,0,0,0,0,0,0,0,0,0,0,0,0,0,0,0,0,0,0,0,0,0,0,0,0,0,0,0,0,0,0,0,0,0,0,1
DRR171793,0,0,0,0,0,0,0,0,0,0,0,0,0,0,0,0,0,0,0,0,0,0,0,0,0,0,0,0,0,0,0,0,0,0,0,0,0,0,0,0,0,0,0,0,0,0,0,0,0,0
DRR171727,71,53,5,39,9,47,34,4,37,80,5,30,100,10,8,79,24,68,41,47,40,16,24,38,14,17,45,15,22,24,18,31,18,61,34,38,30,23,37,30,13,61,14,84,30,43,27,83,1721,115
DRR171465,0,0,0,0,0,0,0,0,0,0,0,0,0,0,0,1,0,0,0,0,0,0,0,0,0,0,0,0,0,0,0,0,0,0,0,0,0,0,0,0,0,0,0,0,0,0,0,1,2,0
DRR127559,0,0,0,0,0,0,0,0,0,0,0,0,0,0,0,0,0,0,0,0,0,0,0,0,0,0,0,0,0,0,0,0,0,0,0,0,0,0,0,0,0,0,0,0,0,0,0,0,0,0
DRR171651,0,0,0,0,0,0,0,0,0,0,0,0,0,0,0,0,0,0,0,0,0,0,0,0,0,0,0,0,0,0,0,0,0,0,0,0,0,0,0,0,0,0,0,0,0,0,0,0,0,0
DRR171522,0,0,0,2,0,0,0,0,1,0,0,0,0,0,0,0,0,0,1,0,0,0,0,0,0,0,0,0,0,0,0,0,0,0,0,0,0,0,0,0,0,0,0,0,0,0,0,0,4,0
DRR172011,0,1,0,0,0,0,0,0,0,0,0,0,0,0,0,0,0,0,0,0,0,0,0,0,0,0,0,0,0,0,0,0,0,0,0,0,0,0,0,0,0,0,0,0,0,0,0,0,1,0
DRR171540,0,0,0,0,0,0,0,0,0,0,0,0,0,0,0,0,1,0,0,0,0,0,0,0,0,0,0,0,0,0,0,0,0,0,2,0,0,0,0,8,0,0,0,0,0,0,0,0,11,0
DRR171679,0,0,0,0,0,0,0,0,0,0,0,0,0,0,0,0,0,0,0,0,0,0,0,0,0,0,0,0,0,0,0,0,0,0,0,0,0,0,0,0,0,0,0,0,0,0,0,0,0,0
DRR127596,0,0,0,0,0,0,0,0,0,0,0,0,0,0,0,0,0,0,0,0,0,0,0,0,0,0,0,0,0,0,0,0,0,0,0,0,0,0,0,0,0,0,0,0,0,0,0,0,0,0
DRR171958,0,0,0,0,0,0,0,0,0,0,0,0,0,0,0,0,0,0,0,0,0,0,0,0,0,0,0,0,0,0,0,0,0,0,0,0,0,0,0,0,0,0,0,0,0,0,0,0,0,0
DRR171757,0,0,0,0,0,0,0,0,0,0,0,0,0,0,0,0,0,0,0,0,0,0,0,0,0,0,0,0,0,0,0,0,0,0,0,0,0,0,0,0,0,0,0,0,0,0,0,0,0,0
DRR171782,0,0,0,0,0,0,0,0,0,0,0,0,0,0,0,0,0,0,0,0,0,0,0,0,0,0,0,0,0,0,0,0,0,0,0,0,0,0,0,0,0,0,0,0,0,0,0,0,0,0
DRR171640,15,7,1,14,0,13,16,0,6,14,3,9,21,6,1,19,5,15,6,1,6,6,5,8,1,7,6,4,6,4,4,6,10,13,3,12,4,4,7,8,7,8,3,18,4,8,6,24,374,35
DRR171529,0,0,0,0,0,0,0,0,0,0,0,0,0,0,0,0,0,0,0,0,0,0,0,0,0,0,0,0,0,0,0,0,0,0,0,0,0,0,0,0,0,0,0,0,0,0,0,0,0,0
DRR171594,0,0,0,0,0,0,0,0,0,0,0,0,0,0,0,0,0,0,0,0,0,0,0,0,0,0,0,0,0,0,0,0,0,0,0,0,0,0,0,0,0,0,0,0,0,0,0,0,0,0
DRR171803,68,46,9,19,11,27,35,9,41,54,5,23,92,9,23,93,13,56,46,34,28,13,10,16,16,24,22,18,22,17,14,21,19,62,18,22,18,20,41,16,18,16,27,62,27,43,32,78,1453,60
DRR171562,0,0,0,0,0,0,0,0,0,0,0,0,0,0,0,0,0,0,0,0,0,0,0,0,0,0,0,0,0,0,0,0,0,0,0,0,0,0,0,0,0,0,0,0,0,0,0,0,0,0
DRR171511,154,144,14,111,7,99,107,11,125,209,17,99,228,13,37,269,58,186,168,129,106,43,54,84,43,58,124,82,58,50,41,64,75,164,61,70,34,34,111,72,51,103,20,208,66,106,59,233,4459,265
DRR171486,15,9,3,4,0,12,3,0,7,20,0,4,17,4,5,17,5,8,11,2,2,2,5,3,1,1,12,4,1,0,3,4,3,12,2,3,2,3,9,5,1,11,4,16,7,10,4,17,293,24
DRR171777,93,66,13,53,8,72,72,7,71,106,15,47,109,18,17,152,33,91,77,75,63,38,33,64,32,31,80,40,43,36,32,35,44,98,56,56,32,29,74,44,47,72,18,86,57,41,47,175,2698,242
DRR171487,0,0,0,0,0,0,0,0,0,0,0,0,0,0,0,0,0,0,0,0,0,0,0,0,0,0,0,0,0,0,0,0,0,0,0,0,0,0,0,0,0,0,0,0,0,0,0,0,0,0
DRR127557,2,1,0,4,0,1,1,0,4,1,0,0,6,0,0,2,1,6,5,4,0,0,0,1,2,1,1,1,1,1,0,5,3,2,0,1,0,2,0,4,1,1,0,3,1,2,0,3,74,5
DRR171846,7,3,0,3,0,2,4,0,2,3,1,1,11,3,6,10,1,10,4,3,1,2,0,2,3,4,1,3,4,3,1,1,5,5,2,9,1,1,5,5,1,6,0,10,3,3,1,11,167,7
DRR171646,0,0,0,0,0,0,0,0,0,0,0,0,0,0,0,0,0,0,0,0,0,0,0,0,0,0,0,0,0,0,0,0,0,0,0,0,0,0,0,0,0,0,0,0,0,0,0,0,0,0
DRR171864,0,0,0,0,0,0,0,0,0,0,0,0,0,0,0,0,0,0,0,0,0,0,0,0,0,0,0,0,0,0,0,0,0,0,0,0,0,0,0,0,0,0,0,0,0,0,0,0,0,0
DRR171521,0,0,0,0,0,0,0,0,0,0,0,0,0,0,0,0,0,0,0,0,0,0,0,0,0,0,0,0,0,0,0,0,0,0,0,0,0,0,0,0,0,0,0,0,0,0,0,0,0,0
DRR171470,0,0,0,0,0,0,0,0,0,1,0,0,0,0,0,0,0,0,0,0,0,0,0,0,0,0,0,0,0,0,0,0,0,0,0,0,0,0,0,0,0,0,0,0,0,0,0,0,1,1
DRR171603,0,0,0,0,0,0,0,0,0,0,0,0,0,0,0,0,0,0,0,0,0,0,0,0,0,0,0,0,0,0,0,0,0,0,0,0,0,0,0,0,0,0,0,0,0,0,0,0,0,0
DRR171876,2,1,0,0,0,0,0,0,0,0,0,0,1,0,0,1,0,0,0,1,1,1,0,0,0,0,0,1,0,0,0,0,0,0,0,0,1,0,0,0,0,0,0,0,0,0,0,0,10,1
DRR171480,509,288,73,227,59,334,346,38,344,506,52,245,1051,71,96,807,151,612,528,375,313,117,112,210,99,199,235,142,260,106,91,190,188,477,201,341,134,214,430,219,139,262,128,597,267,324,264,791,13762,1180
DRR171618,0,0,0,0,0,0,0,0,0,0,0,0,0,0,0,0,0,0,0,0,0,0,0,0,0,0,0,0,0,0,0,0,0,0,0,0,0,0,0,0,0,0,0,0,0,0,0,0,0,0
DRR172012,19,22,2,13,1,17,13,3,14,37,1,17,24,3,8,56,11,33,20,15,23,3,11,12,6,13,18,9,11,12,6,14,5,38,9,15,12,3,17,18,5,15,6,34,15,21,12,42,734,38
DRR171977,7,3,1,4,2,4,4,0,1,8,1,0,6,1,3,20,1,5,2,4,9,2,1,1,1,3,4,1,0,5,0,4,1,7,2,5,1,3,2,2,5,2,1,2,4,1,3,6,155,11
DRR172000,574,686,60,534,28,424,486,59,450,885,39,568,876,50,172,1206,234,856,833,714,502,236,250,333,182,215,307,274,302,232,200,331,328,804,318,304,252,102,316,375,208,498,58,914,248,520,308,945,19596,1309
DRR171714,4,3,0,1,0,4,8,0,1,5,0,0,4,2,0,4,0,5,5,4,1,0,1,2,0,3,0,2,2,2,1,1,2,3,0,1,3,0,2,2,0,4,2,5,0,5,1,11,106,8
DRR171708,3,3,0,3,1,2,1,0,1,7,2,0,6,0,0,4,1,4,0,1,1,0,0,1,0,0,1,0,4,1,1,1,1,4,1,3,0,3,4,0,2,3,1,1,2,3,0,1,78,4
DRR171825,0,0,0,0,0,0,0,0,0,0,0,0,0,0,0,0,0,0,0,0,0,0,0,0,0,0,0,0,0,0,0,0,0,0,0,0,0,0,0,0,0,0,0,0,0,0,0,0,0,0
DRR171849,0,0,0,0,0,0,0,0,0,0,0,0,0,0,0,0,0,0,0,0,0,0,0,0,0,0,0,0,0,0,0,0,0,0,0,1,0,0,0,0,0,0,0,0,0,0,0,0,1,0
DRR171754,42,12,2,16,0,26,14,2,23,36,10,22,54,7,5,62,11,30,23,24,21,7,11,15,10,8,28,10,16,6,11,10,10,19,12,13,14,7,11,17,9,25,12,36,29,22,12,73,895,106
DRR171697,0,0,0,0,0,0,0,0,0,0,0,0,0,0,0,0,0,0,0,0,0,0,0,0,0,0,0,0,0,0,0,0,0,0,0,0,0,0,0,0,0,0,0,0,0,0,0,0,0,0
DRR171750,0,0,0,0,0,0,0,0,0,0,0,0,0,0,0,0,0,0,0,0,0,0,0,0,0,0,0,0,0,0,0,0,0,0,0,0,0,0,0,0,0,0,0,0,0,0,0,0,0,1
DRR171752,0,0,0,0,0,0,0,0,0,0,0,0,0,0,0,0,0,0,0,0,0,0,0,0,0,0,0,0,0,0,0,0,0,0,0,0,0,0,0,0,0,0,0,0,0,0,0,0,0,0
DRR171557,0,1,0,0,0,0,0,0,0,0,0,0,0,0,1,0,0,0,0,1,0,0,0,0,0,0,0,0,0,0,0,0,0,0,0,0,0,1,0,0,0,0,0,2,0,0,0,0,6,0
DRR172008,0,13,0,0,0,6,17,0,0,0,0,0,66,0,0,1,0,0,0,0,3,6,0,0,0,0,0,0,0,5,4,0,0,0,5,32,0,6,0,29,0,0,0,0,0,5,15,0,213,467
DRR127478,0,0,0,0,0,0,0,0,0,0,0,0,0,0,0,0,0,0,0,0,0,0,0,0,0,0,0,0,0,0,0,0,0,0,0,0,0,0,0,0,0,0,0,0,0,0,0,0,0,0
DRR171919,0,0,0,0,0,0,0,0,0,0,0,0,0,0,0,0,0,0,0,0,0,0,0,0,0,0,0,0,0,0,0,0,0,0,0,0,0,0,0,0,0,0,0,0,0,0,0,0,0,0
DRR171585,4,5,2,3,0,4,2,0,6,8,0,6,15,0,4,6,2,9,11,9,3,1,1,1,3,1,6,2,5,3,3,1,8,10,0,4,2,1,2,8,3,11,0,14,0,4,4,8,205,17
DRR172005,4,6,0,0,0,2,3,0,4,10,2,2,9,1,1,6,3,5,7,5,3,2,1,1,1,0,7,2,1,1,0,4,2,9,2,5,5,1,8,7,0,9,1,17,4,3,1,9,176,11
DRR171853,0,0,0,0,0,0,0,0,0,0,0,0,0,0,0,0,0,0,0,0,0,0,0,0,0,0,0,0,0,0,0,0,0,0,0,0,0,0,0,0,0,0,0,0,0,0,0,0,0,0
DRR171589,0,0,0,0,0,0,0,0,0,0,0,0,0,0,0,0,0,0,0,0,0,0,0,0,0,0,0,0,0,0,0,0,0,0,0,0,0,0,0,0,0,0,0,0,0,0,0,0,0,0
DRR171821,0,0,0,1,0,0,0,1,0,0,0,0,0,0,0,1,1,0,1,1,2,0,0,1,0,0,0,0,0,0,0,0,2,0,0,0,0,0,0,0,0,0,0,0,0,0,0,1,12,0
DRR171713,255,177,25,125,15,149,165,18,169,224,30,149,403,39,62,391,83,254,234,161,155,68,52,96,51,95,101,72,106,86,59,95,97,242,99,146,70,67,184,101,74,127,59,268,158,141,108,389,6494,523
DRR171935,0,0,0,0,0,0,0,0,0,0,0,0,1,0,0,0,0,0,0,0,0,0,0,0,0,0,0,0,0,0,1,0,0,0,0,0,0,0,0,0,0,0,0,0,0,0,1,0,3,1
DRR171530,0,0,0,0,0,0,0,0,0,0,0,0,0,0,0,0,0,0,0,0,0,0,0,0,0,0,0,0,0,0,0,0,0,0,0,0,0,0,0,0,0,0,0,0,0,0,0,0,0,0
DRR127509,2,0,0,0,0,1,0,0,0,0,0,0,0,0,0,0,0,2,0,0,0,0,1,0,0,0,0,0,0,0,0,0,0,0,0,0,0,1,0,0,0,0,0,0,1,1,0,3,12,3
DRR171704,0,0,0,0,0,0,0,0,0,0,0,0,0,0,0,0,0,0,0,0,0,0,0,0,0,0,0,0,0,0,0,0,0,0,0,0,0,0,0,0,0,0,0,0,0,0,0,0,0,0
DRR171516,0,0,0,0,0,0,0,0,0,0,0,0,0,0,0,0,0,0,0,0,0,0,0,0,0,0,0,0,0,0,0,0,0,0,0,0,0,0,0,0,0,0,0,0,0,0,0,0,0,0
DRR127519,0,0,0,0,0,0,0,0,0,0,0,0,0,0,0,0,0,0,0,0,0,0,0,0,0,0,0,0,0,0,0,0,0,0,0,0,0,0,0,0,0,0,0,0,0,0,0,0,0,0
DRR171575,0,0,0,0,0,0,0,0,0,0,0,0,0,0,0,0,0,0,0,0,0,0,0,0,0,0,0,0,0,0,0,0,0,0,0,0,0,0,0,0,0,0,0,0,0,0,0,0,0,0
DRR171847,0,0,0,0,0,0,0,0,0,0,0,0,0,0,0,0,0,0,0,0,0,0,0,0,0,0,0,0,0,0,0,0,0,0,0,0,0,0,0,0,0,0,0,0,0,0,0,0,0,0
DRR127515,0,0,0,0,0,3,0,0,0,0,0,0,64,0,0,3,0,0,0,0,0,0,0,0,0,0,0,0,0,4,3,0,0,0,2,0,0,0,0,27,0,0,0,0,5,2,0,0,113,381
DRR171728,11,12,2,5,3,12,10,0,7,9,2,9,7,1,0,21,7,10,20,7,11,3,4,16,2,0,3,2,2,2,2,7,0,8,5,2,2,7,4,3,5,4,2,14,4,11,3,11,294,25
DRR171823,0,0,0,0,0,0,0,0,0,0,0,0,0,0,0,0,0,0,0,0,0,0,0,0,0,0,1,0,0,0,0,0,0,0,0,0,0,0,0,0,0,0,0,0,0,0,0,0,1,0
DRR171723,0,0,0,0,0,0,0,0,0,0,0,0,0,0,0,0,0,0,0,0,0,0,0,0,0,0,0,0,0,0,0,0,0,0,0,0,0,0,0,0,0,0,0,0,0,0,0,0,0,0
DRR171628,0,0,0,0,0,0,0,0,0,0,0,0,0,0,0,0,0,0,0,0,0,0,0,0,0,0,0,0,0,0,0,0,0,0,0,0,0,0,0,0,0,0,0,0,0,0,0,0,0,0
DRR171527,0,0,0,1,0,0,0,0,0,0,0,0,1,0,0,0,0,0,0,0,1,0,0,0,0,0,0,0,0,0,0,0,0,1,0,1,0,0,0,0,0,0,0,0,0,0,0,0,5,0
DRR171952,0,0,0,0,0,1,0,0,0,0,0,0,15,0,0,1,0,0,0,0,0,0,0,0,0,0,0,0,0,2,2,0,0,0,1,0,0,0,0,5,0,0,0,0,0,3,0,0,30,109
DRR171717,19,15,2,17,2,12,9,1,23,25,3,11,50,0,6,42,6,34,20,24,23,13,7,16,5,9,17,6,6,9,7,9,10,28,19,15,6,6,29,25,4,19,12,44,19,14,9,40,747,65
DRR172018,30,9,3,12,5,19,13,4,16,36,9,24,40,9,8,64,9,52,29,23,16,9,7,19,4,10,29,15,23,16,21,15,12,18,14,26,11,17,20,8,15,24,2,16,28,15,18,37,879,55
DRR171484,7,4,2,2,0,3,5,0,3,6,0,6,8,0,1,12,3,1,4,1,1,0,2,0,2,4,1,0,3,0,0,4,2,4,2,2,1,1,2,1,0,3,0,1,0,2,3,11,120,4
DRR171743,701,707,101,510,121,429,459,67,449,1001,221,545,1425,179,172,1351,256,956,657,646,556,315,361,441,226,291,781,288,372,326,286,342,395,747,386,416,187,357,781,355,343,761,269,872,408,573,422,960,23770,3206
DRR171960,0,0,0,0,0,0,0,0,0,0,0,0,0,0,0,0,0,0,0,0,0,0,0,0,0,0,0,0,0,0,0,0,0,0,0,0,0,0,0,0,0,0,0,0,0,0,0,0,0,0
DRR162775,0,6,0,0,0,0,2,0,0,0,0,0,2,0,0,0,0,1,0,0,1,3,0,0,0,0,0,0,0,1,2,0,0,0,3,3,0,3,3,3,0,0,0,0,2,0,3,15,53,131
DRR171770,0,0,0,0,0,0,0,0,0,0,0,0,0,0,0,0,0,0,0,0,0,0,0,0,0,0,0,0,0,0,0,0,0,0,0,0,0,0,0,0,0,0,0,0,0,0,0,0,0,0
DRR127754,27,18,1,10,2,15,15,3,24,17,7,6,28,6,0,28,4,31,20,18,10,3,8,16,5,5,8,8,12,7,3,8,7,12,4,19,4,11,20,8,9,24,8,29,25,12,18,34,617,45
DRR171912,0,0,0,0,0,0,0,0,0,0,0,0,0,0,0,0,0,0,0,0,0,0,0,0,0,0,0,0,0,0,0,0,0,0,0,0,0,0,0,0,0,0,0,0,0,0,0,0,0,1
DRR171877,4,6,1,6,0,0,1,0,3,5,1,5,9,1,2,7,1,4,5,2,4,0,3,1,0,0,2,0,5,1,2,4,2,2,4,5,1,3,4,1,2,3,4,0,1,6,2,7,132,4
DRR171659,23,18,1,14,0,16,17,1,30,36,1,17,32,2,5,38,9,35,30,14,15,3,2,9,3,6,27,6,8,5,9,5,7,21,15,13,11,8,21,19,7,13,8,35,21,13,13,46,708,32
DRR171739,3,5,0,3,0,5,2,0,4,8,3,3,5,2,1,18,1,6,8,5,7,2,1,4,5,5,4,1,2,4,4,3,2,8,3,9,2,4,12,0,2,2,2,9,6,9,8,19,221,17
DRR171635,0,0,0,0,0,0,0,0,0,0,0,0,0,0,0,0,0,0,0,0,0,0,0,0,0,0,0,0,0,0,0,0,0,0,0,0,0,0,0,0,0,0,0,0,0,0,0,0,0,0
DRR171972,0,0,0,0,0,0,0,0,0,0,0,0,0,0,0,0,0,0,0,0,0,0,0,0,0,0,0,0,0,0,0,0,0,0,0,0,0,0,0,0,0,0,0,0,0,0,0,0,0,0
DRR171800,33,27,2,27,4,16,27,2,28,36,2,10,49,4,9,72,13,36,30,18,25,10,6,18,6,10,29,16,13,8,4,17,7,26,8,13,13,6,21,13,10,24,7,35,13,29,20,83,935,38
DRR127707,690,0,75,290,96,391,0,49,437,666,50,419,1204,85,149,1018,209,742,693,520,0,0,171,347,133,286,231,261,282,208,140,259,301,672,287,433,196,255,523,287,211,417,214,865,331,475,0,1122,16690,830
DRR171795,0,0,0,0,0,0,0,0,0,0,0,0,0,0,0,0,0,0,0,0,0,0,0,0,0,0,0,0,0,0,0,0,0,0,0,0,0,0,0,0,0,0,0,0,0,0,0,0,0,0
DRR127521,235,164,21,152,11,130,173,14,128,273,18,125,422,37,60,339,102,272,212,166,130,63,63,99,51,69,98,60,98,76,70,90,90,207,106,132,52,78,193,121,64,159,57,251,130,133,132,286,6212,447
DRR171650,13,4,2,13,0,9,14,0,10,21,1,8,21,3,4,31,9,11,13,7,16,5,0,11,3,2,18,11,7,3,7,5,8,7,4,12,6,5,7,8,6,6,7,19,3,12,7,18,417,34
DRR171619,0,0,0,0,0,0,0,0,0,0,0,0,0,0,0,0,0,0,0,0,0,0,0,0,0,0,0,0,0,0,0,0,0,0,0,0,0,0,0,0,0,0,0,0,0,0,0,0,0,0
DRR171600,0,0,0,0,0,0,0,0,0,0,0,0,0,0,0,0,0,0,0,0,0,0,0,0,0,0,0,0,0,0,0,0,0,0,0,0,0,0,0,0,0,0,0,0,0,0,0,0,0,0
DRR127666,1,2,2,1,1,0,3,0,0,1,0,1,4,0,0,6,2,4,1,0,2,1,0,2,0,0,1,0,0,1,0,0,0,0,1,0,0,0,1,1,0,0,0,6,1,0,0,8,54,2
DRR171563,525,319,40,236,36,286,354,39,333,497,14,230,738,56,116,910,131,531,443,296,290,119,115,204,95,125,354,173,212,114,104,171,240,495,177,199,138,90,308,243,142,296,90,633,247,330,251,940,13025,564
DRR171494,0,0,0,0,0,0,0,0,0,0,0,0,0,0,0,0,0,0,0,0,0,0,0,0,0,0,0,0,0,0,0,0,0,0,0,0,0,0,0,0,0,0,0,1,0,0,0,0,1,0
DRR172020,0,0,0,0,0,0,0,0,0,0,0,0,0,0,0,0,0,0,0,0,0,0,0,1,0,0,0,0,0,0,0,0,0,0,0,0,0,0,0,0,0,0,0,0,0,0,0,0,1,0
DRR171742,237,202,23,154,49,173,158,22,192,278,39,120,380,47,64,371,73,252,190,180,149,81,96,116,73,104,213,95,140,72,89,97,82,180,130,105,75,85,189,105,103,147,80,239,160,128,138,347,6822,705
DRR171674,0,0,0,0,0,0,0,0,0,0,0,0,0,0,0,0,0,0,0,0,0,0,0,0,0,0,0,0,0,0,0,0,0,0,0,0,0,0,0,0,0,0,0,0,0,0,0,0,0,0
DRR171462,0,0,0,0,0,0,0,0,0,0,0,0,0,0,0,1,0,1,0,0,0,0,0,0,0,0,1,0,0,0,0,0,0,0,0,0,0,0,0,0,0,0,0,0,1,0,0,1,5,0
DRR171894,44,20,3,15,10,24,19,3,15,23,6,14,60,5,10,53,9,25,30,24,11,9,7,8,8,15,28,4,8,5,5,15,7,23,20,22,4,10,18,12,15,11,13,36,16,19,10,47,818,34
DRR171837,135,91,15,69,10,90,83,13,95,139,12,65,268,19,22,221,46,154,150,85,84,27,36,53,27,53,123,46,57,51,44,49,59,146,43,102,44,45,114,69,37,86,42,177,67,80,64,226,3833,151
DRR171510,0,0,0,0,0,0,0,0,0,0,0,0,0,0,0,0,0,0,0,0,0,0,0,0,0,0,0,0,0,0,0,0,0,0,0,0,0,0,0,0,0,0,0,0,0,0,0,0,0,0
DRR127546,0,0,0,2,0,0,0,0,0,0,0,0,0,0,0,1,0,0,0,0,0,0,0,0,0,1,0,1,0,0,0,0,0,0,0,0,0,0,0,0,0,0,0,1,0,0,0,1,7,0
DRR171961,0,0,0,0,0,0,0,0,0,0,0,0,0,0,0,0,0,0,0,0,0,0,0,0,0,0,0,0,0,0,0,0,0,0,0,0,0,0,0,0,0,0,0,0,0,0,0,0,0,0
DRR171900,0,0,0,0,0,0,0,0,0,0,0,0,0,0,0,0,0,0,0,0,0,0,0,0,0,0,0,0,0,0,0,0,0,0,0,0,0,0,0,0,0,0,0,0,0,0,0,0,0,0
DRR171525,0,0,0,0,0,0,0,0,0,0,0,0,0,0,0,0,0,0,0,0,0,0,0,0,0,0,0,0,0,0,0,0,0,0,0,0,0,0,0,0,0,0,0,0,0,0,0,0,0,0
DRR171695,1,0,0,0,0,0,0,0,0,0,0,0,1,0,0,1,0,1,0,0,1,0,0,0,0,0,0,0,0,0,0,0,0,0,1,0,0,1,0,0,0,0,0,0,0,0,0,1,8,0
DRR171642,0,7,0,0,0,5,15,0,0,0,0,0,23,0,0,2,0,0,0,0,2,8,0,0,0,0,0,0,0,2,2,0,0,0,5,0,0,0,0,7,0,0,0,0,4,3,7,0,92,251
DRR171561,0,0,0,0,0,1,0,0,0,0,0,0,0,0,0,0,0,0,0,0,0,0,0,0,0,0,0,0,0,0,0,0,0,0,0,0,0,0,0,0,0,0,0,0,0,0,0,0,1,0
DRR171497,0,0,0,0,0,0,0,0,0,0,0,0,0,0,0,5,0,0,1,0,2,2,0,2,0,0,1,0,0,0,0,2,0,0,0,1,0,0,0,0,0,0,0,0,0,1,1,1,19,1
DRR171513,0,0,0,0,0,0,0,0,0,0,0,0,0,0,0,0,0,0,0,0,0,0,0,0,0,0,0,0,0,0,0,0,0,0,0,0,0,0,0,0,0,0,0,0,0,0,0,0,0,0
DRR171861,116,90,14,44,21,56,79,16,72,97,8,63,179,14,15,162,34,129,117,68,62,31,26,44,24,34,71,33,45,39,27,36,43,110,33,53,25,33,90,52,25,58,32,129,53,52,43,160,2857,136
DRR171796,1,1,0,0,0,3,1,1,1,2,0,2,1,1,1,8,0,1,4,1,2,0,0,0,0,1,1,1,1,0,0,0,2,2,0,2,1,0,3,0,0,1,0,1,0,0,0,1,48,4
DRR171839,0,0,0,0,0,0,0,0,0,0,0,0,0,0,0,0,0,0,0,0,0,0,0,0,0,0,0,0,0,0,0,0,0,0,0,0,0,0,0,0,0,0,0,0,0,0,0,0,0,0
DRR171985,0,0,0,0,0,0,0,0,0,0,0,0,0,0,0,0,0,0,0,0,0,0,0,0,0,0,0,0,0,0,0,0,0,0,0,0,0,0,0,0,0,0,0,0,0,0,0,0,0,0
DRR173017,1,0,0,0,0,1,0,0,0,1,0,1,0,0,0,1,1,1,0,0,0,0,0,0,0,0,0,0,0,0,0,0,1,0,0,1,0,0,0,0,0,0,0,0,0,1,0,0,10,0
DRR171992,0,0,0,0,0,0,0,0,0,0,0,0,0,0,0,0,0,0,0,0,0,0,0,0,0,0,0,0,0,0,0,0,0,0,0,0,0,0,0,0,0,0,0,0,0,0,0,0,0,0
DRR171965,0,0,0,0,0,0,0,0,0,0,0,0,0,0,0,0,0,0,0,0,0,0,0,0,0,0,0,0,0,0,0,0,0,0,0,0,0,0,0,0,0,0,0,0,0,0,0,0,0,0
DRR171833,104,47,9,44,7,61,49,6,64,112,7,67,186,15,18,105,22,103,89,79,54,29,35,43,9,27,48,29,55,30,17,33,32,83,39,70,22,35,95,46,30,45,30,115,43,50,43,0,2381,123
DRR171831,9,14,1,3,3,9,12,0,16,26,1,13,16,2,5,23,7,18,17,11,12,6,3,5,3,5,11,1,7,6,6,5,2,18,9,8,5,7,9,6,2,14,4,15,7,12,4,37,435,28
DRR171610,0,0,0,0,0,0,0,0,0,0,0,0,0,0,0,0,0,0,0,0,0,0,0,0,0,0,0,0,0,0,0,0,0,0,0,0,0,0,0,0,0,0,0,0,0,0,0,0,0,0
DRR171805,264,172,22,149,29,133,146,19,149,264,21,154,402,37,53,436,70,376,250,169,147,57,76,142,41,98,199,89,121,75,75,85,93,254,102,147,85,65,205,153,91,153,70,318,139,140,101,432,7068,335
DRR171887,0,0,0,0,0,0,0,0,0,1,0,0,0,0,0,0,0,0,0,0,0,0,0,0,0,0,0,0,0,0,0,0,0,0,0,0,0,0,0,0,0,0,0,0,0,0,0,0,1,0
DRR171639,0,0,0,0,0,0,0,0,0,0,0,0,0,0,0,0,0,0,0,0,0,0,0,0,0,0,0,0,0,0,0,0,0,0,0,0,0,0,0,0,0,0,0,0,0,0,0,0,0,0
DRR171971,874,640,119,439,76,510,539,65,521,891,111,421,1292,134,197,1230,333,965,701,591,439,293,249,399,216,291,656,324,312,311,224,323,348,750,434,381,239,232,526,307,306,577,200,944,531,493,428,1089,22471,2542
DRR171464,3,0,0,3,1,0,0,0,0,2,1,0,1,0,0,0,1,0,2,2,0,0,2,0,0,0,0,0,0,0,0,0,0,0,1,1,0,0,0,0,1,0,2,0,0,3,0,1,27,3
DRR171608,0,0,0,0,0,0,0,0,0,0,0,0,0,0,0,0,0,0,0,0,0,0,0,0,0,0,0,0,0,0,0,0,0,0,0,0,0,0,0,0,0,0,0,0,0,0,0,0,0,0
DRR171715,0,0,0,0,0,0,0,0,0,0,0,0,0,0,0,0,0,0,0,0,0,0,0,0,0,0,0,0,0,0,0,0,0,1,0,0,0,0,0,0,0,0,0,0,0,0,0,0,1,0
DRR171773,32,60,6,21,10,33,24,6,39,46,10,32,85,13,20,75,16,63,35,34,20,10,16,19,11,15,49,14,29,19,23,21,19,35,30,26,10,25,59,15,20,44,20,65,32,27,18,63,1414,130
DRR171559,1,1,0,0,1,0,0,0,0,0,0,0,4,0,0,4,0,0,0,1,0,0,1,1,0,0,0,0,0,0,0,1,0,0,1,0,0,1,3,1,0,0,1,0,0,0,0,2,24,1
DRR171681,0,0,0,0,0,0,0,0,0,0,0,0,0,0,0,0,0,0,0,0,0,0,0,0,0,0,0,0,0,0,0,0,0,0,0,0,0,0,0,0,0,0,0,0,0,0,0,0,0,0
DRR172003,0,0,0,0,0,0,0,0,0,0,0,0,0,0,0,0,0,0,0,0,0,0,0,0,0,0,0,0,0,0,0,0,0,0,0,0,0,0,0,0,0,0,0,0,0,0,0,0,0,0
DRR171940,193,108,26,105,16,125,104,10,124,212,37,131,362,43,33,235,72,235,186,129,80,68,54,82,49,56,106,51,95,60,81,67,80,148,97,138,45,97,196,118,69,144,78,268,101,95,98,195,5302,475
DRR171997,200,234,17,199,2,157,150,26,160,325,16,181,326,22,45,442,92,308,272,287,141,78,85,124,64,91,238,89,120,106,69,120,93,290,140,107,83,40,97,132,56,200,26,353,101,174,136,351,7165,491
DRR171528,0,0,0,0,0,0,0,0,0,0,0,0,0,0,0,0,0,0,0,0,0,0,0,0,0,0,0,0,0,0,0,0,0,0,0,0,0,0,0,0,0,0,0,0,0,0,0,0,0,0
DRR171544,59,30,1,25,3,30,36,3,47,51,5,29,84,5,11,55,13,70,43,36,16,17,11,14,4,21,50,18,25,17,15,21,15,47,19,31,7,17,42,28,23,33,13,60,25,27,30,61,1343,80
DRR127514,0,0,0,0,0,1,1,0,0,1,0,0,0,0,0,1,0,0,0,0,0,0,0,0,0,0,0,0,0,0,0,1,3,1,0,0,0,0,0,0,0,0,0,0,0,3,0,2,14,1
DRR171883,0,0,0,0,0,0,0,0,0,0,0,0,0,0,0,0,0,0,0,0,0,0,0,0,0,0,0,0,0,0,0,0,0,0,0,0,0,0,0,0,0,0,0,0,0,0,0,0,0,0
DRR171926,0,0,0,0,0,0,0,0,0,0,0,0,0,0,0,0,0,1,0,0,0,1,0,0,0,0,0,0,0,0,0,0,0,0,0,0,0,0,0,0,0,0,0,0,0,0,0,0,2,0
DRR171711,0,0,0,0,0,0,0,0,0,0,0,0,0,0,0,0,0,0,0,0,0,0,0,0,0,0,0,0,0,0,0,0,0,0,0,0,0,0,0,0,0,0,0,0,0,0,0,0,0,0
DRR171903,1,0,0,0,0,0,0,0,0,0,0,0,0,0,0,0,0,0,0,0,0,0,0,0,0,0,0,0,0,0,0,0,0,0,0,0,0,0,0,1,0,0,0,0,0,0,0,0,2,0
DRR171716,0,0,0,0,0,0,0,0,0,0,0,0,0,0,0,0,0,0,0,0,0,0,0,0,0,0,0,0,0,0,0,0,0,0,0,0,0,0,0,0,0,0,0,0,0,0,0,0,0,0
DRR171638,1,2,0,0,0,0,1,0,2,3,0,1,1,0,1,2,0,0,2,1,0,1,0,0,1,1,3,0,2,0,0,0,0,0,0,0,0,0,0,1,0,1,0,0,1,0,0,3,31,5
DRR171820,28,13,4,8,6,13,26,2,24,20,4,13,45,6,3,42,15,38,25,12,21,4,7,12,7,9,8,10,16,7,6,6,11,21,11,28,16,11,27,13,8,12,7,34,11,9,9,31,719,37
DRR171625,0,0,0,0,0,0,0,0,0,0,0,0,0,0,0,0,0,0,0,0,0,0,0,0,0,0,0,0,0,0,0,0,0,0,0,0,0,0,0,0,0,0,0,0,0,0,0,0,0,0
DRR171763,74,67,14,48,4,55,55,4,45,111,6,74,130,15,21,136,42,103,92,72,56,23,23,56,28,32,78,32,38,35,21,32,40,91,29,51,23,22,81,42,41,65,18,109,36,54,38,118,2480,208
DRR171553,14,14,2,5,2,4,15,6,9,10,0,7,33,1,2,24,1,15,10,12,12,8,1,9,1,15,3,8,10,5,2,8,3,10,14,8,7,4,10,5,6,11,7,17,9,17,9,19,424,18
DRR171788,2,5,0,1,0,1,2,0,5,3,0,4,12,0,0,11,1,8,2,2,1,2,2,3,0,2,5,0,1,0,0,0,4,5,0,2,0,1,5,0,0,0,3,1,2,3,3,11,115,5
DRR171671,23,25,3,22,1,10,15,1,16,23,2,9,60,8,8,50,10,28,27,22,26,10,12,18,5,11,33,12,11,8,6,18,15,27,13,18,8,6,20,15,7,11,5,40,10,17,6,34,785,46
DRR127517,0,0,0,0,0,0,0,0,0,0,0,0,0,0,0,0,0,0,0,0,0,0,0,0,0,0,0,0,0,0,0,0,0,0,0,0,0,0,0,0,0,0,0,0,0,0,0,0,0,0
DRR171880,7,3,0,5,0,2,1,1,5,9,0,8,15,0,6,12,1,12,2,7,4,0,1,2,4,1,1,4,5,5,2,4,7,3,4,8,2,1,6,3,5,9,2,10,5,6,5,5,210,10
DRR171579,0,0,0,0,0,0,0,0,0,0,0,0,0,0,0,0,0,0,0,0,0,0,0,0,0,0,0,0,0,0,0,0,0,0,0,0,0,0,0,0,0,0,0,0,0,0,0,0,0,0
DRR171787,0,0,0,0,0,0,0,0,0,0,0,0,0,0,0,0,0,0,0,0,0,0,0,0,0,0,0,0,0,0,0,0,0,0,0,0,0,0,0,0,0,0,0,0,0,0,0,0,0,0
DRR127580,0,0,0,0,0,0,0,0,0,0,0,0,0,0,0,0,0,0,0,0,0,0,0,0,0,0,0,0,0,0,0,0,0,0,0,0,0,0,0,0,0,0,0,0,0,0,0,0,0,0
DRR171760,74,42,7,44,5,43,36,4,50,82,11,41,97,6,9,122,26,80,71,61,49,18,15,28,22,23,25,21,24,21,12,25,24,46,33,34,22,24,74,34,16,52,26,89,51,55,45,103,1922,136
DRR171987,0,0,0,0,0,0,0,0,0,0,0,0,0,0,0,0,0,0,0,0,0,0,0,0,0,0,0,0,0,0,0,0,0,0,0,0,0,0,0,0,0,0,0,0,0,0,0,0,0,0
DRR171915,4,3,0,1,0,5,1,1,1,0,0,0,3,0,0,3,0,1,5,1,4,0,0,5,1,1,0,1,0,0,0,0,0,3,2,3,0,2,1,1,2,1,0,4,1,1,2,5,69,5
DRR127762,4,0,0,0,0,0,0,0,0,2,0,0,1,0,0,0,0,7,2,1,0,0,0,0,0,0,2,0,0,0,0,0,0,0,0,0,0,1,6,0,1,3,0,2,0,0,0,7,39,1
DRR171657,0,0,0,0,0,0,1,0,0,0,0,0,0,0,0,0,0,0,0,0,0,1,0,0,0,1,0,0,2,0,0,0,0,0,0,0,0,0,0,0,0,0,0,0,1,0,0,0,6,1
DRR171838,0,0,0,0,0,0,0,0,0,0,0,0,0,0,0,0,0,0,0,0,0,0,0,0,0,0,0,0,0,0,0,0,0,0,0,0,0,0,0,0,0,0,0,0,0,0,0,0,0,0
DRR171477,0,0,0,0,0,0,0,0,0,0,0,0,0,0,0,0,0,0,0,0,0,0,0,0,0,0,0,0,0,0,0,0,0,0,0,0,0,0,0,0,0,0,0,0,0,0,0,0,0,0
DRR171774,0,0,0,0,0,0,0,0,0,0,0,0,0,0,0,0,0,0,0,0,0,0,0,0,0,0,0,0,0,0,0,0,0,0,0,0,0,0,0,0,0,0,0,0,0,0,0,0,0,0
DRR171606,0,0,0,0,0,0,0,0,0,0,0,0,0,0,0,0,0,0,0,0,0,0,0,0,0,0,0,0,0,0,0,0,0,0,0,0,0,0,0,0,0,0,0,0,0,0,0,0,0,0
DRR171686,58,38,5,42,10,31,45,1,57,49,2,44,118,19,9,102,18,63,60,34,44,15,19,26,17,38,48,24,31,30,16,24,18,59,15,0,13,0,46,34,20,26,10,66,37,56,30,97,1664,79
DRR171835,0,0,0,0,0,0,0,0,0,0,0,0,0,0,0,0,0,0,0,0,0,0,0,0,0,0,0,0,0,0,0,0,0,0,0,0,0,0,0,0,0,0,0,0,0,0,0,0,0,0
DRR171476,1,0,0,0,0,0,0,0,0,0,0,0,0,0,0,0,0,0,0,0,0,0,0,0,0,0,0,0,0,0,0,0,0,0,0,0,0,0,0,0,0,0,0,0,0,0,0,0,1,0
DRR171736,0,3,1,2,0,6,5,0,0,1,1,0,3,0,2,11,2,0,1,1,3,0,1,1,1,0,4,2,0,2,7,0,0,0,0,5,0,2,6,3,1,3,2,3,1,0,1,4,91,10
DRR171569,5,5,2,2,0,3,4,0,6,5,0,4,9,0,2,7,1,4,3,0,1,0,0,1,2,6,3,3,4,0,0,3,5,4,1,3,1,1,2,1,0,1,1,5,6,5,2,6,129,8
DRR171520,0,0,0,0,0,0,0,0,0,0,0,0,0,0,0,0,0,0,0,0,0,0,0,0,0,0,0,0,0,0,0,0,0,0,0,0,0,0,0,0,0,0,0,0,0,0,0,0,0,0
DRR171772,23,23,0,26,4,18,26,3,9,38,3,18,67,5,8,63,8,35,23,25,23,3,13,7,9,11,13,4,27,15,3,10,10,31,13,25,10,16,38,16,10,18,8,36,22,25,16,52,909,58
DRR171678,5,20,0,0,6,9,0,0,13,0,0,0,11,5,0,8,4,2,7,12,5,0,0,0,0,13,8,1,0,0,0,5,8,0,3,6,0,0,5,2,14,7,0,6,0,0,7,4,196,8
DRR127491,4,6,1,1,0,3,5,0,5,12,1,4,21,5,1,7,2,7,4,5,5,4,3,2,1,5,3,0,0,5,3,5,2,3,3,6,0,3,2,3,0,8,3,16,6,3,2,5,195,27
DRR171907,0,0,0,0,0,0,0,0,0,0,0,0,0,0,0,0,0,0,0,0,0,0,0,0,0,0,0,0,0,0,0,0,0,0,0,0,0,0,0,0,0,0,0,0,0,0,0,0,0,0
DRR171706,0,0,0,0,0,0,0,0,0,0,0,0,0,0,0,0,0,0,0,0,0,0,0,0,0,0,0,0,0,0,0,0,0,0,0,0,0,0,0,0,0,0,0,0,0,0,0,0,0,0
DRR171930,0,0,0,0,0,0,0,0,0,0,0,0,0,0,0,0,0,0,0,0,0,0,0,0,0,0,0,0,0,0,0,0,0,0,0,0,1,1,0,1,0,0,0,0,0,0,0,0,3,0
DRR171943,0,0,0,0,0,0,0,0,0,0,0,0,0,0,0,0,0,0,0,0,0,0,0,0,0,0,0,0,0,0,0,0,0,1,0,0,0,0,0,0,0,0,0,0,0,0,0,0,1,0
DRR171546,0,0,0,0,0,0,0,0,0,1,0,0,0,0,0,0,0,0,0,0,0,0,0,0,0,0,0,0,0,0,0,0,0,0,0,0,0,0,0,0,0,0,0,0,0,0,0,0,1,0
DRR171658,0,0,0,0,0,0,0,0,0,0,0,0,0,0,0,0,0,0,0,0,0,0,0,0,0,0,0,0,0,0,0,0,0,0,0,0,0,0,0,0,0,0,0,0,0,0,0,0,0,1
DRR171791,13,15,0,7,0,6,16,2,6,7,1,7,21,1,5,18,6,21,8,6,19,6,6,4,3,5,7,3,9,7,1,5,0,7,4,7,5,9,6,9,2,10,4,7,11,6,3,30,361,10
DRR171490,0,0,0,0,0,0,0,0,0,0,0,0,0,0,0,0,0,0,0,0,0,0,0,0,0,0,0,0,0,0,0,0,0,0,0,0,0,0,0,0,0,0,0,0,0,0,0,0,0,0
DRR171479,34,26,11,9,1,14,27,1,34,48,2,25,57,0,7,52,12,32,29,18,26,9,8,12,6,8,16,8,14,18,3,7,16,42,9,22,8,22,30,14,11,12,10,29,14,17,11,48,889,34
DRR171555,0,0,0,0,0,0,0,0,0,0,0,0,0,0,0,0,0,0,0,0,0,0,0,0,0,0,0,0,0,0,0,0,0,0,0,0,0,0,0,0,0,0,0,0,0,0,0,0,0,0
DRR171954,0,0,0,1,0,1,0,0,1,5,0,2,1,0,0,5,1,3,1,1,1,0,0,1,0,1,1,1,0,2,0,1,1,3,1,0,0,3,1,0,0,0,0,0,0,1,0,2,42,3
DRR171863,0,0,0,0,0,0,0,0,0,0,0,0,0,0,0,0,0,0,0,0,0,0,0,0,0,0,0,0,0,0,0,0,0,0,0,0,0,0,0,0,0,0,0,0,0,0,0,0,0,0
DRR171959,0,0,0,0,0,0,0,0,0,0,0,0,0,0,0,0,0,0,0,0,0,0,0,0,0,0,0,0,0,0,0,0,0,0,0,0,0,0,0,0,0,0,0,0,0,0,0,0,0,0
DRR171780,0,0,0,0,0,0,0,0,0,0,0,0,0,0,0,0,0,0,0,0,0,0,0,0,0,0,0,0,0,0,0,0,0,0,0,0,0,0,0,0,0,0,0,0,0,0,0,0,0,0
DRR171778,1,1,0,0,0,0,0,0,1,0,0,0,0,0,0,0,0,0,0,0,0,0,0,2,0,0,0,0,0,0,0,0,0,0,0,0,0,0,0,0,0,0,0,0,0,0,0,0,5,0
DRR172021,0,0,0,0,0,0,0,0,0,0,0,0,0,0,0,0,0,0,0,0,0,0,0,0,0,0,0,0,0,0,0,0,0,0,0,0,0,0,0,0,0,0,0,0,0,0,0,0,0,0
DRR171690,0,0,0,0,0,0,0,0,0,0,0,0,0,0,0,0,0,0,0,0,0,0,0,0,0,0,0,0,0,0,0,0,0,0,0,0,0,0,0,0,0,0,0,0,0,0,0,0,0,0
DRR171588,3,0,0,0,0,3,1,0,3,4,0,0,6,0,0,2,1,3,1,0,0,0,0,1,0,2,1,1,2,0,0,0,1,1,2,3,1,1,2,0,3,0,0,4,1,0,0,3,56,9
DRR162778,90,45,13,47,16,54,66,10,65,88,5,44,133,21,21,141,33,96,87,57,65,24,21,31,12,35,57,29,38,24,20,28,40,75,41,45,26,25,85,29,25,46,23,101,42,72,38,130,2359,111
DRR171946,3,0,0,0,1,1,1,0,0,2,0,1,1,0,0,0,0,2,2,0,3,0,0,0,1,0,1,0,1,0,0,0,3,2,1,1,0,1,1,0,2,0,0,3,2,2,1,1,40,3
DRR173016,9,7,3,5,1,6,11,2,5,9,1,9,17,1,3,21,5,18,7,6,2,3,1,5,1,2,6,5,1,2,1,7,4,7,6,11,4,3,5,4,6,8,6,10,7,8,6,24,301,13
DRR171934,12,7,2,4,3,2,3,0,9,16,2,6,16,3,1,17,5,17,12,7,3,0,1,6,1,2,9,4,3,3,4,5,9,5,5,4,1,9,3,4,1,7,2,13,3,9,2,13,275,28
