Tag,ti|18|gi|180,ti|18|gi|14,ti|18|gi|11,ti|18|gi|44,ti|18|gi|187,ti|18|gi|118,ti|18|gi|154,ti|18|gi|106,ti|18|gi|70,ti|18|gi|26,ti|18|gi|94,ti|18|gi|25,ti|18|gi|182,ti|18|gi|164,ti|18|gi|171,ti|18|gi|28,ti|18|gi|67,ti|18|gi|38,ti|18|gi|198,ti|18|gi|199,ti|18|gi|145,ti|18|gi|130,ti|18|gi|179,ti|18|gi|98,ti|18|gi|43,ti|18|gi|55,ti|18|gi|30,ti|18|gi|200,ti|18|gi|53,ti|18|gi|68,ti|18|gi|135,ti|18|gi|97,ti|18|gi|56,ti|18|gi|85,ti|18|gi|1,ti|18|gi|155,ti|18|gi|195,ti|18|gi|29,ti|18|gi|77,ti|18|gi|176,ti|18|gi|3,ti|18|gi|128,ti|18|gi|36,ti|18|gi|157,ti|18|gi|69,ti|18|gi|33,ti|18|gi|22,ti|18|gi|18,total,skipped
E003953_12.1,86,82,42,37,112,182,125,186,194,88,140,113,70,46,26,171,59,187,274,198,89,36,97,113,50,45,78,136,87,55,140,76,142,76,118,122,55,79,109,63,157,26,119,42,79,37,83,15,4742,755
E021822_35.8,172,322,109,151,159,500,263,523,532,195,282,271,244,156,29,210,91,651,637,490,248,73,309,296,155,157,216,286,223,83,452,286,361,188,281,231,85,183,157,213,255,35,255,98,270,53,142,45,11623,1695
E013505_14.2,72,62,26,27,28,144,57,97,95,39,62,36,43,26,13,67,18,94,104,59,17,8,44,89,25,22,34,51,36,18,63,34,89,52,77,63,30,31,30,26,49,21,45,27,22,19,19,11,2221,293
E021032_15.5,3,0,0,0,1,0,0,0,0,0,0,0,0,0,0,0,0,0,2,0,0,0,1,0,0,0,0,0,1,0,1,0,0,0,0,0,0,0,0,0,0,0,0,0,0,0,0,0,9,5
E020924_29.7,0,0,0,0,0,0,0,0,0,0,0,0,0,0,0,0,0,0,0,0,0,0,0,0,0,0,0,0,0,0,0,0,0,0,0,0,0,0,0,0,0,0,0,0,0,0,0,0,0,3
E021822_28.2,165,268,110,143,105,416,228,383,457,126,244,242,207,125,24,205,68,450,624,356,182,72,300,221,178,134,148,236,139,89,366,250,293,148,238,204,53,139,120,154,194,54,183,86,179,59,131,50,9546,1404
E005786_10.0,0,0,0,0,1,0,1,1,0,0,0,0,0,0,0,0,0,0,0,0,0,0,0,0,0,0,0,0,0,0,0,0,0,0,0,0,0,0,0,0,0,0,0,0,0,0,0,0,3,1
E006493_24.1,34,86,25,40,42,125,76,104,168,53,64,83,69,34,3,96,32,130,157,95,29,12,45,66,30,28,42,70,56,20,97,70,96,36,70,45,26,42,39,26,47,8,59,28,40,18,32,8,2701,221
E010682_23.8,2,1,0,1,1,1,1,0,1,0,0,1,1,0,0,0,0,0,3,1,1,0,0,0,0,0,3,0,0,0,1,0,0,0,1,0,0,0,0,1,1,0,1,2,1,0,3,1,30,32
E016273_2.0,1,0,0,2,0,1,0,0,1,0,1,0,0,0,0,0,0,1,0,0,0,0,0,0,2,0,0,1,0,0,1,0,0,0,0,0,1,0,0,0,1,0,0,0,0,0,0,0,13,8
E022497_35.7,10,12,5,8,5,24,11,22,26,4,9,9,8,7,2,7,4,23,18,15,11,5,5,11,8,3,9,8,5,1,14,8,19,7,15,7,2,9,2,18,10,2,10,6,6,4,5,3,442,60
E010581_36.2,41,34,16,19,25,70,44,58,82,22,39,33,29,15,3,49,10,52,100,62,30,12,29,39,18,23,22,39,19,13,58,24,45,31,43,30,13,19,16,17,45,13,22,11,12,13,25,16,1500,237
E024907_11.6,0,0,0,0,1,2,1,2,0,0,0,0,0,0,0,1,0,1,0,0,0,2,1,0,1,0,1,1,0,0,0,0,0,0,1,0,0,1,0,0,0,0,0,0,0,0,2,0,18,6
E020924_27.9,88,91,39,54,69,230,94,154,192,49,99,82,89,36,7,109,40,150,231,183,57,20,89,100,50,47,55,100,54,41,126,77,129,73,93,82,31,72,59,62,104,15,64,42,56,15,36,13,3848,406
E020924_24.4,24,43,18,26,23,63,27,49,57,22,29,28,26,15,2,34,9,48,68,39,26,8,26,22,13,10,18,27,18,14,27,31,30,13,17,21,7,9,16,17,23,4,17,7,16,8,13,1,1109,146
E021822_7.2,358,598,181,314,308,1034,516,901,908,408,584,579,416,234,33,436,203,950,1199,865,321,116,476,453,290,228,413,488,367,177,624,541,543,290,536,392,150,262,288,370,519,66,326,191,357,135,293,75,20312,3084
E013505_24.1,31,56,33,23,46,108,46,74,121,27,48,33,47,23,2,59,25,100,125,89,30,6,45,48,27,19,37,39,37,16,67,34,79,34,46,41,22,30,15,25,47,7,33,16,26,18,23,9,1992,253
E022497_12.5,3,0,0,0,0,1,0,0,1,0,0,1,0,0,0,1,1,2,0,1,0,0,0,0,1,0,0,1,0,0,0,0,0,0,0,0,0,0,0,0,0,0,1,0,0,0,0,0,14,9
E023445_23.7,0,1,0,0,1,0,0,1,0,0,0,0,0,0,0,0,0,0,0,0,0,1,1,0,0,0,0,1,0,0,0,0,0,0,0,0,0,0,0,0,0,0,0,0,0,1,0,0,7,2
E013094_35.6,63,107,36,42,70,186,99,131,211,58,101,116,86,40,12,136,21,159,194,118,47,18,49,98,38,33,41,87,75,33,111,69,111,58,70,55,33,39,58,30,90,21,88,23,34,19,26,14,3454,359
E016426_2.4,629,883,342,456,562,1760,734,1372,1702,462,924,753,657,461,95,877,315,1457,1930,1370,574,212,823,854,460,297,521,765,501,386,1010,757,977,504,832,680,347,511,406,529,888,155,548,387,483,240,452,189,33029,3484
E011878_12.0,14,16,6,5,7,18,19,14,20,3,7,5,13,2,1,6,1,8,26,18,5,4,10,7,14,3,1,6,3,10,14,12,13,16,10,4,6,5,1,6,5,2,8,4,7,2,2,3,392,33
E014403_23.4,30,37,18,25,27,98,42,67,79,39,40,46,32,25,2,49,8,78,96,60,19,7,25,42,13,17,27,26,19,11,47,29,50,17,30,30,15,27,23,19,46,8,30,20,21,9,12,7,1544,94
E014086_2.5,0,0,0,0,0,0,0,0,0,0,0,0,0,0,0,0,0,0,0,0,0,0,0,0,0,0,0,0,0,0,1,1,0,0,0,0,0,1,0,0,0,0,0,0,0,0,0,0,3,1
E005786_23.9,2,2,1,5,0,0,0,3,2,1,1,1,1,0,0,0,0,1,3,0,0,0,1,0,1,1,0,1,0,0,0,0,1,0,0,1,0,0,0,0,0,0,0,0,0,0,1,0,30,14
E016063_25.2,0,0,0,0,0,0,0,0,0,0,0,0,0,0,0,1,0,0,0,0,0,0,0,0,0,0,0,0,0,0,0,0,0,0,0,0,0,0,0,0,0,0,0,0,0,0,0,0,1,1
E019763_35.6,44,86,33,46,38,139,68,122,139,41,84,79,61,47,6,65,28,167,199,100,40,13,84,61,44,43,55,77,65,30,112,82,102,49,74,53,12,49,39,59,84,7,59,26,47,18,19,4,2999,413
E019092_2.0,0,0,0,0,0,0,0,0,0,0,0,0,0,0,0,0,0,0,0,0,0,0,0,0,0,0,0,0,0,0,0,0,0,0,0,0,0,0,0,0,0,0,0,0,0,0,0,0,0,0
E021822_5.0,673,1017,377,442,786,2106,953,1541,2070,517,962,952,843,445,118,1213,305,1712,2145,1367,567,155,761,1024,446,311,596,755,548,372,1233,704,1272,551,980,689,441,656,534,444,1088,156,771,294,478,217,454,253,37294,3309
E019092_11.4,876,1216,518,593,810,2799,1214,1873,2896,765,1102,1148,975,632,158,1627,411,2010,2608,1715,691,179,941,1250,532,477,745,1069,779,401,1647,884,1655,820,1207,982,563,735,629,559,1189,197,886,405,541,257,529,308,47003,4079
E007944_11.8,2,1,0,0,0,1,1,1,0,0,1,0,0,0,0,0,0,0,2,0,0,0,0,1,1,0,1,0,0,0,1,0,0,0,1,0,0,0,0,0,2,0,1,0,0,0,0,0,17,2
E004898_23.8,1,0,0,0,0,0,1,0,0,0,0,0,0,0,0,0,0,0,0,0,0,0,0,0,0,0,1,0,0,0,0,0,0,0,0,0,0,0,0,0,0,0,0,0,0,0,0,0,3,3
E004628_6.2,0,0,0,0,0,0,1,2,0,0,0,0,0,0,0,0,0,1,0,0,0,0,0,0,0,0,0,0,0,0,0,0,0,0,0,0,0,0,0,0,0,0,0,0,0,0,0,0,4,1
E021822_13.1,194,284,139,141,183,532,256,463,494,198,288,239,245,129,32,271,86,500,680,437,181,90,301,286,178,127,206,265,175,122,379,260,408,181,295,229,96,183,165,161,345,34,257,91,166,77,178,49,11276,1338
E013505_12.9,16,24,9,5,14,21,11,26,23,8,13,14,5,4,0,10,6,29,28,16,5,7,11,10,16,2,11,11,7,10,28,7,13,15,19,11,4,6,7,4,14,1,6,4,5,3,10,0,529,89
E016273_24.1,15,17,12,11,15,46,11,38,36,11,14,18,11,7,3,18,7,32,62,28,15,4,16,30,9,7,5,20,12,15,16,12,23,13,18,24,13,8,19,6,8,6,13,9,9,2,3,9,756,111
E010581_12.1,0,0,0,0,0,0,0,0,0,0,0,0,1,0,0,0,0,0,0,0,0,0,0,0,1,0,0,0,0,0,0,0,0,0,0,0,0,0,0,0,0,0,0,0,0,0,0,0,2,1
E004628_12.2,10,13,4,1,8,25,7,15,16,10,7,6,8,1,0,5,4,16,16,13,11,1,5,11,3,3,6,9,3,2,12,1,11,5,9,11,2,5,9,2,5,6,2,4,2,3,11,3,342,40
E028794_29.9,4,4,5,4,5,18,0,11,18,4,8,13,0,5,3,6,3,19,21,8,3,1,6,1,1,5,4,9,5,1,17,3,8,2,10,8,0,3,4,4,9,2,1,2,3,1,2,2,276,23
E028794_23.7,0,0,0,0,0,0,0,0,0,0,0,0,0,0,0,0,0,0,0,0,0,0,0,0,0,0,0,0,0,0,0,0,0,0,0,0,0,0,0,0,0,0,0,0,0,0,0,0,0,3
E003188_11.6,190,230,103,103,143,491,204,375,416,92,296,197,193,106,23,268,92,437,565,347,187,63,264,215,125,103,149,210,142,84,262,192,299,117,273,192,85,155,119,143,270,40,208,103,162,66,131,35,9265,1231
E003188_4.5,168,226,100,102,182,485,218,337,440,122,309,198,184,104,17,294,74,386,629,294,147,55,234,244,133,90,147,192,117,82,311,179,399,183,246,169,111,171,158,158,340,51,176,107,105,71,138,34,9417,1026
E021940_8.3,19,42,17,13,26,58,34,79,49,23,49,39,32,15,0,25,9,66,123,35,38,15,43,40,25,16,36,41,10,9,51,46,55,20,38,34,11,32,25,33,16,4,26,15,29,11,29,1,1502,192
E021032_24.2,247,388,154,172,256,898,439,573,955,255,358,493,369,233,54,531,126,623,714,553,204,38,263,434,178,182,247,313,301,141,532,270,564,223,338,278,197,185,205,171,356,68,337,104,179,71,152,49,14971,1332
E011878_1.8,1,0,0,0,0,2,1,0,0,2,1,1,1,0,0,2,0,1,1,1,1,0,1,1,0,0,1,0,0,0,3,0,0,0,2,1,0,0,0,2,2,0,0,0,0,1,0,1,30,9
E032966_1.7,0,0,0,1,0,0,0,0,0,0,0,0,0,0,0,0,0,1,1,1,0,0,0,0,1,0,0,1,0,0,1,0,2,0,0,0,0,0,2,0,0,0,1,0,1,0,0,0,13,4
E004628_5.2,0,0,0,1,0,0,0,0,0,0,0,0,0,0,0,0,0,0,0,0,0,0,0,0,1,0,0,0,0,0,0,0,0,0,0,0,0,0,0,0,0,0,0,0,0,0,0,0,2,0
E028794_26.2,1,0,0,0,0,0,1,0,1,0,1,0,0,0,0,0,0,0,0,1,0,0,0,0,0,0,1,0,0,0,0,1,0,0,0,0,0,0,1,0,1,0,0,0,2,0,0,0,11,10
E003188_24.2,179,229,87,115,162,565,210,306,441,98,317,180,202,96,34,254,99,437,545,308,142,67,207,250,130,79,132,190,138,99,289,188,308,159,194,196,106,159,113,118,214,54,169,104,108,87,97,24,8985,1585
E020924_29.2,80,122,54,55,99,255,117,169,281,60,111,130,94,39,18,155,36,169,298,150,87,16,91,125,55,45,56,103,88,48,162,121,166,70,117,111,58,87,71,39,119,22,94,39,48,41,45,14,4630,456
E024907_3.8,1,0,0,0,0,0,0,0,0,0,0,0,0,0,0,0,0,0,0,0,0,0,0,0,0,0,0,0,0,0,1,0,0,0,0,0,0,0,0,0,0,0,0,0,0,0,0,0,2,0
E004709_24.7,11,17,13,13,6,40,20,34,30,17,10,15,14,9,3,15,8,30,33,16,11,5,18,15,11,5,6,19,9,2,23,14,30,7,21,14,5,6,15,16,21,3,9,8,10,3,9,6,675,76
E013094_23.8,89,112,57,54,103,300,147,220,278,76,148,130,132,68,18,183,53,253,287,216,89,18,100,143,66,52,83,101,95,60,185,109,183,80,138,100,63,96,76,63,140,21,85,45,70,38,55,21,5299,447
E010481_33.0,53,49,30,36,47,110,69,101,122,20,56,33,50,29,15,73,22,133,180,87,37,6,55,68,27,19,26,59,35,28,94,65,93,42,66,57,28,37,32,21,69,10,48,27,37,14,33,7,2455,296
E021032_12.3,5,1,0,2,0,0,0,0,0,2,1,1,1,0,0,0,0,0,0,0,0,0,2,0,0,0,1,0,0,0,1,2,0,0,1,0,0,0,0,0,0,0,0,0,0,0,0,0,20,1
E021940_25.7,1,0,0,2,0,0,0,0,1,0,0,0,0,0,0,0,0,0,0,0,1,0,0,0,0,0,0,0,0,0,0,1,0,0,0,0,0,0,0,0,0,0,0,0,0,0,0,0,6,1
E020924_35.8,13,19,4,6,13,35,20,42,37,17,22,26,18,9,1,17,8,40,35,37,11,6,20,25,12,15,22,22,14,10,31,25,25,23,22,18,16,15,12,26,26,4,17,8,13,5,13,3,878,127
E023445_1.7,2,0,0,0,0,1,0,0,0,0,0,0,0,0,0,0,0,0,2,0,0,0,0,0,0,0,1,0,0,0,0,0,0,0,0,0,0,0,0,1,0,0,0,0,0,0,0,0,7,4
E020924_26.9,29,52,18,29,25,82,36,76,83,29,47,36,30,19,11,33,10,68,89,57,28,8,36,38,37,19,47,53,27,13,47,42,44,29,36,29,14,18,18,31,26,4,34,21,22,8,30,2,1620,217
E006091_2.0,457,642,235,291,483,1237,0,1020,1241,301,684,558,0,291,87,770,215,980,1420,832,365,143,561,1,358,207,301,576,282,226,664,503,845,417,621,540,1,411,356,266,689,130,0,245,343,166,300,108,21369,2395
E006781_35.7,0,0,0,0,0,0,0,1,0,0,0,0,0,0,0,0,0,0,1,0,0,0,0,0,0,0,0,0,0,0,0,0,0,0,0,0,0,0,0,0,0,0,0,0,0,0,0,0,2,0
E020924_3.6,149,313,111,137,149,512,268,408,460,171,181,269,216,139,28,165,95,428,494,447,160,56,218,205,125,97,213,252,167,80,356,255,325,198,229,203,73,145,121,198,220,44,251,86,159,51,136,25,9788,1437
E003953_33.1,70,105,39,40,70,230,107,178,238,71,129,78,100,34,17,114,45,231,250,174,81,35,96,104,67,47,87,117,65,41,138,107,121,80,115,85,51,84,72,70,134,23,94,50,59,33,49,26,4451,765
E016426_34.9,98,112,45,74,88,301,120,179,251,58,136,109,99,34,16,163,46,175,280,159,87,25,108,132,70,35,82,89,67,34,162,88,170,64,120,128,67,61,73,44,145,33,86,52,41,38,57,31,4732,516
E006781_12.2,216,311,102,145,221,645,212,418,664,177,293,239,242,139,26,367,86,494,624,351,165,53,236,234,127,90,155,243,160,110,363,213,347,183,228,209,105,155,137,112,265,49,189,107,103,49,99,83,10541,821
E000823_24.3,18,34,8,12,19,65,21,46,57,21,41,29,23,9,3,20,13,46,66,41,23,8,27,27,16,16,24,27,14,10,47,32,30,18,27,20,12,14,13,18,41,2,15,14,19,4,14,4,1128,160
E021940_6.0,52,70,39,32,46,126,62,118,122,40,71,55,58,24,6,51,28,124,172,103,41,28,77,69,40,24,53,67,38,29,120,50,72,30,58,63,30,46,37,43,45,18,39,22,41,17,37,10,2643,300
E003188_6.5,789,945,374,433,706,2134,903,1408,1970,418,1163,877,828,386,108,1319,352,1642,2361,1400,664,176,939,1081,535,352,601,877,529,407,1206,797,1469,645,997,850,484,617,584,520,1108,210,712,417,515,285,486,175,38754,4341
E003188_34.0,410,722,228,334,387,1417,541,997,1349,305,660,639,496,319,72,699,262,1056,1401,1042,448,128,509,568,345,276,351,605,428,222,765,450,657,409,562,501,230,307,360,329,544,108,447,186,359,174,341,109,24054,2457
E005786_35.3,19,32,10,20,15,60,20,56,65,19,40,27,21,14,1,27,8,56,41,51,19,4,24,26,27,8,22,31,13,16,37,20,37,19,28,29,10,21,10,15,27,4,23,8,10,4,14,3,1111,138
E021235_35.8,26,56,15,21,37,71,47,91,69,17,42,39,26,25,5,33,19,61,97,55,26,18,38,27,18,11,23,46,22,17,52,46,38,11,47,33,20,22,33,25,34,2,31,21,25,11,20,4,1573,215
E010682_12.0,0,0,0,0,0,0,0,0,0,0,0,1,0,0,0,0,0,0,1,0,0,0,0,0,0,0,0,0,0,0,0,1,0,1,0,0,0,1,0,0,0,0,0,0,0,1,0,0,6,1
E001958_24.1,34,82,43,60,50,176,91,105,164,38,87,106,71,42,6,59,26,151,170,107,31,18,78,63,41,36,53,80,49,26,106,71,79,47,63,72,17,55,41,63,64,6,42,22,43,22,43,7,3006,466
E016273_35.1,3,5,1,1,2,2,2,5,12,1,4,1,1,1,1,5,0,3,6,2,4,0,3,1,4,0,1,1,0,0,4,4,2,2,3,1,0,3,1,0,0,1,2,1,2,3,0,2,103,13
E003953_7.0,126,72,58,65,83,333,113,289,428,69,175,160,68,105,13,181,55,257,229,171,110,58,191,107,41,22,87,62,186,56,159,141,212,57,146,96,43,74,67,109,151,25,79,83,70,50,50,26,5608,892
E004709_2.9,104,153,56,74,81,279,147,187,323,113,156,145,122,68,9,166,46,268,312,217,84,20,122,147,97,57,91,124,93,46,219,98,166,110,140,124,55,91,65,82,156,33,119,56,63,45,52,18,5599,508
E003953_3.8,60,64,25,25,33,182,61,111,148,43,76,57,48,22,12,68,15,118,129,112,46,17,53,73,37,27,50,61,28,34,74,58,68,49,67,75,28,49,27,28,80,10,52,34,28,13,35,9,2619,290
E004898_28.4,0,0,0,0,0,0,1,1,0,0,0,0,0,0,0,0,0,1,0,0,0,0,0,1,0,0,0,0,0,0,0,0,0,0,1,1,0,0,0,0,0,0,0,0,0,1,0,0,7,9
E000823_12.5,25,35,13,9,29,82,22,49,50,19,43,32,27,13,2,34,16,62,66,51,15,11,31,28,19,12,21,34,21,18,52,22,28,25,23,16,8,22,20,11,24,3,21,9,8,7,16,7,1211,201
E014086_36.0,5,1,0,1,0,1,0,1,0,0,0,0,1,0,0,0,0,0,0,0,0,0,2,1,0,0,0,0,0,0,2,1,1,0,2,1,0,1,1,1,0,0,0,0,0,0,0,0,23,11
E022497_23.7,3,0,0,1,0,1,1,0,2,0,0,1,0,0,0,1,0,1,0,0,0,0,0,0,0,0,0,0,0,0,0,0,1,1,1,0,0,0,0,0,2,0,0,0,1,0,0,0,17,5
E006781_1.9,677,942,375,466,520,1906,770,1405,1819,492,939,754,718,491,110,841,327,1345,1851,1287,609,264,804,873,494,379,502,712,510,318,1106,621,1063,541,763,799,383,512,557,458,850,190,716,291,420,290,483,191,33734,4384
E021822_2.6,2,8,2,2,4,7,1,8,8,2,4,6,3,1,1,5,4,16,14,16,8,2,6,6,1,0,3,9,2,4,8,2,8,1,1,0,4,2,0,3,5,2,6,4,3,3,4,0,211,24
E006091_34.2,9,21,7,4,11,38,0,28,36,8,19,9,0,7,0,12,6,17,38,26,11,2,6,0,5,7,1,4,6,14,23,5,13,8,14,13,0,3,12,4,12,2,0,9,5,4,8,3,490,62
E028794_1.7,2,8,29,1,1,58,0,4,0,0,0,32,0,2,0,0,0,3,337,11,54,5,0,0,0,4,194,30,0,10,0,6,1,1,0,32,0,0,0,69,0,0,0,37,0,11,0,0,942,3269
E001958_36.0,12,14,6,9,10,34,14,24,28,6,12,13,15,3,2,15,8,21,31,22,8,3,13,17,11,8,6,17,10,8,18,17,29,14,14,18,4,12,11,3,16,1,10,6,8,3,6,3,593,83
E021032_11.4,0,0,0,0,1,0,0,0,0,0,0,0,0,0,0,0,0,0,0,0,0,0,0,0,0,0,0,0,0,0,0,0,0,0,0,0,0,0,1,0,1,0,0,0,0,0,0,0,3,0
E012854_35.1,34,47,26,23,26,94,49,101,88,33,46,57,40,33,5,38,9,98,131,84,28,12,52,38,29,15,51,66,34,17,72,34,64,32,36,50,13,20,29,32,50,10,28,19,31,11,32,4,1971,299
E020570_23.8,5,25,15,11,6,22,15,22,20,7,5,18,10,9,1,13,3,19,30,19,4,2,12,19,1,7,7,18,13,7,18,13,17,6,21,7,4,4,5,12,8,1,16,4,9,5,12,2,529,87
E035134_34.8,26,16,15,22,20,34,26,35,36,14,11,26,18,16,2,34,16,47,45,31,12,13,27,27,17,4,14,25,15,7,37,31,41,17,29,22,7,12,20,14,23,3,11,10,23,14,5,0,970,116
E001958_11.8,3,1,0,2,0,0,1,0,0,2,1,0,0,2,0,1,0,2,2,1,0,0,2,0,1,0,3,0,0,0,0,1,2,0,3,0,0,1,0,0,0,0,2,0,0,0,0,0,33,8
E020570_1.9,2697,1727,694,868,906,3291,1393,2569,3301,929,1720,1526,1368,825,204,1588,581,2768,3304,2519,1106,329,1609,1656,933,723,1013,1608,1124,547,2229,1289,2104,1057,1599,1420,636,985,1025,918,947,293,1210,608,859,419,719,376,64119,6816
E005786_12.0,0,0,0,0,0,0,0,0,0,0,0,0,1,0,0,0,0,0,0,0,0,0,0,0,0,0,0,0,0,0,0,0,0,0,0,0,0,0,0,0,0,0,0,0,0,0,0,0,1,4
E003188_5.5,163,232,82,109,229,421,214,332,403,117,376,198,204,110,22,301,92,455,645,335,164,72,236,260,103,92,139,189,119,132,318,214,346,169,237,200,93,199,153,146,330,49,189,105,129,84,124,37,9668,1040
E014403_11.9,160,191,64,85,127,391,221,292,333,66,190,186,188,90,33,202,86,254,410,155,128,34,167,139,76,71,106,135,114,47,238,145,251,101,246,171,72,103,130,97,182,66,108,65,71,58,55,44,6944,1110
E028794_30.9,4,1,2,2,3,7,0,7,9,3,3,7,0,3,1,4,2,5,8,6,1,0,2,0,4,5,2,2,3,1,7,4,4,5,3,2,0,2,3,7,8,0,0,3,4,1,2,0,152,23
E016063_20.9,0,0,0,0,0,0,0,0,0,0,0,0,0,0,0,0,0,0,0,0,0,0,0,0,0,0,0,0,0,0,0,0,0,0,0,0,0,0,0,0,0,0,0,0,0,0,0,0,0,0
E021940_4.0,105,195,52,105,107,322,140,254,234,87,162,159,122,77,18,122,43,296,325,223,109,40,176,125,97,60,107,147,110,57,221,145,199,81,171,129,33,63,91,101,77,30,102,52,94,29,93,15,5902,893
E016273_11.8,1,0,0,1,0,0,0,1,1,0,0,0,0,0,0,0,0,0,1,0,0,0,1,0,1,0,0,1,0,0,0,0,0,0,0,0,1,0,0,0,0,0,0,0,0,0,0,0,9,0
E010581_6.1,3,0,0,1,0,1,0,0,0,0,0,0,1,0,0,0,0,2,0,0,0,0,1,0,1,1,2,0,0,0,0,1,0,0,0,1,0,0,0,0,0,0,0,0,0,1,0,0,16,4
E010581_24.0,0,0,0,0,0,0,0,0,0,0,0,0,0,0,0,0,0,0,0,0,0,0,0,0,0,0,0,0,0,0,0,0,0,0,0,0,0,0,0,0,0,0,0,0,0,0,0,0,0,0
E017497_34.2,21,0,19,13,15,68,15,38,62,23,35,27,4,13,1,38,15,49,67,60,16,10,41,10,19,12,33,21,11,8,53,25,35,19,37,29,7,0,16,17,23,7,5,13,20,6,19,4,1099,205
E006091_12.0,485,649,262,334,497,1510,1,1055,1557,426,749,681,1,370,77,695,228,1091,1567,1036,424,125,547,0,337,288,333,592,371,263,893,551,814,436,582,569,0,408,370,344,689,122,0,208,297,132,335,106,23407,1919
E010682_2.1,1,1,0,0,0,2,1,1,1,0,0,0,0,0,2,1,0,1,0,1,0,0,0,0,1,0,0,0,0,0,0,0,0,0,0,0,0,0,0,1,0,0,0,0,2,0,0,0,16,2
E007944_35.7,85,140,66,70,79,251,133,241,262,103,157,140,120,81,12,129,57,226,316,240,88,21,134,114,86,69,94,128,80,53,197,99,152,80,129,136,52,75,72,89,114,21,104,44,76,30,65,18,5328,766
E013505_2.1,23,30,12,20,31,61,33,52,65,13,34,35,32,17,5,40,15,59,74,41,17,10,39,30,18,14,32,28,18,12,47,34,55,22,21,31,14,23,19,16,50,7,30,14,25,3,25,5,1351,176
E003953_6.0,35,68,21,24,43,112,45,86,88,40,55,43,52,13,5,91,19,86,110,59,31,10,58,48,21,17,36,66,17,18,62,53,67,23,52,44,13,39,31,15,62,14,54,18,29,8,32,7,2040,203
E021822_28.9,383,483,188,270,296,1025,459,735,941,270,511,401,393,227,70,590,164,720,1011,693,306,80,406,517,245,206,273,444,294,150,647,337,661,346,521,421,230,286,274,213,490,99,423,177,259,134,196,140,18605,1829
E021822_5.9,743,1080,406,558,794,2387,1096,1726,2386,685,1062,1212,952,578,118,1557,366,1795,2287,1669,656,138,838,1174,497,427,676,934,670,380,1439,864,1455,662,1041,817,488,660,563,445,1034,190,751,351,507,258,479,294,42145,3112
E010481_2.1,0,0,0,0,0,0,0,0,0,0,0,0,0,0,0,0,0,0,0,0,0,0,0,0,0,0,0,0,0,0,0,0,0,0,0,0,0,0,0,0,0,0,0,0,0,0,0,0,0,5
E003953_9.1,7,4,1,2,6,14,7,19,13,2,10,6,3,6,0,8,2,4,23,10,5,2,5,9,1,0,3,13,6,3,12,5,8,9,6,10,1,3,2,8,8,0,6,5,3,1,6,0,287,33
E020924_1.8,6,15,4,2,9,11,7,25,22,6,16,5,10,3,0,9,6,9,30,14,6,10,7,10,6,4,5,12,11,3,23,10,17,7,19,8,8,13,5,10,14,2,8,5,5,2,9,0,448,83
E020924_6.8,466,711,309,397,494,1414,733,1135,1314,400,808,681,597,315,62,710,252,1123,1475,973,429,136,705,642,390,241,371,547,409,285,751,560,933,465,734,531,286,475,346,430,726,128,573,269,415,186,345,79,26756,2786
E003953_30.9,46,93,24,30,41,123,61,98,135,39,70,50,50,32,4,45,28,116,148,77,49,21,68,41,33,43,39,50,50,19,89,66,82,44,53,64,17,30,31,33,55,8,65,25,57,17,30,6,2495,360
E006781_24.2,7,12,7,2,7,18,13,8,21,6,6,9,6,2,0,5,5,21,26,16,6,2,5,6,5,8,5,8,1,3,11,7,13,8,9,14,5,5,7,5,4,0,1,4,6,4,4,0,353,57
E016063_22.8,0,0,0,0,0,1,0,0,0,0,0,1,0,0,0,0,0,0,0,0,0,0,0,1,0,0,0,0,0,0,0,0,0,0,0,0,0,0,0,0,0,0,0,0,0,0,0,0,3,0
E010481_23.6,19,20,5,22,11,40,24,48,39,12,17,19,12,7,3,32,9,44,55,36,9,4,24,27,13,11,13,27,13,4,36,21,31,15,23,19,4,12,17,9,31,5,24,9,14,6,11,4,910,115
E004628_1.8,0,0,0,0,0,0,0,0,0,0,0,0,0,0,0,1,0,0,0,0,0,0,0,0,0,0,0,0,0,0,0,0,0,0,0,0,0,0,0,0,0,0,0,0,0,0,0,0,1,1
E019763_23.7,90,159,70,88,67,244,118,234,223,69,131,132,111,65,11,123,56,243,334,194,79,32,125,85,96,69,105,138,89,47,180,119,156,111,155,91,39,69,68,94,179,26,105,46,90,35,82,15,5287,763
E014403_2.2,0,0,0,0,0,1,1,1,0,0,0,0,0,0,0,0,0,1,0,1,0,0,0,0,0,0,0,0,0,0,0,0,0,1,0,0,0,0,0,0,0,0,0,1,0,0,0,0,7,2
E019092_23.6,31,42,27,23,38,117,54,82,112,32,56,50,44,32,8,69,22,110,149,91,27,12,46,43,34,23,41,48,38,22,56,41,66,22,45,55,17,26,24,37,44,12,65,25,25,15,24,16,2138,267
E021940_28.6,3,1,0,3,0,0,1,2,1,1,0,0,0,1,0,0,0,1,1,0,0,1,0,0,0,2,1,0,0,0,1,2,0,0,3,0,0,0,0,0,1,0,1,0,0,0,0,0,27,10
E021032_14.5,6,0,0,2,1,1,1,1,0,0,0,0,0,0,0,0,0,1,1,1,0,0,0,0,1,0,1,0,1,0,0,0,1,1,0,0,0,0,0,0,1,0,0,0,0,1,0,1,23,3
E035134_23.8,44,64,19,22,30,102,59,100,94,27,54,45,38,39,3,40,28,102,112,90,24,10,42,49,36,32,21,75,41,12,68,45,71,46,47,51,20,32,41,46,30,5,29,19,35,12,27,6,2084,351
E021235_22.4,172,253,89,102,150,509,213,381,505,112,244,237,231,110,25,321,91,380,494,354,108,44,166,225,104,82,177,234,145,98,273,162,316,142,241,178,95,142,141,104,223,35,163,85,99,40,82,29,8906,800
E007944_5.7,211,241,76,120,130,518,208,348,467,125,192,226,175,119,31,208,80,361,455,325,170,43,168,229,96,76,120,161,99,76,279,134,295,163,252,162,96,134,126,109,237,59,212,81,110,56,97,44,8500,1009
E003188_8.4,758,1186,449,482,964,2478,1068,1766,2492,609,1267,1128,950,632,108,1628,410,2107,2641,1719,692,167,1013,1124,555,418,663,1076,734,494,1630,947,1659,697,1220,891,548,678,599,580,1144,204,782,400,556,281,546,187,45327,4441
E007944_24.2,638,888,382,399,625,1912,815,1372,1691,494,1075,694,672,401,108,972,291,1370,2213,1114,520,242,837,916,464,330,508,796,536,375,1101,796,1297,564,963,733,394,652,384,437,1086,198,612,337,404,287,500,117,34512,4393
E032966_11.8,4,0,0,3,0,2,0,1,1,0,2,0,1,0,0,1,0,2,0,1,0,0,0,0,1,0,2,1,0,2,0,0,0,0,0,1,0,1,0,0,2,0,0,0,1,0,0,0,29,56
E021940_26.9,0,0,0,0,0,0,1,0,1,0,0,0,0,0,0,0,0,0,2,0,0,0,1,0,0,0,0,0,0,0,0,0,1,0,1,0,0,0,0,0,0,0,0,0,0,0,0,0,7,10
E028794_28.2,2,4,0,4,2,11,1,9,8,5,4,13,0,3,0,5,1,8,14,6,4,1,6,0,5,1,6,3,2,0,11,9,10,4,3,4,0,2,0,2,6,1,0,4,5,2,1,0,192,23
E003953_23.8,134,150,71,87,129,449,198,284,385,90,219,177,166,94,25,246,49,269,434,258,94,30,140,211,113,58,126,160,110,81,208,121,228,137,187,139,88,124,106,93,206,40,129,67,87,51,91,35,7174,667
E021940_29.9,3,0,0,3,0,0,0,0,0,0,0,0,0,0,0,0,0,0,0,0,0,0,0,0,0,0,0,0,1,0,0,0,0,1,0,0,0,0,0,0,0,0,0,0,0,0,0,0,8,7
E020570_34.8,18,29,16,9,20,32,27,20,50,13,18,21,11,5,2,16,8,39,42,26,7,0,18,13,5,8,15,17,11,10,28,19,29,8,24,16,10,12,10,12,19,1,20,4,7,5,12,9,771,85
E013505_11.0,36,65,21,30,49,111,37,111,91,43,51,62,44,35,3,39,30,109,138,78,42,6,55,53,37,17,34,42,33,15,88,55,72,28,48,51,19,39,44,39,64,18,42,22,29,13,33,9,2230,285
E019092_12.4,474,1007,381,469,648,1738,930,1695,1707,691,993,917,771,542,83,846,300,1639,2196,1399,545,195,911,887,515,381,681,882,667,373,1265,839,1054,549,836,642,256,438,474,584,906,143,822,300,584,172,572,160,36059,5128
E007944_1.7,4,0,0,2,0,1,0,0,0,0,0,0,0,0,0,0,0,1,0,2,0,0,0,0,0,0,0,0,0,0,0,0,0,0,0,0,0,1,0,0,0,0,0,0,0,0,0,0,11,1
E005786_11.1,0,0,0,1,0,0,0,0,0,0,0,0,0,0,0,0,0,0,0,0,0,0,0,1,0,0,0,0,0,0,0,0,0,0,0,0,0,0,0,0,0,0,0,1,0,0,0,0,3,0
E003953_2.3,78,101,39,35,90,189,82,128,198,72,106,75,77,33,11,95,37,137,222,140,78,14,86,106,47,31,66,89,38,43,121,78,124,50,95,75,41,59,44,34,94,13,62,38,55,28,30,8,3592,313
E023445_11.7,3,0,1,1,0,4,3,2,0,0,1,2,0,0,0,0,0,1,1,0,0,0,0,0,0,0,0,0,0,0,2,1,0,0,0,0,0,0,0,1,3,0,1,0,1,0,1,0,29,12
E010682_34.6,0,4,2,0,12,4,11,1,1,0,0,2,2,0,0,0,0,0,29,1,1,0,0,7,1,0,9,2,0,0,0,0,0,0,3,3,11,0,0,3,0,0,5,1,0,0,7,0,122,242
E013505_10.1,35,50,15,27,29,65,37,61,59,29,51,26,37,11,0,34,26,68,106,56,37,9,41,33,29,15,25,44,20,24,53,53,51,31,46,32,21,22,20,23,48,1,34,19,27,11,15,1,1607,171
E019763_5.6,2,0,0,2,0,1,1,0,0,0,0,0,0,0,0,0,0,0,1,3,0,0,1,0,0,0,0,0,0,0,0,0,1,0,1,0,0,0,0,0,0,0,0,0,0,0,0,0,13,0
E020924_5.5,248,519,220,202,362,815,544,760,925,237,618,440,456,204,35,531,135,749,1216,747,224,88,451,513,217,133,245,361,155,258,510,451,657,276,456,345,220,337,261,258,507,73,343,190,211,94,279,46,18122,1503
E020924_10.4,484,755,307,322,522,1612,642,1055,1506,384,682,716,545,327,87,820,241,1015,1454,990,358,97,525,677,334,196,384,609,355,259,828,545,880,459,620,544,273,435,369,293,636,119,509,250,279,172,269,101,25841,2832
E021940_2.0,330,479,174,207,313,859,342,686,733,283,411,358,332,201,30,430,168,666,924,646,277,109,420,388,251,165,273,433,254,157,560,335,524,264,418,381,178,257,224,193,249,78,293,168,218,134,220,70,16063,1939
E023445_35.7,3,0,0,1,0,0,1,3,0,0,0,0,0,0,0,0,0,1,0,1,0,0,2,1,0,0,2,0,0,1,0,2,1,0,0,0,0,0,0,0,0,0,0,0,2,0,1,0,22,4
E021822_3.3,3,3,1,1,2,8,1,3,12,2,0,2,3,2,0,5,1,1,3,4,1,1,4,2,0,2,1,1,1,1,6,1,5,0,1,0,2,0,0,7,3,0,3,1,0,2,1,0,103,17
E016063_2.4,3,0,0,0,0,2,1,2,1,0,1,0,1,1,0,0,0,2,1,1,0,0,0,1,1,0,2,0,0,1,0,0,0,1,3,0,1,0,0,0,0,0,0,1,2,0,0,0,29,4
E021940_4.9,154,263,90,132,162,484,233,423,405,151,245,238,206,112,28,249,80,386,487,351,163,61,247,219,130,103,159,208,128,84,301,190,270,159,268,190,79,129,105,163,131,34,188,73,138,78,123,26,9026,1097
E032966_23.9,538,721,298,318,426,1432,614,1018,1361,315,623,664,512,274,81,754,229,973,1434,916,360,116,580,666,296,278,375,583,422,241,810,481,861,903,639,565,298,420,385,326,643,123,524,260,322,173,275,96,25522,2696
E020924_11.9,29,47,23,24,27,86,43,74,70,25,38,45,36,21,2,31,10,76,92,45,36,7,41,32,16,16,28,43,21,21,45,31,40,34,40,28,17,23,18,30,43,6,25,19,31,12,28,2,1577,222
E020570_11.8,24,34,17,20,19,73,32,53,59,30,33,52,32,20,6,42,13,73,74,47,20,13,38,38,21,11,18,42,24,7,52,32,44,22,41,23,11,18,14,22,22,3,22,21,12,7,21,10,1382,190
E003188_7.6,0,0,0,0,0,0,0,0,0,0,0,0,0,0,0,0,0,1,0,0,0,0,0,0,0,0,0,0,0,0,0,0,0,0,0,0,0,0,0,0,0,0,0,0,0,0,0,0,1,0
E011878_23.6,1,1,1,2,0,5,2,5,3,0,1,3,1,0,0,3,0,1,5,3,0,0,5,3,2,1,5,0,4,0,2,2,3,1,1,3,2,0,2,1,1,0,1,0,3,0,0,0,79,18
E010481_35.1,23,28,10,19,13,62,23,44,58,11,31,18,17,18,4,26,7,43,65,44,13,10,21,29,13,11,16,25,23,18,41,30,21,17,27,25,4,16,16,22,17,9,19,13,14,6,9,3,1052,160
E021940_6.9,7,11,3,5,13,30,12,33,28,9,17,15,16,7,0,23,3,27,28,13,4,3,11,19,10,4,8,11,5,6,11,11,23,11,8,6,3,10,9,3,6,7,9,7,7,4,10,1,527,62
E019092_9.3,5,0,1,2,1,0,0,3,0,0,0,0,0,0,0,1,0,0,2,0,1,0,0,1,0,0,1,0,1,0,4,3,1,0,2,0,1,0,0,0,0,0,0,0,1,0,0,0,31,3
E017497_24.3,11,0,5,3,13,36,14,30,39,16,25,21,6,14,1,34,9,44,45,40,9,5,29,8,7,4,12,10,13,7,20,27,27,9,15,9,4,0,15,10,13,5,7,11,12,5,8,5,712,154
E021940_23.7,1,0,0,1,1,1,0,0,1,0,0,0,1,0,0,0,0,1,0,0,0,0,0,0,1,0,0,0,0,0,1,0,0,0,1,0,0,0,0,0,0,0,0,0,0,0,0,0,10,4
E004709_35.3,12,7,2,5,7,25,14,13,27,4,11,8,12,4,0,11,1,33,23,20,8,6,9,14,5,9,8,3,1,4,16,9,21,6,10,9,7,12,5,10,14,2,7,6,12,3,7,1,463,70
E013094_13.2,93,155,62,66,153,459,177,281,397,96,215,151,143,86,29,252,57,285,428,215,124,27,158,180,85,65,118,132,128,80,227,139,278,98,184,118,87,128,79,74,205,34,147,53,86,49,85,22,6990,611
E003953_35.3,17,22,4,21,9,29,19,34,29,14,16,20,9,11,1,17,9,31,37,37,12,6,21,14,13,13,14,11,14,4,21,19,19,7,24,11,6,17,12,19,16,2,14,6,8,4,13,1,727,103
E018286_10.1,4,3,0,1,1,2,1,2,0,4,0,0,0,0,0,1,2,2,0,0,0,0,1,1,1,0,1,0,1,0,0,0,0,1,3,0,0,0,0,0,0,0,0,0,1,0,0,0,33,7
E010481_12.0,39,61,25,22,32,105,39,93,106,29,48,51,51,28,4,40,21,95,145,80,29,17,41,45,37,26,36,43,41,21,83,63,61,23,66,47,9,29,21,30,65,14,36,18,28,11,24,10,2088,307
E020924_30.8,44,72,27,33,42,124,68,143,116,30,88,66,64,31,2,46,26,94,173,110,40,14,62,65,30,28,63,60,33,28,93,81,71,38,61,60,25,30,30,42,69,4,62,28,46,19,39,12,2632,440
E021822_4.1,27,41,15,25,21,98,52,65,69,30,37,35,40,21,4,32,10,74,105,61,31,8,40,45,19,22,26,27,33,17,58,36,52,31,39,29,10,20,23,25,36,3,34,10,23,11,36,10,1616,229
E016063_11.5,7,0,0,2,1,1,0,2,1,0,0,0,0,0,0,0,0,1,0,1,0,0,2,0,1,0,0,1,0,0,1,1,1,0,0,1,0,1,1,0,1,0,0,1,2,0,0,0,30,4
E018286_13.1,372,701,227,291,276,1093,521,901,1049,326,632,572,522,266,44,465,198,945,1296,752,310,103,518,477,258,273,409,539,333,201,811,568,661,401,495,423,138,290,290,387,538,67,341,193,347,141,216,40,21217,2860
E003953_34.2,16,37,23,19,28,73,31,58,49,29,44,22,24,12,1,36,13,58,68,39,31,12,33,35,25,24,16,44,10,10,37,37,35,20,39,22,8,15,12,31,34,3,21,16,30,7,31,3,1321,203
E014086_12.0,4,0,0,0,0,0,0,1,0,0,0,0,0,0,0,0,0,1,0,1,0,0,0,0,0,0,0,0,0,0,1,0,0,0,1,0,0,0,0,0,1,0,0,0,0,0,0,0,10,5
E021032_5.4,2,0,0,1,0,0,0,0,0,0,0,1,0,0,0,0,0,0,1,0,0,1,0,0,1,1,2,0,0,0,1,3,0,0,0,0,0,0,1,3,0,0,0,0,1,0,0,0,19,5
E028794_27.3,1,0,0,0,0,0,0,1,1,0,0,0,0,1,0,0,0,0,0,2,0,0,0,0,0,0,0,1,0,0,1,0,0,1,0,0,0,0,0,0,0,0,0,3,0,0,0,0,12,3
E028794_11.7,0,1,7,1,0,5,0,0,0,0,0,5,0,0,0,0,0,0,34,1,2,1,0,0,0,0,26,2,0,0,0,1,0,0,0,2,0,0,0,3,1,0,0,3,0,0,1,0,96,317
E000823_35.0,33,54,18,23,35,118,47,81,118,26,44,59,33,33,4,67,18,101,114,59,28,11,40,66,18,23,43,50,32,20,88,54,60,41,60,34,26,28,30,21,47,4,32,16,24,7,25,16,2029,157
E006493_35.8,19,31,16,8,25,68,27,49,71,17,35,25,26,11,8,43,15,63,110,34,18,0,25,28,24,8,9,36,30,5,35,36,36,22,35,33,16,17,20,14,21,7,20,9,23,10,21,10,1269,116
E018286_11.1,5,0,0,1,0,0,0,2,1,0,0,0,0,1,0,0,0,2,1,2,0,0,1,0,1,1,2,2,0,1,2,0,1,0,2,2,0,2,0,0,0,0,0,0,2,0,0,0,34,10
E006493_1.7,113,182,67,82,116,296,155,265,257,107,159,161,125,75,5,173,53,374,388,231,101,37,172,137,105,78,138,184,90,72,224,174,194,131,182,129,59,87,84,161,184,24,105,73,109,44,97,11,6570,939
E019763_1.5,0,0,0,0,0,0,0,1,0,0,0,0,0,0,0,0,0,0,0,0,0,0,0,0,0,0,0,0,0,0,0,0,0,0,0,0,0,0,0,0,0,0,0,0,0,0,0,0,1,0
E010481_34.0,4,9,1,2,2,6,8,5,10,1,7,3,6,0,0,5,2,8,14,13,2,1,3,9,5,1,5,4,7,7,12,4,1,2,6,3,1,1,1,3,4,0,7,2,2,2,6,1,208,40
E003953_5.0,78,80,43,54,84,208,96,142,190,49,118,99,101,34,12,126,31,139,280,137,61,17,62,127,56,31,58,86,52,39,112,103,133,80,122,73,39,78,84,36,120,15,103,28,54,22,47,9,3948,392
E016426_23.7,568,705,290,315,623,1547,679,1091,1537,404,757,652,570,326,74,1019,270,1232,1703,1056,446,143,574,801,354,205,461,723,447,306,957,564,1042,511,689,623,327,505,403,320,824,146,477,245,366,177,339,215,28608,2628
E018286_24.2,527,839,330,394,572,1850,840,1368,1722,389,938,801,682,378,89,829,270,1399,2043,1293,384,151,667,731,422,333,563,689,433,354,934,631,1006,520,801,666,292,520,415,379,820,150,631,282,416,184,381,101,31409,2431
E010481_29.8,19,16,14,14,8,55,20,44,56,6,15,28,15,6,1,37,4,40,67,54,6,5,24,28,22,7,18,19,20,14,23,26,32,20,24,15,15,13,6,20,22,4,15,13,9,8,7,5,959,121
E014403_35.2,29,56,22,31,36,112,48,71,120,34,46,37,29,21,6,58,10,65,107,67,26,8,48,45,24,13,31,41,30,16,47,35,39,39,33,51,20,25,25,17,45,9,24,19,21,6,20,12,1774,194
E012854_12.1,2,6,1,2,2,3,3,7,7,0,4,6,0,5,0,4,0,2,10,4,0,0,2,4,0,0,1,7,2,3,4,2,3,3,3,3,0,4,1,2,4,1,1,0,1,2,8,1,130,32
E021032_35.6,227,294,126,179,239,709,361,516,727,188,288,326,275,151,29,398,128,514,747,477,177,38,250,317,145,120,206,312,239,107,404,227,407,203,286,231,140,203,163,168,292,53,252,85,126,83,109,54,12296,902
E004898_5.7,109,145,48,59,89,321,137,195,267,86,140,128,97,87,17,199,41,182,247,178,86,17,111,140,78,50,71,125,92,33,177,105,150,99,114,88,39,84,64,62,117,25,77,42,65,22,49,11,4965,534
E019763_10.5,30,18,12,3,12,45,31,46,60,12,34,21,15,17,2,23,14,35,72,34,9,9,22,17,15,14,15,27,19,6,24,26,36,18,20,20,10,15,9,24,33,2,18,10,11,7,16,0,988,114
E004628_7.2,0,0,1,0,0,0,0,0,0,0,0,0,0,0,0,0,0,0,0,0,0,0,0,0,0,0,0,0,0,0,0,0,0,0,0,0,0,0,1,0,0,0,0,0,0,0,0,0,2,0
E004709_12.0,42,83,29,29,61,151,41,90,176,45,88,70,49,26,13,95,19,116,184,85,36,11,48,73,38,30,45,57,42,24,83,53,91,41,77,54,27,43,42,27,104,16,41,24,28,21,38,6,2712,269
E018286_12.2,184,361,134,178,150,578,260,518,547,141,297,367,214,137,19,170,102,461,643,453,159,76,291,248,161,121,161,253,217,102,375,253,296,145,292,253,83,154,110,246,227,55,240,114,204,63,169,22,11004,1694
E016063_34.8,0,0,0,0,0,0,0,0,0,1,1,0,0,0,0,1,0,0,0,1,0,0,0,0,0,0,0,0,0,0,0,0,1,0,1,0,0,0,0,0,0,0,0,0,0,0,0,0,6,2
E013505_34.6,47,65,23,28,49,120,69,102,118,36,55,52,46,30,8,53,17,102,152,112,50,10,55,76,31,14,38,69,42,26,70,44,77,44,56,58,22,47,29,34,45,8,61,15,38,20,40,10,2413,253
E010481_30.9,28,34,10,21,30,89,31,47,92,14,31,30,26,16,6,40,6,54,71,59,28,5,19,41,15,14,16,28,16,6,32,22,45,20,13,17,8,23,20,17,20,5,33,11,14,7,13,2,1245,215
E001958_2.0,5,0,0,1,0,0,0,1,1,0,0,2,0,0,0,1,0,2,1,2,0,0,0,0,2,0,0,0,0,0,0,0,0,0,2,0,0,0,1,1,1,0,1,0,0,0,0,0,24,7
E017497_2.3,99,0,61,113,113,307,85,186,346,123,192,197,15,62,13,171,56,284,293,241,100,29,112,56,92,60,110,108,123,61,243,162,145,73,120,109,29,0,95,92,86,16,58,65,71,32,83,17,5304,1070
E013094_1.5,0,0,0,1,0,0,0,0,0,0,0,0,0,0,0,0,0,0,0,0,0,0,0,0,0,0,0,0,0,0,0,0,0,0,0,0,0,0,0,0,0,0,1,0,0,0,0,0,2,1
E014086_24.5,1,0,1,1,0,0,0,0,1,0,0,0,0,0,0,0,0,1,1,0,0,0,0,0,1,0,0,0,0,0,0,0,0,0,0,0,0,0,0,0,0,0,0,0,0,0,0,0,7,5
E017497_12.3,11,0,14,11,22,62,18,46,44,18,49,21,8,15,5,58,14,38,93,35,40,5,37,15,18,13,18,30,34,7,52,23,58,25,40,16,18,0,26,18,20,1,14,11,10,15,23,7,1176,259
E021940_24.9,1,0,0,2,0,0,0,0,0,0,0,0,0,0,0,0,0,0,0,1,0,0,0,0,0,0,1,0,1,0,0,0,0,0,0,0,0,0,1,0,0,0,0,0,0,0,0,0,7,11
E005786_8.1,0,0,0,0,0,0,0,0,0,0,0,0,0,0,0,0,0,0,0,0,0,0,0,0,0,0,0,0,0,0,0,0,0,0,0,0,0,0,0,0,0,0,0,0,0,0,0,0,0,0
E020924_8.1,0,1,0,0,0,0,0,0,0,0,0,0,1,0,0,0,0,0,0,0,0,0,0,0,0,0,0,0,0,0,0,1,1,0,0,0,0,0,0,0,1,0,0,0,0,0,0,0,5,0
E021032_2.2,1,0,0,0,0,1,0,0,0,0,1,0,0,0,0,0,0,0,1,0,0,0,0,0,1,0,0,0,0,0,1,1,0,0,0,0,1,0,0,0,0,0,0,0,0,0,0,0,8,2
E010481_35.8,32,48,25,18,28,101,49,77,107,17,54,45,42,16,11,46,22,72,105,67,30,11,54,39,22,15,36,50,24,18,73,33,61,24,41,24,16,23,20,23,47,7,21,14,31,8,17,8,1772,177
E012854_24.1,40,57,15,31,22,120,54,77,106,37,43,80,49,38,5,47,18,88,108,72,15,18,49,53,32,28,35,38,32,18,73,49,68,32,50,36,11,22,31,49,42,10,33,19,37,14,24,3,2028,312
E004898_2.6,0,1,0,1,0,0,1,1,1,0,1,0,0,0,0,0,0,1,0,1,0,0,0,0,0,0,0,0,0,0,0,0,0,0,1,0,0,0,0,0,1,0,0,0,0,0,0,0,10,36
E035134_11.8,20,24,15,12,16,51,30,44,51,11,31,20,25,16,3,33,12,35,67,50,13,5,16,18,13,7,17,17,30,10,31,22,26,17,40,20,9,15,23,20,16,6,16,7,18,7,12,5,1022,136
E004628_24.5,71,96,33,55,53,159,74,139,174,72,98,80,65,58,11,78,44,122,187,96,68,20,91,76,57,40,62,67,59,24,115,55,91,39,78,43,25,44,67,56,94,12,60,44,31,15,54,9,3261,380
E021940_34.5,3,0,1,1,0,0,0,2,1,0,0,0,0,0,0,0,0,3,2,0,0,0,0,0,1,0,2,1,0,1,1,0,0,0,1,1,0,0,0,1,0,0,0,0,0,0,0,0,22,9
E005786_9.1,0,0,0,0,0,0,0,0,0,0,0,0,0,0,0,0,0,0,0,1,0,0,0,0,0,0,0,0,0,0,0,0,0,0,1,0,0,0,0,0,0,0,0,0,0,0,0,0,2,2
E018286_36.3,327,403,166,188,256,860,369,590,866,189,413,406,337,164,54,504,122,623,839,617,198,57,340,414,175,149,245,349,180,159,519,284,488,267,350,329,183,233,200,171,381,56,287,156,183,90,171,67,14974,1452
E019092_8.2,0,0,0,0,0,0,0,0,0,0,0,0,0,0,0,0,0,0,0,0,0,0,0,0,1,0,0,0,0,0,1,1,0,0,0,0,0,0,0,0,0,0,0,0,0,0,0,0,3,0
E004628_10.1,1,1,1,1,0,0,0,0,0,0,0,0,1,0,0,0,0,0,0,0,0,0,0,1,0,0,3,0,0,0,0,0,0,0,0,0,0,1,0,0,0,0,2,0,1,0,0,0,13,4
E024907_35.0,18,14,8,4,12,27,9,20,24,8,16,10,8,6,1,20,2,24,29,12,16,4,19,14,4,7,7,6,8,4,28,11,29,13,11,12,3,21,5,2,12,1,8,3,8,6,12,5,551,60
E020924_9.4,466,768,308,359,355,1339,626,1041,1227,373,599,589,510,349,75,651,246,1024,1250,887,378,132,581,635,351,271,452,528,344,197,752,515,749,422,655,495,240,352,351,365,617,111,488,236,352,153,313,60,24137,2740
E004628_8.3,0,0,0,0,0,1,0,0,0,0,0,0,0,0,0,0,0,0,0,0,0,0,0,0,0,0,0,0,0,0,0,0,1,0,0,0,0,0,0,0,0,0,0,0,0,0,0,0,2,0
E006493_6.0,0,0,0,0,0,0,0,0,0,0,0,0,0,0,0,0,0,0,0,0,0,0,0,0,0,0,0,0,0,0,0,0,0,0,0,0,0,0,0,0,0,0,0,0,0,0,0,0,0,0
E028794_35.4,10,23,8,16,8,36,11,26,29,16,20,20,7,14,2,26,9,35,45,28,10,2,17,10,4,4,15,12,11,5,20,5,28,8,19,9,0,12,3,10,10,3,4,8,9,5,4,3,639,94
E004628_35.5,8,5,4,4,4,13,2,12,9,3,11,8,4,4,0,7,1,7,14,10,3,3,2,6,10,5,3,4,5,2,3,2,7,4,5,4,0,1,1,3,8,0,3,2,3,0,2,1,222,27
E006493_12.1,175,222,99,113,175,555,216,400,476,143,227,243,170,112,23,384,84,358,424,353,131,24,185,246,103,89,132,203,124,55,313,174,361,135,235,184,83,134,151,96,269,50,138,42,106,41,88,32,8876,840
E022497_2.3,1,0,0,0,0,0,0,0,0,0,0,0,0,0,0,0,0,0,1,0,0,0,0,0,0,0,0,0,0,0,0,0,0,0,0,0,0,0,0,0,2,0,0,0,0,0,0,0,4,4
E003188_9.7,483,629,242,319,405,1219,570,1097,1108,257,712,512,536,316,72,623,254,1097,1512,996,438,149,653,605,343,278,420,654,442,255,855,563,846,405,669,523,244,405,370,355,745,108,490,257,383,166,339,73,24992,2826
E018286_6.0,10,0,0,3,0,1,0,3,0,1,0,0,1,0,1,0,0,2,0,0,0,0,1,1,0,0,0,1,0,0,0,1,0,0,0,0,0,0,0,0,0,0,0,0,0,0,0,0,26,6
E021822_26.5,695,1066,454,507,780,2261,969,1765,2252,612,1114,1029,987,482,126,1226,330,1829,2368,1594,742,209,895,1051,618,408,669,936,667,435,1498,904,1372,624,1199,918,453,660,590,539,1104,195,832,369,640,293,571,252,42089,3891
E003953_30.5,32,35,18,30,33,88,37,74,78,31,54,46,31,27,10,50,24,61,91,62,27,9,37,47,22,27,35,72,26,19,77,39,69,31,36,34,12,21,23,28,56,4,45,15,31,9,28,10,1801,216
E004898_12.6,0,0,0,1,0,0,0,0,0,0,0,0,0,0,0,0,0,0,0,0,1,0,0,0,0,0,0,0,0,0,0,0,0,0,0,0,0,0,0,0,0,0,0,0,0,0,0,0,2,3
E011878_35.8,4,5,7,4,6,16,10,8,12,5,9,6,4,2,1,7,1,17,8,8,6,0,9,7,7,3,3,7,1,5,5,7,8,1,4,7,3,7,2,4,6,1,2,1,1,3,1,0,251,53
E024907_24.0,0,0,0,0,0,0,0,0,0,0,0,0,0,0,0,0,0,0,0,0,0,0,0,0,0,0,0,0,0,0,0,0,0,0,0,0,1,0,0,0,0,0,0,0,0,0,0,0,1,13
E003953_8.4,0,0,0,0,0,0,0,0,0,0,0,2,0,0,0,0,0,0,1,0,0,0,0,0,0,0,0,0,0,0,0,0,0,0,0,0,0,0,0,0,0,0,0,0,0,0,1,0,4,1
E018286_2.2,2,0,0,1,0,2,0,1,0,1,0,2,0,0,0,0,0,0,0,1,0,0,1,0,0,0,1,0,0,0,0,1,1,0,0,0,0,0,0,0,0,0,0,0,0,0,0,1,15,8
E035134_2.9,21,40,21,15,22,72,29,49,58,14,43,25,23,17,4,28,10,62,80,45,21,6,32,27,17,9,14,31,24,11,40,28,35,18,33,22,11,6,15,24,17,4,25,9,11,6,13,6,1193,181
E012854_1.9,584,777,311,346,536,1699,816,1090,1692,457,806,699,740,350,101,1029,293,1191,1736,1113,509,112,721,799,401,288,471,709,424,286,1019,584,1052,572,809,652,349,488,447,357,844,169,610,309,352,163,350,234,30446,2881
E006091_23.5,45,68,14,37,50,153,0,103,167,44,91,48,0,39,14,71,27,117,181,93,42,15,63,0,37,29,29,69,65,27,72,57,101,50,67,61,0,40,70,35,80,19,1,32,44,15,38,10,2530,272
E016426_11.4,0,0,0,0,0,0,0,0,0,0,0,0,0,0,0,0,0,0,0,0,0,0,0,0,0,0,0,0,0,0,0,0,0,0,0,0,0,0,0,0,2,0,0,0,0,0,0,0,2,1
E021822_24.6,571,980,368,460,678,1853,927,1552,1972,568,914,1002,687,530,121,1075,347,1656,2050,1483,513,149,690,872,470,375,554,848,543,305,1271,688,1128,546,893,778,361,567,491,443,849,162,720,287,438,198,452,211,35596,2912
E016063_23.0,2,2,0,3,0,2,0,0,0,1,0,0,2,0,0,0,0,0,0,0,0,0,0,0,1,0,0,0,0,0,0,0,0,0,0,0,0,0,0,0,0,0,0,0,0,0,0,0,13,3
E000823_1.8,1,0,1,0,3,1,4,3,3,1,1,5,0,2,0,2,1,3,5,4,1,0,2,1,0,1,1,1,2,1,0,1,2,1,0,1,1,3,1,1,4,0,2,1,1,0,2,0,71,10
E010581_1.7,3,0,1,0,0,0,1,3,0,0,0,2,1,1,0,0,0,1,0,0,0,0,0,0,3,0,2,0,0,0,1,0,0,0,0,0,0,0,0,1,0,0,0,0,0,0,0,0,20,6
E003188_1.5,185,363,133,157,208,531,257,544,512,159,324,308,280,196,18,265,125,669,690,512,206,69,338,256,178,145,232,313,211,90,444,308,387,193,277,236,62,171,127,234,274,45,188,121,244,62,143,41,12031,1759
